budget,trial,comparison,gain
5,0,EXP010,0.033788277590598326
5,1,EXP010,0.06390279434691526
5,2,EXP010,0.059471539352788705
5,3,EXP010,0.07344975509251295
5,4,EXP010,0.1554683403897285
5,5,EXP010,0.1498931905464671
5,6,EXP010,0.04045138340743604
5,7,EXP010,0.030513642856128564
5,8,EXP010,0.07416541787977304
5,9,EXP010,0.06355699610667709
5,10,EXP010,0.1341037740227432
5,11,EXP010,0.07347273686614075
5,12,EXP010,0.05784696841382453
5,13,EXP010,0.081911831686726
5,14,EXP010,0.05879533757698463
5,15,EXP010,0.043532490371872234
5,16,EXP010,0.13680736983609398
5,17,EXP010,0.11375310081909495
5,18,EXP010,0.05744343046606415
5,19,EXP010,0.14907643697672412
5,20,EXP010,0.06237047667479945
5,21,EXP010,0.042321299004561275
5,22,EXP010,0.046203916684091295
5,23,EXP010,0.07769563127800949
5,24,EXP010,0.0653245920896055
5,25,EXP010,0.05687698626339699
5,26,EXP010,0.08285791622670524
5,27,EXP010,0.04433675109362578
5,28,EXP010,0.1000630004932852
5,29,EXP010,0.07500314429207289
5,30,EXP010,0.09056567154906447
5,31,EXP010,0.06050658690457544
5,32,EXP010,0.17224056147876765
5,33,EXP010,0.10670444377374144
5,34,EXP010,0.15930310208102583
5,35,EXP010,0.05606542926254365
5,36,EXP010,0.0872956679644703
5,37,EXP010,0.09872490385695587
5,38,EXP010,0.0741405397856073
5,39,EXP010,0.05695618623842991
5,40,EXP010,0.06804852724782096
5,41,EXP010,0.06384826800953369
5,42,EXP010,0.016344553176891097
5,43,EXP010,0.07151827962004143
5,44,EXP010,0.10196685002286099
5,45,EXP010,0.06225878696876663
5,46,EXP010,0.12538151692289
5,47,EXP010,0.10593195704405645
5,48,EXP010,0.10089136561726375
5,49,EXP010,0.0712979290116581
5,50,EXP010,0.13012813944766605
5,51,EXP010,0.050929581129224966
5,52,EXP010,0.0567574133945582
5,53,EXP010,0.039705846063751826
5,54,EXP010,0.10222822290246114
5,55,EXP010,0.06034448595085118
5,56,EXP010,0.036480505859420864
5,57,EXP010,0.08194056282964546
5,58,EXP010,0.05976689459043083
5,59,EXP010,0.07523536183864654
5,60,EXP010,0.05718337213023317
5,61,EXP010,0.07934152649121784
5,62,EXP010,0.07274013580829386
5,63,EXP010,0.07236007881690643
5,64,EXP010,0.07259578799984157
5,65,EXP010,0.05772024068224957
5,66,EXP010,0.17952858832346308
5,67,EXP010,0.08446450153437102
5,68,EXP010,0.08455154449739588
5,69,EXP010,0.07601467731139178
5,70,EXP010,0.0662163134972269
5,71,EXP010,0.06202426211361256
5,72,EXP010,0.07726887478398536
5,73,EXP010,0.13001638421479034
5,74,EXP010,0.06389252482938323
5,75,EXP010,0.06915258950174374
5,76,EXP010,0.04585521120903946
5,77,EXP010,0.14751721977330134
5,78,EXP010,0.062471023950787186
5,79,EXP010,0.06059250678338357
5,80,EXP010,0.09252263963602103
5,81,EXP010,0.14569954691121234
5,82,EXP010,0.08384837004269019
5,83,EXP010,0.12049057563517485
5,84,EXP010,0.07548976204406821
5,85,EXP010,0.08179716800215509
5,86,EXP010,0.05373074265483313
5,87,EXP010,0.08584457805558698
5,88,EXP010,0.0526806611919024
5,89,EXP010,0.09045220282582911
5,90,EXP010,0.06837553111407435
5,91,EXP010,0.08776971016728985
5,92,EXP010,0.04336775204668619
5,93,EXP010,0.04605087109133532
5,94,EXP010,0.04516331921699235
5,95,EXP010,0.04662922636710953
5,96,EXP010,0.06137987416846191
5,97,EXP010,0.06284800920066647
5,98,EXP010,0.07503094805237509
5,99,EXP010,0.04587206865326976
5,100,EXP010,0.10697482509173095
5,101,EXP010,0.1290153052747116
5,102,EXP010,0.1049380562597918
5,103,EXP010,0.1557867113194794
5,104,EXP010,0.13174885640157707
5,105,EXP010,0.06799533884116848
5,106,EXP010,0.15964659066062858
5,107,EXP010,0.06796956985289293
5,108,EXP010,0.04519567865996277
5,109,EXP010,0.0650793300871978
5,110,EXP010,0.028321372408302126
5,111,EXP010,0.06968701672883737
5,112,EXP010,0.03877887044041639
5,113,EXP010,0.07278209735435348
5,114,EXP010,0.034763238339074576
5,115,EXP010,0.12875987591617466
5,116,EXP010,0.06590796157896972
5,117,EXP010,0.10779584724844193
5,118,EXP010,0.053308722950867304
5,119,EXP010,0.048384610318569665
5,120,EXP010,0.07372410138043495
5,121,EXP010,0.08628282922331443
5,122,EXP010,0.046720048377686285
5,123,EXP010,0.03548122426665756
5,124,EXP010,0.04526608566569634
5,125,EXP010,0.048754768954962446
5,126,EXP010,0.08727607006470128
5,127,EXP010,0.1338860719827848
5,128,EXP010,0.10064245527693672
5,129,EXP010,0.07445862733970998
5,130,EXP010,0.08484774641341719
5,131,EXP010,0.052878933329403965
5,132,EXP010,0.1484593705318692
5,133,EXP010,0.12635751927078887
5,134,EXP010,0.07673721204161754
5,135,EXP010,0.05082281076648876
5,136,EXP010,0.09017510224730974
5,137,EXP010,0.11472528374056967
5,138,EXP010,0.09103702129542379
5,139,EXP010,0.07262050602017855
5,140,EXP010,0.08741487392757019
5,141,EXP010,0.03943715412612181
5,142,EXP010,0.066253722938311
5,143,EXP010,0.1563048403591174
5,144,EXP010,0.06491802262786706
5,145,EXP010,0.034760320161189684
5,146,EXP010,0.09850246880900648
5,147,EXP010,0.04328848803779817
5,148,EXP010,0.09567305708029594
5,149,EXP010,0.06657786238905439
5,150,EXP010,0.07986739755822203
5,151,EXP010,0.0737701319316415
5,152,EXP010,0.09096332185492562
5,153,EXP010,0.08491394105143135
5,154,EXP010,0.09496914120011812
5,155,EXP010,0.03440324540771411
5,156,EXP010,0.043564778062542886
5,157,EXP010,0.12707380792261236
5,158,EXP010,0.10802079535173603
5,159,EXP010,0.07572221030804815
5,160,EXP010,0.054878993209076965
5,161,EXP010,0.0770781955301284
5,162,EXP010,0.04812868104845014
5,163,EXP010,0.05564890828321378
5,164,EXP010,0.061227825808630176
5,165,EXP010,0.09260926409869552
5,166,EXP010,0.04975611052805229
5,167,EXP010,0.03634706921537412
5,168,EXP010,0.0322485939464624
5,169,EXP010,0.0787752522757118
5,170,EXP010,0.07062473506515698
5,171,EXP010,0.0994319011917375
5,172,EXP010,0.07262593059818723
5,173,EXP010,0.05281408380117236
5,174,EXP010,0.07325683294677454
5,175,EXP010,0.08958308030487183
5,176,EXP010,0.11548056140786622
5,177,EXP010,0.04840338662768251
5,178,EXP010,0.0707997237228496
5,179,EXP010,0.05575900879331286
5,180,EXP010,0.07883156968041993
5,181,EXP010,0.06057734896491551
5,182,EXP010,0.026143618073037223
5,183,EXP010,0.06569212752997278
5,184,EXP010,0.15266083279122178
5,185,EXP010,0.10967558458848181
5,186,EXP010,0.1554655069310859
5,187,EXP010,0.05019856995330285
5,188,EXP010,0.06867536422316856
5,189,EXP010,0.07016247983070156
5,190,EXP010,0.07547615263661911
5,191,EXP010,0.06854927042041536
5,192,EXP010,0.0722066075208243
5,193,EXP010,0.0659369589151616
5,194,EXP010,0.12490361780956527
5,195,EXP010,0.0750035045437244
5,196,EXP010,0.06035197908793344
5,197,EXP010,0.11583008718962329
5,198,EXP010,0.05160633003349824
5,199,EXP010,0.043292467928361944
5,0,EXPF,0.07857624347518066
5,1,EXPF,0.07755079317589941
5,2,EXPF,0.16004937257010776
5,3,EXPF,0.11154548453140334
5,4,EXPF,0.14199188803856166
5,5,EXPF,0.10807316844417914
5,6,EXPF,0.08435844938425308
5,7,EXPF,0.049572136153830715
5,8,EXPF,0.11256621142894141
5,9,EXPF,0.08024087956018588
5,10,EXPF,0.13501230925593422
5,11,EXPF,0.02199149184928728
5,12,EXPF,0.11949756911825582
5,13,EXPF,0.0335693583025084
5,14,EXPF,0.07701831568820738
5,15,EXPF,0.06640658077968276
5,16,EXPF,0.01685341961804765
5,17,EXPF,0.09151836264771873
5,18,EXPF,0.11611346457474025
5,19,EXPF,0.1620653591287871
5,20,EXPF,0.12421362283728299
5,21,EXPF,0.061923045939060506
5,22,EXPF,0.044492063142125726
5,23,EXPF,0.07127027495300031
5,24,EXPF,0.0782831428411831
5,25,EXPF,0.1100467534974715
5,26,EXPF,0.10323547981218784
5,27,EXPF,0.08819912882526626
5,28,EXPF,0.13143183106402345
5,29,EXPF,0.19150873171816263
5,30,EXPF,0.1519196607791647
5,31,EXPF,0.045361208477889714
5,32,EXPF,0.14601377792652753
5,33,EXPF,0.14806201127413532
5,34,EXPF,0.10073855151466049
5,35,EXPF,0.07733385073753796
5,36,EXPF,0.12758714275279137
5,37,EXPF,0.12400042840099035
5,38,EXPF,0.07218836378279236
5,39,EXPF,0.07909641409866064
5,40,EXPF,0.08012418320483694
5,41,EXPF,0.049311240834314374
5,42,EXPF,0.054578312752834424
5,43,EXPF,0.09118042393650694
5,44,EXPF,0.13613596473661588
5,45,EXPF,0.10065194836864622
5,46,EXPF,0.10292801181122035
5,47,EXPF,0.11877814393005914
5,48,EXPF,0.09250272459043607
5,49,EXPF,0.0941041245780182
5,50,EXPF,0.14330925068178058
5,51,EXPF,0.04694164225631481
5,52,EXPF,0.10778903943595086
5,53,EXPF,0.12880387985250563
5,54,EXPF,0.05790368695998638
5,55,EXPF,0.08999894532348063
5,56,EXPF,0.0849224013684935
5,57,EXPF,0.1390431423778835
5,58,EXPF,0.13443156588632166
5,59,EXPF,0.14343893271648334
5,60,EXPF,0.11091251003405045
5,61,EXPF,0.08948316397601652
5,62,EXPF,0.08786042725941823
5,63,EXPF,0.07492087745676446
5,64,EXPF,0.046110062326981116
5,65,EXPF,0.08253425256948055
5,66,EXPF,0.10437133318454461
5,67,EXPF,0.09100864411379606
5,68,EXPF,0.05375506934015595
5,69,EXPF,0.12712709073557016
5,70,EXPF,0.039737933307471884
5,71,EXPF,0.09884322697580439
5,72,EXPF,0.0739391214303875
5,73,EXPF,0.20688227019490918
5,74,EXPF,0.045770908126947285
5,75,EXPF,0.07435641697893969
5,76,EXPF,0.03605463523999064
5,77,EXPF,0.16944428989583254
5,78,EXPF,0.14791304591308374
5,79,EXPF,0.11058995723979204
5,80,EXPF,0.10559783722029903
5,81,EXPF,0.12339576045878453
5,82,EXPF,0.06353378902001494
5,83,EXPF,0.11083065783117352
5,84,EXPF,0.12157146291864362
5,85,EXPF,0.09461066010433106
5,86,EXPF,0.06444088813707938
5,87,EXPF,0.19595721257665055
5,88,EXPF,0.09447135216954772
5,89,EXPF,0.16454047767381386
5,90,EXPF,0.07180228958392398
5,91,EXPF,0.051173579819641435
5,92,EXPF,0.056243050799466565
5,93,EXPF,0.06229419992538854
5,94,EXPF,0.07454072944935086
5,95,EXPF,0.10444609591219689
5,96,EXPF,0.1041318593524615
5,97,EXPF,0.08270128816252709
5,98,EXPF,0.09179177767027902
5,99,EXPF,0.08245102854328723
5,100,EXPF,0.054780068609360244
5,101,EXPF,0.11975783340179424
5,102,EXPF,0.07987684887088342
5,103,EXPF,0.21796959434458119
5,104,EXPF,0.06562690903194157
5,105,EXPF,0.04406381002280879
5,106,EXPF,0.24470740782290623
5,107,EXPF,0.16919740460732147
5,108,EXPF,0.06871299662169084
5,109,EXPF,0.05203792341174174
5,110,EXPF,0.08795407191785598
5,111,EXPF,0.06344734394443174
5,112,EXPF,0.052574682648671045
5,113,EXPF,0.12786646804191137
5,114,EXPF,0.07232705864676359
5,115,EXPF,0.10538553529299144
5,116,EXPF,0.041219270216008574
5,117,EXPF,0.10185828916895967
5,118,EXPF,0.05445853766769215
5,119,EXPF,0.05263093024344323
5,120,EXPF,0.09267568346668442
5,121,EXPF,0.07970040612665719
5,122,EXPF,0.12941901995475613
5,123,EXPF,0.05986057175094295
5,124,EXPF,0.06753558251680025
5,125,EXPF,0.07652451425482998
5,126,EXPF,0.16001882194532446
5,127,EXPF,0.09807320910973683
5,128,EXPF,0.1094107768552367
5,129,EXPF,0.08669815087474564
5,130,EXPF,0.1170986128636643
5,131,EXPF,0.07034339229896236
5,132,EXPF,0.08572871662727499
5,133,EXPF,0.10377853465497144
5,134,EXPF,0.03347289919536556
5,135,EXPF,0.17984998615702558
5,136,EXPF,0.07176339213402927
5,137,EXPF,0.11530302058167519
5,138,EXPF,0.16673649056543682
5,139,EXPF,0.09329007813991352
5,140,EXPF,0.14478139197649598
5,141,EXPF,0.025963037747052664
5,142,EXPF,0.039473584480967494
5,143,EXPF,0.10957491935468489
5,144,EXPF,0.10127698853610723
5,145,EXPF,0.025227826461720726
5,146,EXPF,0.08488516564252202
5,147,EXPF,0.08998974820220895
5,148,EXPF,0.122718939316941
5,149,EXPF,0.0887942314792236
5,150,EXPF,0.15547135213939844
5,151,EXPF,0.09389787693800922
5,152,EXPF,0.09327756723338176
5,153,EXPF,0.16153424198378724
5,154,EXPF,0.07354696241255287
5,155,EXPF,0.10112288386948265
5,156,EXPF,0.14031773643051693
5,157,EXPF,0.05873704060455409
5,158,EXPF,0.16942940497514758
5,159,EXPF,0.09759256064193456
5,160,EXPF,0.11210389899595763
5,161,EXPF,0.06881508687859406
5,162,EXPF,0.062337757738205934
5,163,EXPF,0.03983837084913855
5,164,EXPF,0.12046424361245811
5,165,EXPF,0.06106563806369625
5,166,EXPF,0.14735690338548113
5,167,EXPF,0.06726495137133126
5,168,EXPF,0.027436341406758213
5,169,EXPF,0.1263690866404118
5,170,EXPF,0.09339896360275712
5,171,EXPF,0.12858012517596717
5,172,EXPF,0.09344901467145528
5,173,EXPF,0.06817411897885561
5,174,EXPF,0.05051588714819244
5,175,EXPF,0.17791181058300343
5,176,EXPF,0.21413485662968712
5,177,EXPF,0.06449493887944002
5,178,EXPF,0.08141212469478254
5,179,EXPF,0.08828690375872372
5,180,EXPF,0.07353246469960362
5,181,EXPF,0.08601244348701587
5,182,EXPF,0.07710361103326546
5,183,EXPF,0.06997310886333796
5,184,EXPF,0.1447251017362397
5,185,EXPF,0.12569129663355083
5,186,EXPF,0.1140408224721644
5,187,EXPF,0.08899068729151749
5,188,EXPF,0.06415867437430334
5,189,EXPF,0.08777029509952095
5,190,EXPF,0.10443686853712475
5,191,EXPF,0.08278433683791064
5,192,EXPF,0.06214057148489438
5,193,EXPF,0.15859020261687617
5,194,EXPF,0.12033079272107594
5,195,EXPF,0.098245681337369
5,196,EXPF,0.1362480645626959
5,197,EXPF,0.1680230353776777
5,198,EXPF,0.05983719362485895
5,199,EXPF,0.14895589863543024
5,0,ASTRA_AGF,-0.003270590611887725
5,1,ASTRA_AGF,0.0017082834779105216
5,2,ASTRA_AGF,-0.002085704162730795
5,3,ASTRA_AGF,-0.0012925720390163375
5,4,ASTRA_AGF,0.000496189782781209
5,5,ASTRA_AGF,0.005351960717351445
5,6,ASTRA_AGF,-0.0017921901018949082
5,7,ASTRA_AGF,0.00027633283522066066
5,8,ASTRA_AGF,0.0017897890408011818
5,9,ASTRA_AGF,-0.0018367595039467943
5,10,ASTRA_AGF,0.0018724035811612527
5,11,ASTRA_AGF,-0.0024520629761872748
5,12,ASTRA_AGF,0.0007117798484145288
5,13,ASTRA_AGF,0.00023588069943447643
5,14,ASTRA_AGF,0.001725541770633332
5,15,ASTRA_AGF,0.002791062218048035
5,16,ASTRA_AGF,0.0014651838812290707
5,17,ASTRA_AGF,-0.006833736328681672
5,18,ASTRA_AGF,-0.0005455849184455852
5,19,ASTRA_AGF,-0.003559299315301079
5,20,ASTRA_AGF,0.0027492733518953427
5,21,ASTRA_AGF,-0.001043796464663016
5,22,ASTRA_AGF,0.0012304986740698798
5,23,ASTRA_AGF,0.00015083287989414718
5,24,ASTRA_AGF,0.0009710232986148704
5,25,ASTRA_AGF,0.00748112102586318
5,26,ASTRA_AGF,0.002590967528980248
5,27,ASTRA_AGF,-0.002125100177029715
5,28,ASTRA_AGF,0.007994577302012917
5,29,ASTRA_AGF,-0.0017723187466931467
5,30,ASTRA_AGF,0.0019077833204631522
5,31,ASTRA_AGF,-0.0030044237595014955
5,32,ASTRA_AGF,0.004227094739252868
5,33,ASTRA_AGF,0.004864785717427433
5,34,ASTRA_AGF,-0.0028249413859994243
5,35,ASTRA_AGF,0.001847686667914239
5,36,ASTRA_AGF,-0.00024529579742049723
5,37,ASTRA_AGF,0.0015909024928747462
5,38,ASTRA_AGF,0.0004421431422165778
5,39,ASTRA_AGF,-0.0002748418849404244
5,40,ASTRA_AGF,-0.002778648125296823
5,41,ASTRA_AGF,-0.0012702066415128943
5,42,ASTRA_AGF,-0.003645852139284478
5,43,ASTRA_AGF,-0.0024069790423921766
5,44,ASTRA_AGF,0.0013286909866802032
5,45,ASTRA_AGF,-0.0003344482615630362
5,46,ASTRA_AGF,-6.034685663947048e-05
5,47,ASTRA_AGF,0.0005940803462017863
5,48,ASTRA_AGF,-0.0003600849941179929
5,49,ASTRA_AGF,0.0009411795021544433
5,50,ASTRA_AGF,0.003204530528644889
5,51,ASTRA_AGF,0.0010657184727427271
5,52,ASTRA_AGF,-0.0014897185217449538
5,53,ASTRA_AGF,0.0019010255691968014
5,54,ASTRA_AGF,0.0013698803646660096
5,55,ASTRA_AGF,0.004647048494911266
5,56,ASTRA_AGF,-0.0023332401065671027
5,57,ASTRA_AGF,-0.0028778195898667702
5,58,ASTRA_AGF,-0.00044346756189284076
5,59,ASTRA_AGF,0.0010425300554660621
5,60,ASTRA_AGF,0.001603231794815807
5,61,ASTRA_AGF,0.0017233820714983583
5,62,ASTRA_AGF,-0.0013663510416714875
5,63,ASTRA_AGF,0.0004579104989801408
5,64,ASTRA_AGF,-0.0036519949796959272
5,65,ASTRA_AGF,0.00021669986396066765
5,66,ASTRA_AGF,0.0014061086151954116
5,67,ASTRA_AGF,0.009257473363146085
5,68,ASTRA_AGF,-0.00043223930459335147
5,69,ASTRA_AGF,-0.002679959076791416
5,70,ASTRA_AGF,0.0017759809732040832
5,71,ASTRA_AGF,0.0009143383008447525
5,72,ASTRA_AGF,0.002782228361577821
5,73,ASTRA_AGF,-0.003659781401801787
5,74,ASTRA_AGF,-0.0012998284190743892
5,75,ASTRA_AGF,0.0014992783768587037
5,76,ASTRA_AGF,0.0013317030989353773
5,77,ASTRA_AGF,-0.0048632531866696915
5,78,ASTRA_AGF,-0.0012789735809023428
5,79,ASTRA_AGF,-0.0014912108257225665
5,80,ASTRA_AGF,0.002901617726463912
5,81,ASTRA_AGF,0.004933909730074459
5,82,ASTRA_AGF,0.001891717946895577
5,83,ASTRA_AGF,-0.0010088583883746116
5,84,ASTRA_AGF,-0.00077028250049338
5,85,ASTRA_AGF,0.0010034953352869858
5,86,ASTRA_AGF,0.001508878258956181
5,87,ASTRA_AGF,0.000334701454958064
5,88,ASTRA_AGF,-6.910435840690177e-05
5,89,ASTRA_AGF,-9.70854318860237e-05
5,90,ASTRA_AGF,-0.00068732577483821
5,91,ASTRA_AGF,0.0014583188151511273
5,92,ASTRA_AGF,-0.0003231052234298204
5,93,ASTRA_AGF,-0.0015547292378147448
5,94,ASTRA_AGF,-0.0017996382530519606
5,95,ASTRA_AGF,-0.003582374860060855
5,96,ASTRA_AGF,0.0029632573378903793
5,97,ASTRA_AGF,-0.0020997329655134678
5,98,ASTRA_AGF,-0.0005348147740990017
5,99,ASTRA_AGF,-0.003201653677809224
5,100,ASTRA_AGF,0.00033377694466663055
5,101,ASTRA_AGF,0.0016544284395539899
5,102,ASTRA_AGF,-0.00024921242780140407
5,103,ASTRA_AGF,-0.0005522561059304598
5,104,ASTRA_AGF,-0.00041175142591909353
5,105,ASTRA_AGF,0.00028407767302585096
5,106,ASTRA_AGF,0.0018935094573921951
5,107,ASTRA_AGF,-0.0010966439549180418
5,108,ASTRA_AGF,0.007484552648744591
5,109,ASTRA_AGF,0.0005069919040459059
5,110,ASTRA_AGF,0.001238945887655718
5,111,ASTRA_AGF,0.0008440250670004312
5,112,ASTRA_AGF,-0.002420463573573617
5,113,ASTRA_AGF,0.002666447836046637
5,114,ASTRA_AGF,-0.0024441015829301804
5,115,ASTRA_AGF,-0.004196527492508317
5,116,ASTRA_AGF,-0.002141398418166851
5,117,ASTRA_AGF,0.0006056232254630922
5,118,ASTRA_AGF,0.0018495742875695997
5,119,ASTRA_AGF,-0.0004229537199799127
5,120,ASTRA_AGF,-0.0022335233493003814
5,121,ASTRA_AGF,-0.00044267021689259334
5,122,ASTRA_AGF,-0.004079248803500635
5,123,ASTRA_AGF,-0.0017820138642185013
5,124,ASTRA_AGF,-0.0021590264663744474
5,125,ASTRA_AGF,-0.000788257517078006
5,126,ASTRA_AGF,0.0007830541783943046
5,127,ASTRA_AGF,0.006528977341571429
5,128,ASTRA_AGF,0.00150086134678995
5,129,ASTRA_AGF,0.003160100833645152
5,130,ASTRA_AGF,0.003089001237277067
5,131,ASTRA_AGF,-0.000272271859326767
5,132,ASTRA_AGF,0.0020538786372388262
5,133,ASTRA_AGF,-0.003182958625341792
5,134,ASTRA_AGF,-0.0013334840974619233
5,135,ASTRA_AGF,0.003927379000064013
5,136,ASTRA_AGF,0.0007725458793913509
5,137,ASTRA_AGF,0.003700157322699571
5,138,ASTRA_AGF,0.0007156768082103859
5,139,ASTRA_AGF,0.00024283517987622183
5,140,ASTRA_AGF,0.0026359330508473056
5,141,ASTRA_AGF,-0.0007744475607225354
5,142,ASTRA_AGF,-0.005697837657964944
5,143,ASTRA_AGF,-0.0009807587435367582
5,144,ASTRA_AGF,-0.0011613153929155295
5,145,ASTRA_AGF,0.0004766168320826658
5,146,ASTRA_AGF,0.003541970494167934
5,147,ASTRA_AGF,0.007291634899362132
5,148,ASTRA_AGF,0.0013773124121679858
5,149,ASTRA_AGF,-0.0011572622694712154
5,150,ASTRA_AGF,0.0020792018632554976
5,151,ASTRA_AGF,0.0004457363543766135
5,152,ASTRA_AGF,-0.0022456701742422647
5,153,ASTRA_AGF,-0.004533426401251317
5,154,ASTRA_AGF,0.00011281346667091352
5,155,ASTRA_AGF,0.008090504171741397
5,156,ASTRA_AGF,0.0008353740413196142
5,157,ASTRA_AGF,-0.0021284008641065943
5,158,ASTRA_AGF,-0.00043505913185171163
5,159,ASTRA_AGF,0.0015020813675504785
5,160,ASTRA_AGF,-0.00010268511540612035
5,161,ASTRA_AGF,0.0019483716416930363
5,162,ASTRA_AGF,-0.0009645236309187011
5,163,ASTRA_AGF,0.004098668381879889
5,164,ASTRA_AGF,-0.0012277565720358874
5,165,ASTRA_AGF,0.0003259017804693176
5,166,ASTRA_AGF,-0.0007854506769213732
5,167,ASTRA_AGF,-0.00486674782291574
5,168,ASTRA_AGF,0.0036436935789557756
5,169,ASTRA_AGF,0.001622496040639465
5,170,ASTRA_AGF,0.002018885551751004
5,171,ASTRA_AGF,-0.001342214432724198
5,172,ASTRA_AGF,0.00314891250942384
5,173,ASTRA_AGF,-0.0018648711148591124
5,174,ASTRA_AGF,-0.0020982080574046824
5,175,ASTRA_AGF,-0.0027053169504623886
5,176,ASTRA_AGF,0.0015040927373806134
5,177,ASTRA_AGF,-0.0003684118708776607
5,178,ASTRA_AGF,0.0008901900074345104
5,179,ASTRA_AGF,-0.0014151948238223522
5,180,ASTRA_AGF,0.002001285027066424
5,181,ASTRA_AGF,0.0006326869242248012
5,182,ASTRA_AGF,0.0021139034581256766
5,183,ASTRA_AGF,0.001423004515006765
5,184,ASTRA_AGF,-0.0014254859343786341
5,185,ASTRA_AGF,0.002004474109303822
5,186,ASTRA_AGF,-0.0035962731696084216
5,187,ASTRA_AGF,0.0018786588772681245
5,188,ASTRA_AGF,-3.5727599053680947e-06
5,189,ASTRA_AGF,-0.0023805313423503893
5,190,ASTRA_AGF,0.0013184174343795485
5,191,ASTRA_AGF,0.004352552078288219
5,192,ASTRA_AGF,0.002416329568551534
5,193,ASTRA_AGF,0.006426023624911736
5,194,ASTRA_AGF,-0.004046747541666451
5,195,ASTRA_AGF,0.0004808065994582611
5,196,ASTRA_AGF,0.0011768598964018162
5,197,ASTRA_AGF,-0.00474820606151638
5,198,ASTRA_AGF,-0.0004169389872648033
5,199,ASTRA_AGF,-0.001203146993386528
25,0,EXP010,0.07634344189063791
25,1,EXP010,0.10096986834774235
25,2,EXP010,0.08207687829818655
25,3,EXP010,0.08806271206783545
25,4,EXP010,0.10244847294532078
25,5,EXP010,0.09026205438356227
25,6,EXP010,0.07108174955061786
25,7,EXP010,0.0683995890991903
25,8,EXP010,0.09782890761101881
25,9,EXP010,0.07431602036880214
25,10,EXP010,0.08622107570475912
25,11,EXP010,0.0757741780336546
25,12,EXP010,0.10087587999352887
25,13,EXP010,0.07850029431040706
25,14,EXP010,0.0712885939319341
25,15,EXP010,0.079920436967448
25,16,EXP010,0.10013179426602381
25,17,EXP010,0.08631104914281928
25,18,EXP010,0.09531313524132068
25,19,EXP010,0.09110618058252573
25,20,EXP010,0.06248841075273193
25,21,EXP010,0.07543270796755164
25,22,EXP010,0.07236906997496884
25,23,EXP010,0.10326792784712657
25,24,EXP010,0.09121235563097496
25,25,EXP010,0.06167159252464016
25,26,EXP010,0.07017672847877177
25,27,EXP010,0.07137372735737979
25,28,EXP010,0.13052598204910448
25,29,EXP010,0.06793623718590824
25,30,EXP010,0.06099173220163401
25,31,EXP010,0.048108798282771814
25,32,EXP010,0.07881259965477339
25,33,EXP010,0.0851479780529053
25,34,EXP010,0.09764902723245816
25,35,EXP010,0.06588897832935448
25,36,EXP010,0.08270606177712936
25,37,EXP010,0.08290406297702912
25,38,EXP010,0.03970369306466126
25,39,EXP010,0.0547979871782841
25,40,EXP010,0.06264824433777505
25,41,EXP010,0.06366160131344711
25,42,EXP010,0.08756362626675918
25,43,EXP010,0.0736223745738569
25,44,EXP010,0.06570264151326188
25,45,EXP010,0.08391338847149321
25,46,EXP010,0.08057115212260546
25,47,EXP010,0.08394662013375309
25,48,EXP010,0.0890658098963677
25,49,EXP010,0.0662917449988214
25,50,EXP010,0.0648032052316545
25,51,EXP010,0.06526668121310042
25,52,EXP010,0.08334175280135836
25,53,EXP010,0.06758043598250119
25,54,EXP010,0.085436532687995
25,55,EXP010,0.057192442073127125
25,56,EXP010,0.06780567914387547
25,57,EXP010,0.09611487848875999
25,58,EXP010,0.10065673005011366
25,59,EXP010,0.10687801302115552
25,60,EXP010,0.08403505633789365
25,61,EXP010,0.08500963800529338
25,62,EXP010,0.09285964044829009
25,63,EXP010,0.07363534732268395
25,64,EXP010,0.0751424581917387
25,65,EXP010,0.09318692449228183
25,66,EXP010,0.08468642416431549
25,67,EXP010,0.055723835629555185
25,68,EXP010,0.09772743073720092
25,69,EXP010,0.08320412124242815
25,70,EXP010,0.08321037794151143
25,71,EXP010,0.08962490707034021
25,72,EXP010,0.06926968153751123
25,73,EXP010,0.1178157167799021
25,74,EXP010,0.05146342581002272
25,75,EXP010,0.09738107492524173
25,76,EXP010,0.06781826522950207
25,77,EXP010,0.1526156538474155
25,78,EXP010,0.06608808353943363
25,79,EXP010,0.08305264151660885
25,80,EXP010,0.09613543922659173
25,81,EXP010,0.07544420595991352
25,82,EXP010,0.08833167652913432
25,83,EXP010,0.08169262852098025
25,84,EXP010,0.08575073817469714
25,85,EXP010,0.075169225593677
25,86,EXP010,0.061672611588883375
25,87,EXP010,0.06588254883506883
25,88,EXP010,0.05821286744402521
25,89,EXP010,0.052477918376840904
25,90,EXP010,0.056409184977114335
25,91,EXP010,0.07029397697982798
25,92,EXP010,0.05609953847061433
25,93,EXP010,0.06189736101013543
25,94,EXP010,0.06310656367214518
25,95,EXP010,0.0715137181941995
25,96,EXP010,0.06244977255140516
25,97,EXP010,0.0582205515753238
25,98,EXP010,0.07876878820782596
25,99,EXP010,0.06998943701197113
25,100,EXP010,0.09634828089593783
25,101,EXP010,0.07061359419920354
25,102,EXP010,0.10971949499999434
25,103,EXP010,0.06491184485171098
25,104,EXP010,0.08146178375418667
25,105,EXP010,0.06370359043546292
25,106,EXP010,0.08306760424900428
25,107,EXP010,0.08140447579524601
25,108,EXP010,0.07529119269731044
25,109,EXP010,0.08609507192185661
25,110,EXP010,0.04590618571932692
25,111,EXP010,0.05950306603154443
25,112,EXP010,0.07930037411358493
25,113,EXP010,0.07763588890451323
25,114,EXP010,0.06137646312439049
25,115,EXP010,0.08260452951963437
25,116,EXP010,0.06938104968799053
25,117,EXP010,0.09175992248743703
25,118,EXP010,0.07180650426453394
25,119,EXP010,0.07218693705741097
25,120,EXP010,0.06962386950104349
25,121,EXP010,0.09560181525602951
25,122,EXP010,0.09854997062939763
25,123,EXP010,0.07649112034731054
25,124,EXP010,0.07283183016226535
25,125,EXP010,0.056107099366720314
25,126,EXP010,0.08897053411279665
25,127,EXP010,0.0708965247666502
25,128,EXP010,0.12128636987931596
25,129,EXP010,0.07102458010092383
25,130,EXP010,0.10281020985855527
25,131,EXP010,0.0894340049045168
25,132,EXP010,0.07372014557432638
25,133,EXP010,0.06192446152935216
25,134,EXP010,0.04742175490515832
25,135,EXP010,0.08093834550818668
25,136,EXP010,0.09935373060007213
25,137,EXP010,0.07575654541446364
25,138,EXP010,0.09423500870033064
25,139,EXP010,0.08229937456874692
25,140,EXP010,0.08277114105256289
25,141,EXP010,0.09099478568809982
25,142,EXP010,0.11733203829321359
25,143,EXP010,0.06697495719200042
25,144,EXP010,0.056774531531439854
25,145,EXP010,0.08534675749981546
25,146,EXP010,0.06422798528388696
25,147,EXP010,0.07749472617363795
25,148,EXP010,0.0625528416088762
25,149,EXP010,0.08168591440430517
25,150,EXP010,0.05543856909346945
25,151,EXP010,0.07638510360783568
25,152,EXP010,0.08157385210260537
25,153,EXP010,0.07964005405141428
25,154,EXP010,0.07969241964794238
25,155,EXP010,0.07684060990354624
25,156,EXP010,0.06987296590733638
25,157,EXP010,0.0921208766732794
25,158,EXP010,0.038224467331302914
25,159,EXP010,0.10970041288996502
25,160,EXP010,0.05650305926282251
25,161,EXP010,0.04433336674050903
25,162,EXP010,0.07998572954483607
25,163,EXP010,0.10123994365510824
25,164,EXP010,0.0698050813153277
25,165,EXP010,0.06271481085231057
25,166,EXP010,0.06775268723193129
25,167,EXP010,0.05065347493103256
25,168,EXP010,0.07170949318701836
25,169,EXP010,0.05359575099346525
25,170,EXP010,0.07057214126616163
25,171,EXP010,0.07741837120632333
25,172,EXP010,0.07324653781337764
25,173,EXP010,0.07366446818631978
25,174,EXP010,0.08327335571818328
25,175,EXP010,0.09715840132307418
25,176,EXP010,0.06933694099237409
25,177,EXP010,0.07661432526854606
25,178,EXP010,0.10007384896883598
25,179,EXP010,0.0674487585075999
25,180,EXP010,0.05742412019712484
25,181,EXP010,0.061029711401924036
25,182,EXP010,0.042694169789115444
25,183,EXP010,0.04750984390735069
25,184,EXP010,0.09181026661582581
25,185,EXP010,0.07498109699576638
25,186,EXP010,0.11134402145983324
25,187,EXP010,0.0973226581043809
25,188,EXP010,0.07827001240690923
25,189,EXP010,0.08241959968551527
25,190,EXP010,0.07801108390976164
25,191,EXP010,0.06701200912233474
25,192,EXP010,0.08628691837040403
25,193,EXP010,0.053567708848045736
25,194,EXP010,0.07565479531044916
25,195,EXP010,0.07883841820889459
25,196,EXP010,0.06581987549760127
25,197,EXP010,0.10251914380700133
25,198,EXP010,0.08651133737698002
25,199,EXP010,0.09108735777388155
25,0,EXPF,0.055457561949248335
25,1,EXPF,0.06492397511436798
25,2,EXPF,0.05688494958710433
25,3,EXPF,0.06843281174508409
25,4,EXPF,0.08858856053166353
25,5,EXPF,0.0613079353750996
25,6,EXPF,0.04502252932878725
25,7,EXPF,0.041482407818372535
25,8,EXPF,0.07089840376672041
25,9,EXPF,0.04516907897751454
25,10,EXPF,0.05126007201837446
25,11,EXPF,0.04360033688437959
25,12,EXPF,0.07522663305542021
25,13,EXPF,0.034784439710795034
25,14,EXPF,0.03515763675355088
25,15,EXPF,0.05895711354752309
25,16,EXPF,0.06387225753466241
25,17,EXPF,0.06977940026465024
25,18,EXPF,0.050040540700345804
25,19,EXPF,0.06349024605619047
25,20,EXPF,0.03291363627224253
25,21,EXPF,0.06056301583010937
25,22,EXPF,0.042025948390537526
25,23,EXPF,0.07705032493702535
25,24,EXPF,0.04418139846219071
25,25,EXPF,0.05026449711424563
25,26,EXPF,0.039676997110423606
25,27,EXPF,0.04958040030706212
25,28,EXPF,0.08671521123283332
25,29,EXPF,0.046306102281817085
25,30,EXPF,0.03820002852075832
25,31,EXPF,0.03016893718239244
25,32,EXPF,0.06795793397863381
25,33,EXPF,0.06267135475249719
25,34,EXPF,0.057864239356805514
25,35,EXPF,0.04884769068915629
25,36,EXPF,0.06354438428447151
25,37,EXPF,0.04900262148022749
25,38,EXPF,0.05221389921789665
25,39,EXPF,0.03871559286076309
25,40,EXPF,0.030808614199623885
25,41,EXPF,0.039689424829153164
25,42,EXPF,0.05828124844133664
25,43,EXPF,0.05100422221844958
25,44,EXPF,0.06201920067927291
25,45,EXPF,0.07033921546310662
25,46,EXPF,0.051657559636892114
25,47,EXPF,0.06562992438797732
25,48,EXPF,0.04750974922753637
25,49,EXPF,0.040678353265392486
25,50,EXPF,0.056681044254535906
25,51,EXPF,0.047395293218947865
25,52,EXPF,0.06632864082890766
25,53,EXPF,0.026756980680864184
25,54,EXPF,0.05888016235618965
25,55,EXPF,0.03127227623265105
25,56,EXPF,0.04185726995605343
25,57,EXPF,0.05730866404410728
25,58,EXPF,0.061832737343557986
25,59,EXPF,0.06744145353438336
25,60,EXPF,0.050742583727607427
25,61,EXPF,0.05294939391678444
25,62,EXPF,0.07295249231979783
25,63,EXPF,0.06370890395833462
25,64,EXPF,0.04120539833641723
25,65,EXPF,0.04531466840401965
25,66,EXPF,0.05084480006002223
25,67,EXPF,0.05963007856696878
25,68,EXPF,0.07482434258362369
25,69,EXPF,0.058938780604997465
25,70,EXPF,0.061511220330938254
25,71,EXPF,0.045524837552480824
25,72,EXPF,0.04396676120049037
25,73,EXPF,0.05380132342183175
25,74,EXPF,0.025846007607608468
25,75,EXPF,0.06592158667036463
25,76,EXPF,0.03879944945156333
25,77,EXPF,0.10106195009435104
25,78,EXPF,0.05494724434268916
25,79,EXPF,0.0550179708313292
25,80,EXPF,0.057487894491172975
25,81,EXPF,0.05081516144984577
25,82,EXPF,0.057288815346587585
25,83,EXPF,0.08454728388345945
25,84,EXPF,0.05869197656441294
25,85,EXPF,0.052277466076583456
25,86,EXPF,0.04354743683185469
25,87,EXPF,0.025791160590612594
25,88,EXPF,0.05643103426866192
25,89,EXPF,0.020506067226197633
25,90,EXPF,0.03535518529588133
25,91,EXPF,0.05295052757013263
25,92,EXPF,0.04458928388438754
25,93,EXPF,0.04705197678060635
25,94,EXPF,0.03539315555106126
25,95,EXPF,0.043183856077527394
25,96,EXPF,0.0440437397306187
25,97,EXPF,0.03227054035711929
25,98,EXPF,0.05805109704331346
25,99,EXPF,0.05954395437658788
25,100,EXPF,0.061163031300135895
25,101,EXPF,0.05402477035394382
25,102,EXPF,0.058346947171968644
25,103,EXPF,0.04083719395576968
25,104,EXPF,0.049881941640601446
25,105,EXPF,0.03555602827617321
25,106,EXPF,0.06734529643144216
25,107,EXPF,0.03833176310978226
25,108,EXPF,0.0573378373709863
25,109,EXPF,0.05447197174008689
25,110,EXPF,0.005821483580256692
25,111,EXPF,0.03419427926832885
25,112,EXPF,0.05267332085668097
25,113,EXPF,0.04438527592018038
25,114,EXPF,0.02960863338126063
25,115,EXPF,0.054352625707881796
25,116,EXPF,0.03944065750370862
25,117,EXPF,0.05286229931190978
25,118,EXPF,0.04685404413605099
25,119,EXPF,0.04264487711905074
25,120,EXPF,0.05834288963243062
25,121,EXPF,0.06604241538346489
25,122,EXPF,0.06294242453675458
25,123,EXPF,0.058907470499664716
25,124,EXPF,0.031269971171436595
25,125,EXPF,0.05126648915752119
25,126,EXPF,0.06101088575189639
25,127,EXPF,0.05317976475173736
25,128,EXPF,0.09869471795787987
25,129,EXPF,0.04195984586629031
25,130,EXPF,0.06424390530262758
25,131,EXPF,0.06984315706144006
25,132,EXPF,0.03134166282493123
25,133,EXPF,0.03409550920819315
25,134,EXPF,0.011980038976851737
25,135,EXPF,0.0622968400496291
25,136,EXPF,0.05357938611631807
25,137,EXPF,0.03445956680004991
25,138,EXPF,0.06529654221688119
25,139,EXPF,0.055551315176622706
25,140,EXPF,0.07972655756950253
25,141,EXPF,0.06048825866079688
25,142,EXPF,0.07637296850437547
25,143,EXPF,0.036661120654896906
25,144,EXPF,0.03895210717871389
25,145,EXPF,0.0540331620193486
25,146,EXPF,0.03442796715762042
25,147,EXPF,0.03638385243993281
25,148,EXPF,0.02965013892267776
25,149,EXPF,0.04839042578442265
25,150,EXPF,0.03920175119825531
25,151,EXPF,0.04272596249675453
25,152,EXPF,0.04967539945033872
25,153,EXPF,0.06682743555482162
25,154,EXPF,0.04836677214320406
25,155,EXPF,0.0599873674556729
25,156,EXPF,0.046625379763483465
25,157,EXPF,0.049085971787006466
25,158,EXPF,0.03241146675244988
25,159,EXPF,0.07546773311308319
25,160,EXPF,0.04517674071038591
25,161,EXPF,0.020670083851944243
25,162,EXPF,0.04285572008734073
25,163,EXPF,0.08575834830898643
25,164,EXPF,0.047517281634686825
25,165,EXPF,0.04206263123460252
25,166,EXPF,0.04813882043465567
25,167,EXPF,0.03468065534835296
25,168,EXPF,0.03199192383094995
25,169,EXPF,0.03204637406826871
25,170,EXPF,0.04074600175997112
25,171,EXPF,0.05797317972374949
25,172,EXPF,0.05419896232974364
25,173,EXPF,0.03776329556891023
25,174,EXPF,0.03629601777920255
25,175,EXPF,0.04715609968967749
25,176,EXPF,0.06292941528892193
25,177,EXPF,0.04933912855586842
25,178,EXPF,0.06614839051760979
25,179,EXPF,0.04483690662674433
25,180,EXPF,0.017227360691201676
25,181,EXPF,0.037304081606700845
25,182,EXPF,0.02929915660574911
25,183,EXPF,0.0354917903343821
25,184,EXPF,0.04064932897833773
25,185,EXPF,0.04714371483305746
25,186,EXPF,0.07448840947182778
25,187,EXPF,0.07205100627523453
25,188,EXPF,0.054124025873663606
25,189,EXPF,0.04818852130928142
25,190,EXPF,0.056225629944244404
25,191,EXPF,0.04664744888404604
25,192,EXPF,0.05518204349618694
25,193,EXPF,0.03303584858663777
25,194,EXPF,0.055404350470314556
25,195,EXPF,0.05341068451402853
25,196,EXPF,0.038321702088107035
25,197,EXPF,0.09185442359623208
25,198,EXPF,0.04316264127387992
25,199,EXPF,0.04715963538037371
25,0,ASTRA_AGF,0.007308679856233846
25,1,ASTRA_AGF,0.006588393534338044
25,2,ASTRA_AGF,0.0055233467201485364
25,3,ASTRA_AGF,0.0025171168447815084
25,4,ASTRA_AGF,0.0041318573785468216
25,5,ASTRA_AGF,0.019439709207876077
25,6,ASTRA_AGF,0.011307946776036082
25,7,ASTRA_AGF,0.004182631980776064
25,8,ASTRA_AGF,0.0031341586485530426
25,9,ASTRA_AGF,0.0043414793328434564
25,10,ASTRA_AGF,0.00903318378687512
25,11,ASTRA_AGF,0.016672240447966336
25,12,ASTRA_AGF,0.004597831871932634
25,13,ASTRA_AGF,0.0030191788459204005
25,14,ASTRA_AGF,0.007075657866345564
25,15,ASTRA_AGF,0.0024315237822476465
25,16,ASTRA_AGF,0.00869377834512075
25,17,ASTRA_AGF,0.013242498818820447
25,18,ASTRA_AGF,0.01318496771239186
25,19,ASTRA_AGF,0.0010947515049896106
25,20,ASTRA_AGF,0.003926864110210149
25,21,ASTRA_AGF,0.01068211935698693
25,22,ASTRA_AGF,-0.0005648858398651369
25,23,ASTRA_AGF,-0.0036748538771645967
25,24,ASTRA_AGF,-0.0012384677322045956
25,25,ASTRA_AGF,0.006316034581104968
25,26,ASTRA_AGF,0.00561799528946616
25,27,ASTRA_AGF,0.004017343691863795
25,28,ASTRA_AGF,0.005735135278628567
25,29,ASTRA_AGF,0.003491928950477452
25,30,ASTRA_AGF,-0.0051252121079132795
25,31,ASTRA_AGF,0.0023616557644844383
25,32,ASTRA_AGF,0.008002991851595365
25,33,ASTRA_AGF,1.9124237441436875e-06
25,34,ASTRA_AGF,0.004758085612353691
25,35,ASTRA_AGF,0.007051127396771717
25,36,ASTRA_AGF,0.006581271534247812
25,37,ASTRA_AGF,0.002055853974551214
25,38,ASTRA_AGF,0.0008282420829175408
25,39,ASTRA_AGF,-0.005059421100864103
25,40,ASTRA_AGF,0.00027506856755710185
25,41,ASTRA_AGF,-0.0032789423158244846
25,42,ASTRA_AGF,0.010332964333779171
25,43,ASTRA_AGF,0.009790034790189805
25,44,ASTRA_AGF,0.001214600595244697
25,45,ASTRA_AGF,0.005550533596485607
25,46,ASTRA_AGF,0.0039051615839648113
25,47,ASTRA_AGF,0.004502392419736823
25,48,ASTRA_AGF,0.009999733187902149
25,49,ASTRA_AGF,0.002182150342494471
25,50,ASTRA_AGF,0.006238823555117623
25,51,ASTRA_AGF,0.009223776021399122
25,52,ASTRA_AGF,0.010398256126747829
25,53,ASTRA_AGF,0.004131588589551982
25,54,ASTRA_AGF,0.008357894081392536
25,55,ASTRA_AGF,0.0024485695955156483
25,56,ASTRA_AGF,2.375781314256642e-05
25,57,ASTRA_AGF,0.01034363849133857
25,58,ASTRA_AGF,0.002032449347437515
25,59,ASTRA_AGF,-0.0010873599025640335
25,60,ASTRA_AGF,0.004377076222223164
25,61,ASTRA_AGF,0.007325966057221023
25,62,ASTRA_AGF,0.0035571895601935744
25,63,ASTRA_AGF,0.005798834294484911
25,64,ASTRA_AGF,0.0015683567433109058
25,65,ASTRA_AGF,0.010868370529046767
25,66,ASTRA_AGF,0.005144968035300512
25,67,ASTRA_AGF,-0.0004089562107728595
25,68,ASTRA_AGF,0.006385100126665044
25,69,ASTRA_AGF,0.0007027888889188372
25,70,ASTRA_AGF,0.002871288922347226
25,71,ASTRA_AGF,0.003088536728182545
25,72,ASTRA_AGF,0.007867449561976603
25,73,ASTRA_AGF,0.005970835597464252
25,74,ASTRA_AGF,0.006937190539724636
25,75,ASTRA_AGF,0.007013841892939965
25,76,ASTRA_AGF,0.0035310952699042497
25,77,ASTRA_AGF,0.018978583190751408
25,78,ASTRA_AGF,0.008858708959238348
25,79,ASTRA_AGF,-0.0002018169651079038
25,80,ASTRA_AGF,0.001440034218827435
25,81,ASTRA_AGF,-0.0004644129884745496
25,82,ASTRA_AGF,0.004292899963662444
25,83,ASTRA_AGF,0.002684593876874475
25,84,ASTRA_AGF,0.0060094181700691696
25,85,ASTRA_AGF,0.00313316321593049
25,86,ASTRA_AGF,0.006134020534625972
25,87,ASTRA_AGF,-0.004980301196275905
25,88,ASTRA_AGF,-0.00041952070615036696
25,89,ASTRA_AGF,0.0018229562434716184
25,90,ASTRA_AGF,0.007290165961201134
25,91,ASTRA_AGF,0.006260344618976843
25,92,ASTRA_AGF,0.003350759014827065
25,93,ASTRA_AGF,0.0070307743659030475
25,94,ASTRA_AGF,0.00567836816525058
25,95,ASTRA_AGF,0.0022347576671927216
25,96,ASTRA_AGF,0.0019376112788929145
25,97,ASTRA_AGF,-0.006102616315215581
25,98,ASTRA_AGF,0.02212615630923731
25,99,ASTRA_AGF,0.007718793035517479
25,100,ASTRA_AGF,0.0035725078751460693
25,101,ASTRA_AGF,-0.005678117573819419
25,102,ASTRA_AGF,0.0033812221570106438
25,103,ASTRA_AGF,0.013002675520304208
25,104,ASTRA_AGF,0.005257517925524091
25,105,ASTRA_AGF,0.007020209541293787
25,106,ASTRA_AGF,0.0021900750689890502
25,107,ASTRA_AGF,0.0030943576469290024
25,108,ASTRA_AGF,0.004618179544432444
25,109,ASTRA_AGF,0.009973880380983458
25,110,ASTRA_AGF,0.007793018605461777
25,111,ASTRA_AGF,-0.0022829466884647376
25,112,ASTRA_AGF,0.0028495320080289543
25,113,ASTRA_AGF,0.0051081935001442424
25,114,ASTRA_AGF,0.00332861022056119
25,115,ASTRA_AGF,0.006992049508407261
25,116,ASTRA_AGF,0.009549042894898108
25,117,ASTRA_AGF,0.004929184322596036
25,118,ASTRA_AGF,0.0018952041755355697
25,119,ASTRA_AGF,-0.0023940540537792376
25,120,ASTRA_AGF,0.009725439057719276
25,121,ASTRA_AGF,0.006074853570714689
25,122,ASTRA_AGF,0.0022990279551677872
25,123,ASTRA_AGF,0.009952367989490618
25,124,ASTRA_AGF,0.009178226879071993
25,125,ASTRA_AGF,0.0026367261881651283
25,126,ASTRA_AGF,0.01171259742154307
25,127,ASTRA_AGF,0.004400857547164128
25,128,ASTRA_AGF,-0.0013122907221172486
25,129,ASTRA_AGF,0.009927616908609771
25,130,ASTRA_AGF,0.009584911573973898
25,131,ASTRA_AGF,0.009868107316264751
25,132,ASTRA_AGF,-0.0003119048137589786
25,133,ASTRA_AGF,-0.0019333891301812622
25,134,ASTRA_AGF,0.001665846849540742
25,135,ASTRA_AGF,0.008330653365881124
25,136,ASTRA_AGF,0.015283986180711917
25,137,ASTRA_AGF,0.003248088072479116
25,138,ASTRA_AGF,0.004958456081428642
25,139,ASTRA_AGF,0.004354039113665054
25,140,ASTRA_AGF,-0.0019009618037721943
25,141,ASTRA_AGF,0.010652202656854737
25,142,ASTRA_AGF,0.0022953430044180267
25,143,ASTRA_AGF,0.010017264935192505
25,144,ASTRA_AGF,0.004092550816340301
25,145,ASTRA_AGF,0.008140994745683305
25,146,ASTRA_AGF,-0.0050722039387525175
25,147,ASTRA_AGF,0.009362590923342129
25,148,ASTRA_AGF,0.0029289121905866633
25,149,ASTRA_AGF,0.005115653033773815
25,150,ASTRA_AGF,0.0019608224119445072
25,151,ASTRA_AGF,0.0074000215588738705
25,152,ASTRA_AGF,0.00840341805847633
25,153,ASTRA_AGF,-0.0035989828637700283
25,154,ASTRA_AGF,0.00034758913921772994
25,155,ASTRA_AGF,0.005504844315116664
25,156,ASTRA_AGF,0.0022538825354336822
25,157,ASTRA_AGF,0.0070561728954670055
25,158,ASTRA_AGF,0.0009474366090161945
25,159,ASTRA_AGF,0.006695486873189882
25,160,ASTRA_AGF,0.011761188031014336
25,161,ASTRA_AGF,0.013974008447760422
25,162,ASTRA_AGF,-0.00010889276265324543
25,163,ASTRA_AGF,0.008028064429963067
25,164,ASTRA_AGF,0.0026136978009489997
25,165,ASTRA_AGF,0.011778823171771258
25,166,ASTRA_AGF,0.01191004898376713
25,167,ASTRA_AGF,-0.005317220425545499
25,168,ASTRA_AGF,0.0067168837972158
25,169,ASTRA_AGF,-0.0034935409445870924
25,170,ASTRA_AGF,0.010610216073932754
25,171,ASTRA_AGF,0.0026677755218986743
25,172,ASTRA_AGF,0.008638405279593031
25,173,ASTRA_AGF,0.002855447778223219
25,174,ASTRA_AGF,0.002172591231859866
25,175,ASTRA_AGF,0.008954567773593602
25,176,ASTRA_AGF,0.01172201981625487
25,177,ASTRA_AGF,-0.00037188919043007473
25,178,ASTRA_AGF,0.0016950311426090492
25,179,ASTRA_AGF,0.008881922328164316
25,180,ASTRA_AGF,0.0021022975576555636
25,181,ASTRA_AGF,-0.0013004883640124199
25,182,ASTRA_AGF,0.012637262840656582
25,183,ASTRA_AGF,-0.0018665338300423162
25,184,ASTRA_AGF,0.011131887193691514
25,185,ASTRA_AGF,0.008143417599767222
25,186,ASTRA_AGF,0.012600745234919275
25,187,ASTRA_AGF,0.01255501799656289
25,188,ASTRA_AGF,0.001082065534348975
25,189,ASTRA_AGF,0.009262159903581035
25,190,ASTRA_AGF,0.006543790223696333
25,191,ASTRA_AGF,0.002420227983219725
25,192,ASTRA_AGF,0.006176016190476141
25,193,ASTRA_AGF,-0.0021739274141033826
25,194,ASTRA_AGF,0.007085408889764944
25,195,ASTRA_AGF,0.00872714547009712
25,196,ASTRA_AGF,0.001249638418162502
25,197,ASTRA_AGF,0.010524615561093187
25,198,ASTRA_AGF,0.004477696131674813
25,199,ASTRA_AGF,0.008138848868172954
50,0,EXP010,0.0817922217637782
50,1,EXP010,0.1101135929708893
50,2,EXP010,0.07829961413184405
50,3,EXP010,0.0997016400292372
50,4,EXP010,0.10109844125928347
50,5,EXP010,0.10625265535513262
50,6,EXP010,0.1026929058686411
50,7,EXP010,0.09017538885877596
50,8,EXP010,0.08717508723502876
50,9,EXP010,0.07763361962887327
50,10,EXP010,0.09737939526371941
50,11,EXP010,0.08211054973475673
50,12,EXP010,0.09101225125511625
50,13,EXP010,0.09252504549044116
50,14,EXP010,0.09219825722844899
50,15,EXP010,0.082666305612767
50,16,EXP010,0.11886883204949827
50,17,EXP010,0.10245135452843257
50,18,EXP010,0.0848103693690564
50,19,EXP010,0.07931050273731599
50,20,EXP010,0.08815724217442666
50,21,EXP010,0.08561856843998905
50,22,EXP010,0.09366449924762499
50,23,EXP010,0.0854742948163012
50,24,EXP010,0.09400539840477307
50,25,EXP010,0.06906095560526859
50,26,EXP010,0.09437042464066259
50,27,EXP010,0.06925298470224717
50,28,EXP010,0.09665877836714432
50,29,EXP010,0.08831334029538185
50,30,EXP010,0.0854057309939662
50,31,EXP010,0.0878013850444358
50,32,EXP010,0.103946917757327
50,33,EXP010,0.08377173998018828
50,34,EXP010,0.11762233775285935
50,35,EXP010,0.1016416714506273
50,36,EXP010,0.09563785299142147
50,37,EXP010,0.07768373244115023
50,38,EXP010,0.06831524943019562
50,39,EXP010,0.06528581544814704
50,40,EXP010,0.08831487832874141
50,41,EXP010,0.08334221211643222
50,42,EXP010,0.0995010600222539
50,43,EXP010,0.06913210050234264
50,44,EXP010,0.07737885412188583
50,45,EXP010,0.09318061448015025
50,46,EXP010,0.09631436587964415
50,47,EXP010,0.09341921905181749
50,48,EXP010,0.11917435619019534
50,49,EXP010,0.07696146699545792
50,50,EXP010,0.07781416046949685
50,51,EXP010,0.076865610737892
50,52,EXP010,0.08674776447093846
50,53,EXP010,0.1010618412585117
50,54,EXP010,0.10790781297208862
50,55,EXP010,0.08192298596880532
50,56,EXP010,0.09670401722192656
50,57,EXP010,0.10777173924495376
50,58,EXP010,0.0885562216141842
50,59,EXP010,0.10710265596298596
50,60,EXP010,0.08921520318596543
50,61,EXP010,0.07096802966897764
50,62,EXP010,0.10595781478616229
50,63,EXP010,0.09210558492808607
50,64,EXP010,0.10936516622424108
50,65,EXP010,0.1063744154701588
50,66,EXP010,0.09431245103799757
50,67,EXP010,0.07515766381337496
50,68,EXP010,0.10726306411689146
50,69,EXP010,0.0802729540338254
50,70,EXP010,0.08441555734486128
50,71,EXP010,0.09180155056989514
50,72,EXP010,0.08341701037100313
50,73,EXP010,0.10739508181146995
50,74,EXP010,0.07320388573512537
50,75,EXP010,0.08835863249055986
50,76,EXP010,0.09846194375886586
50,77,EXP010,0.11176580051342011
50,78,EXP010,0.07695420241941886
50,79,EXP010,0.09211912283614554
50,80,EXP010,0.09340883061769412
50,81,EXP010,0.09082748110010963
50,82,EXP010,0.1050501752783436
50,83,EXP010,0.08451673077243371
50,84,EXP010,0.09419009766212305
50,85,EXP010,0.0894053091934891
50,86,EXP010,0.0891055442272699
50,87,EXP010,0.08010547091145859
50,88,EXP010,0.08555902620185996
50,89,EXP010,0.08067666930976591
50,90,EXP010,0.0743544201042341
50,91,EXP010,0.08499704097683036
50,92,EXP010,0.08209884226201802
50,93,EXP010,0.07503038493117553
50,94,EXP010,0.09169637911805228
50,95,EXP010,0.09054217100762063
50,96,EXP010,0.0987349550346952
50,97,EXP010,0.07872866742077322
50,98,EXP010,0.09598976450321717
50,99,EXP010,0.08160546978006
50,100,EXP010,0.08915467054372506
50,101,EXP010,0.09742738224925629
50,102,EXP010,0.09894818426840835
50,103,EXP010,0.09959109474697303
50,104,EXP010,0.10285649261943286
50,105,EXP010,0.0969341085391826
50,106,EXP010,0.09080056726033581
50,107,EXP010,0.08321882781173395
50,108,EXP010,0.058703532773711764
50,109,EXP010,0.105213630840991
50,110,EXP010,0.08343669068010795
50,111,EXP010,0.04334975592865853
50,112,EXP010,0.09413404119823354
50,113,EXP010,0.09537836229859498
50,114,EXP010,0.0926956901710726
50,115,EXP010,0.10387923212106953
50,116,EXP010,0.10200448678092078
50,117,EXP010,0.0921440080569168
50,118,EXP010,0.09620006619754817
50,119,EXP010,0.08865110419983979
50,120,EXP010,0.09281698783608217
50,121,EXP010,0.110258638809966
50,122,EXP010,0.09572815261142842
50,123,EXP010,0.09525024240157942
50,124,EXP010,0.08402207245254778
50,125,EXP010,0.0762436871655372
50,126,EXP010,0.08271637860042635
50,127,EXP010,0.1083271460741212
50,128,EXP010,0.11468643628759834
50,129,EXP010,0.09939430822572293
50,130,EXP010,0.09942016381596308
50,131,EXP010,0.09923748092637663
50,132,EXP010,0.0851264162221339
50,133,EXP010,0.08538962343764955
50,134,EXP010,0.08537179871876621
50,135,EXP010,0.08020373992405738
50,136,EXP010,0.10346706281558316
50,137,EXP010,0.10427303550637435
50,138,EXP010,0.10967748151746659
50,139,EXP010,0.1121765046980282
50,140,EXP010,0.08850003609365042
50,141,EXP010,0.07252984503886517
50,142,EXP010,0.11351670583125861
50,143,EXP010,0.06879531236017289
50,144,EXP010,0.08075870631826598
50,145,EXP010,0.07812856481618025
50,146,EXP010,0.0724933601351262
50,147,EXP010,0.08286438367386872
50,148,EXP010,0.0832445388128199
50,149,EXP010,0.09809927800767682
50,150,EXP010,0.0965386491496657
50,151,EXP010,0.09563752172744877
50,152,EXP010,0.09696324604664852
50,153,EXP010,0.08475193691419824
50,154,EXP010,0.09794839346513773
50,155,EXP010,0.07906976021824819
50,156,EXP010,0.08083670834570111
50,157,EXP010,0.08140200697885258
50,158,EXP010,0.07826428528717788
50,159,EXP010,0.1124113501421361
50,160,EXP010,0.07576036005688092
50,161,EXP010,0.06991900265247242
50,162,EXP010,0.0710708376616751
50,163,EXP010,0.10821921101957233
50,164,EXP010,0.09661418796772847
50,165,EXP010,0.09450320319213257
50,166,EXP010,0.07083543957166971
50,167,EXP010,0.0772811305363883
50,168,EXP010,0.0816565701144425
50,169,EXP010,0.0844935023674448
50,170,EXP010,0.09399551744847967
50,171,EXP010,0.08040274896453048
50,172,EXP010,0.09539384490527691
50,173,EXP010,0.08099306306570364
50,174,EXP010,0.07444800203497959
50,175,EXP010,0.09995511067108864
50,176,EXP010,0.09184816668089613
50,177,EXP010,0.1069414188194937
50,178,EXP010,0.10882450304581348
50,179,EXP010,0.11630118496816522
50,180,EXP010,0.10609814689090125
50,181,EXP010,0.08457448807060364
50,182,EXP010,0.10204630609347509
50,183,EXP010,0.09010794029129887
50,184,EXP010,0.12160148064666709
50,185,EXP010,0.08114839552677433
50,186,EXP010,0.08861129104821952
50,187,EXP010,0.08681746239623322
50,188,EXP010,0.09136427372849654
50,189,EXP010,0.09502246275473569
50,190,EXP010,0.08617047812697276
50,191,EXP010,0.07732672681596542
50,192,EXP010,0.09013699044642909
50,193,EXP010,0.09118784081457354
50,194,EXP010,0.08880821702051656
50,195,EXP010,0.08549755882921606
50,196,EXP010,0.09781780591615052
50,197,EXP010,0.08499764338705595
50,198,EXP010,0.08904782986019677
50,199,EXP010,0.0998483432996976
50,0,EXPF,0.06099048311524635
50,1,EXPF,0.06266560430534573
50,2,EXPF,0.04637091673100768
50,3,EXPF,0.06812953396849597
50,4,EXPF,0.07513868529349832
50,5,EXPF,0.08286524966294295
50,6,EXPF,0.06695644683877344
50,7,EXPF,0.057756689455428
50,8,EXPF,0.050465530567153305
50,9,EXPF,0.04771807496651048
50,10,EXPF,0.059744524271397315
50,11,EXPF,0.05581738015285764
50,12,EXPF,0.060318078117723606
50,13,EXPF,0.050587802261478965
50,14,EXPF,0.051757836801504364
50,15,EXPF,0.0556978917931894
50,16,EXPF,0.07826202423262152
50,17,EXPF,0.06724961029172538
50,18,EXPF,0.04885098985783276
50,19,EXPF,0.04682867727777973
50,20,EXPF,0.05543302825072283
50,21,EXPF,0.05823087254694159
50,22,EXPF,0.059145107071963854
50,23,EXPF,0.05506460471654573
50,24,EXPF,0.055699116771269486
50,25,EXPF,0.03601474009551575
50,26,EXPF,0.06152933659807813
50,27,EXPF,0.03845996649489236
50,28,EXPF,0.05516538970778073
50,29,EXPF,0.05063697247038401
50,30,EXPF,0.05645855572111902
50,31,EXPF,0.057302205854710464
50,32,EXPF,0.08164319953955101
50,33,EXPF,0.05390451066820601
50,34,EXPF,0.08443007940094616
50,35,EXPF,0.07446222760087051
50,36,EXPF,0.07007622746857378
50,37,EXPF,0.05055023311991125
50,38,EXPF,0.0519713820405836
50,39,EXPF,0.040332007582219886
50,40,EXPF,0.05991246267545858
50,41,EXPF,0.05404710391839107
50,42,EXPF,0.07387504717591709
50,43,EXPF,0.04815445396770679
50,44,EXPF,0.046111981109348776
50,45,EXPF,0.0766075047927226
50,46,EXPF,0.0669551829241315
50,47,EXPF,0.07073323842212886
50,48,EXPF,0.08164919487938971
50,49,EXPF,0.044870503613515744
50,50,EXPF,0.04952897913875565
50,51,EXPF,0.05401632387066713
50,52,EXPF,0.06026216832154463
50,53,EXPF,0.05916584862712404
50,54,EXPF,0.07156781273328816
50,55,EXPF,0.05367574701212985
50,56,EXPF,0.06116725039420867
50,57,EXPF,0.0773818062968421
50,58,EXPF,0.059056720359775494
50,59,EXPF,0.06749781176547276
50,60,EXPF,0.06019789514814411
50,61,EXPF,0.040527209546555754
50,62,EXPF,0.07481463482559503
50,63,EXPF,0.06735427979513964
50,64,EXPF,0.061867018738174795
50,65,EXPF,0.06719731346975466
50,66,EXPF,0.058136942918953216
50,67,EXPF,0.058324851893646
50,68,EXPF,0.08164931457247326
50,69,EXPF,0.04618443205024625
50,70,EXPF,0.05914192130137852
50,71,EXPF,0.051958918361399875
50,72,EXPF,0.051725353327395696
50,73,EXPF,0.05458089103680208
50,74,EXPF,0.035545016237373606
50,75,EXPF,0.06978125885022779
50,76,EXPF,0.0759037009280007
50,77,EXPF,0.08677150857417293
50,78,EXPF,0.06659072934728816
50,79,EXPF,0.06582933334024588
50,80,EXPF,0.04410154653007048
50,81,EXPF,0.05393726084847461
50,82,EXPF,0.06641144515387587
50,83,EXPF,0.07880886690423317
50,84,EXPF,0.06780303077184002
50,85,EXPF,0.06526123271341266
50,86,EXPF,0.04812658219516197
50,87,EXPF,0.04810001273852871
50,88,EXPF,0.05427241983141451
50,89,EXPF,0.03877516053465635
50,90,EXPF,0.039214736003923445
50,91,EXPF,0.06284930173102254
50,92,EXPF,0.062021797184944605
50,93,EXPF,0.051215684042747345
50,94,EXPF,0.06745176886575477
50,95,EXPF,0.05454041623948491
50,96,EXPF,0.07217920402525957
50,97,EXPF,0.051359987926366424
50,98,EXPF,0.06559309239963984
50,99,EXPF,0.06230419372445839
50,100,EXPF,0.060149433371419536
50,101,EXPF,0.0606801990542436
50,102,EXPF,0.05987332501374343
50,103,EXPF,0.0638064235532606
50,104,EXPF,0.0591459250575217
50,105,EXPF,0.06027841610373885
50,106,EXPF,0.0691123687517865
50,107,EXPF,0.044385314128433384
50,108,EXPF,0.036537381874548025
50,109,EXPF,0.06740686742600976
50,110,EXPF,0.0577554264878376
50,111,EXPF,0.016826022750887293
50,112,EXPF,0.06769459383723664
50,113,EXPF,0.07012473689477317
50,114,EXPF,0.05550522722558704
50,115,EXPF,0.07035322759447249
50,116,EXPF,0.07168501133409122
50,117,EXPF,0.06601766141527765
50,118,EXPF,0.05851196162722183
50,119,EXPF,0.05969250540443183
50,120,EXPF,0.0570963473750109
50,121,EXPF,0.07969796296100184
50,122,EXPF,0.059617372123906165
50,123,EXPF,0.0659209306415719
50,124,EXPF,0.04749162988703848
50,125,EXPF,0.0605787753905237
50,126,EXPF,0.05626667076718428
50,127,EXPF,0.06971837399322456
50,128,EXPF,0.09855192433218352
50,129,EXPF,0.05536534891372802
50,130,EXPF,0.05819059630737766
50,131,EXPF,0.07989850681677435
50,132,EXPF,0.06632784699528194
50,133,EXPF,0.05077769868904214
50,134,EXPF,0.0445621587983398
50,135,EXPF,0.050917853393281365
50,136,EXPF,0.05906992073379658
50,137,EXPF,0.06946642467527153
50,138,EXPF,0.06489509939110694
50,139,EXPF,0.07734923625449452
50,140,EXPF,0.0684591526588173
50,141,EXPF,0.04614382413344975
50,142,EXPF,0.07973089987494253
50,143,EXPF,0.03465805103271635
50,144,EXPF,0.047760397251226494
50,145,EXPF,0.04107920222701966
50,146,EXPF,0.054507194807274284
50,147,EXPF,0.050654618190651424
50,148,EXPF,0.04839717911181196
50,149,EXPF,0.06539805103345497
50,150,EXPF,0.05565836527922652
50,151,EXPF,0.06201145792019136
50,152,EXPF,0.06758095755830729
50,153,EXPF,0.06938006651142703
50,154,EXPF,0.06758152846926735
50,155,EXPF,0.0575963343036634
50,156,EXPF,0.04491819616567638
50,157,EXPF,0.052381380941375455
50,158,EXPF,0.062295660825347654
50,159,EXPF,0.07189224341139544
50,160,EXPF,0.05676240888502748
50,161,EXPF,0.042476496746583714
50,162,EXPF,0.05484432526942051
50,163,EXPF,0.07067739681224783
50,164,EXPF,0.06723444484622065
50,165,EXPF,0.06546440860151026
50,166,EXPF,0.0504408912030293
50,167,EXPF,0.05208119948900758
50,168,EXPF,0.04781225184494564
50,169,EXPF,0.06081536802048271
50,170,EXPF,0.06265702072587576
50,171,EXPF,0.04674695540669804
50,172,EXPF,0.06967790518394801
50,173,EXPF,0.04808676745507334
50,174,EXPF,0.0413145919610145
50,175,EXPF,0.06462884599813146
50,176,EXPF,0.0709797493694404
50,177,EXPF,0.07113670282295803
50,178,EXPF,0.07673962467295858
50,179,EXPF,0.08284197960201278
50,180,EXPF,0.06556095268956341
50,181,EXPF,0.04529975410845977
50,182,EXPF,0.06835226212417955
50,183,EXPF,0.0656595477854397
50,184,EXPF,0.06615647748241449
50,185,EXPF,0.05441784269929051
50,186,EXPF,0.046706187600525584
50,187,EXPF,0.059403490780915336
50,188,EXPF,0.06598308798276498
50,189,EXPF,0.05099504966269286
50,190,EXPF,0.04947964159056595
50,191,EXPF,0.055957657774456715
50,192,EXPF,0.0623621403184107
50,193,EXPF,0.048288224072499664
50,194,EXPF,0.05870650808304401
50,195,EXPF,0.052600523268051536
50,196,EXPF,0.069408887732477
50,197,EXPF,0.06987622800170012
50,198,EXPF,0.05074263702196968
50,199,EXPF,0.07094744922797835
50,0,ASTRA_AGF,0.015203906479849594
50,1,ASTRA_AGF,0.015054215979893204
50,2,ASTRA_AGF,0.004382630326070669
50,3,ASTRA_AGF,0.017670891160155522
50,4,ASTRA_AGF,0.0034148054701088615
50,5,ASTRA_AGF,0.012165381077124393
50,6,ASTRA_AGF,0.012103479473834833
50,7,ASTRA_AGF,0.0014675457215054255
50,8,ASTRA_AGF,-0.0003614536659348744
50,9,ASTRA_AGF,0.013884032499463461
50,10,ASTRA_AGF,0.008988071042127399
50,11,ASTRA_AGF,0.0065990411515426395
50,12,ASTRA_AGF,0.008349931083373674
50,13,ASTRA_AGF,0.013044200772314718
50,14,ASTRA_AGF,0.01322554885940852
50,15,ASTRA_AGF,0.009044835335348944
50,16,ASTRA_AGF,0.01593410322919242
50,17,ASTRA_AGF,0.012435029254186158
50,18,ASTRA_AGF,0.010502133155490423
50,19,ASTRA_AGF,0.006082195567177484
50,20,ASTRA_AGF,0.006309385110360943
50,21,ASTRA_AGF,0.010512718531878185
50,22,ASTRA_AGF,0.011233432293326961
50,23,ASTRA_AGF,0.002431879659249514
50,24,ASTRA_AGF,-0.00034515343401453347
50,25,ASTRA_AGF,0.0025403642160518602
50,26,ASTRA_AGF,0.009674857467987907
50,27,ASTRA_AGF,0.007347685527844594
50,28,ASTRA_AGF,-0.0005355724810079954
50,29,ASTRA_AGF,0.005159166177366115
50,30,ASTRA_AGF,0.012137022894677996
50,31,ASTRA_AGF,0.013530573553857672
50,32,ASTRA_AGF,0.011977694427951935
50,33,ASTRA_AGF,0.004056357414292333
50,34,ASTRA_AGF,0.0062106100270765685
50,35,ASTRA_AGF,0.011453650159404472
50,36,ASTRA_AGF,0.005311770797698401
50,37,ASTRA_AGF,0.010004373131145328
50,38,ASTRA_AGF,0.0067789163129082786
50,39,ASTRA_AGF,0.008171563023509743
50,40,ASTRA_AGF,0.015143940108294895
50,41,ASTRA_AGF,0.014354014893496192
50,42,ASTRA_AGF,0.0064519608897690706
50,43,ASTRA_AGF,0.008130230066079047
50,44,ASTRA_AGF,0.004765880738411332
50,45,ASTRA_AGF,0.005466221299239682
50,46,ASTRA_AGF,0.013373783232542569
50,47,ASTRA_AGF,0.020411780494426046
50,48,ASTRA_AGF,0.020180874371506397
50,49,ASTRA_AGF,0.004389771593970915
50,50,ASTRA_AGF,0.0044213686973415545
50,51,ASTRA_AGF,0.0140205391831697
50,52,ASTRA_AGF,0.009971736863165104
50,53,ASTRA_AGF,0.006066254536180704
50,54,ASTRA_AGF,0.007381681188328493
50,55,ASTRA_AGF,0.007918701418114127
50,56,ASTRA_AGF,0.014129451188023778
50,57,ASTRA_AGF,0.015428455285760312
50,58,ASTRA_AGF,0.01426484088654667
50,59,ASTRA_AGF,0.00479897349662306
50,60,ASTRA_AGF,0.009871437492790736
50,61,ASTRA_AGF,0.005549951239945838
50,62,ASTRA_AGF,0.011116770202464155
50,63,ASTRA_AGF,0.012754430896169122
50,64,ASTRA_AGF,0.009910517476070968
50,65,ASTRA_AGF,0.01367806143941419
50,66,ASTRA_AGF,0.009644066393709627
50,67,ASTRA_AGF,-0.0009631663460907269
50,68,ASTRA_AGF,0.006528999544886505
50,69,ASTRA_AGF,0.011630331251266002
50,70,ASTRA_AGF,0.011992698531018586
50,71,ASTRA_AGF,0.006426397891983848
50,72,ASTRA_AGF,0.0035017546297833047
50,73,ASTRA_AGF,0.008361117175635924
50,74,ASTRA_AGF,0.009545224891072679
50,75,ASTRA_AGF,0.003239332509649917
50,76,ASTRA_AGF,0.004325120166084884
50,77,ASTRA_AGF,0.01628168162712096
50,78,ASTRA_AGF,0.00523132995083031
50,79,ASTRA_AGF,0.0050892087501777095
50,80,ASTRA_AGF,0.003017763518737282
50,81,ASTRA_AGF,0.00677765646283135
50,82,ASTRA_AGF,0.012822903009656161
50,83,ASTRA_AGF,0.005436262756340793
50,84,ASTRA_AGF,0.009769775269857672
50,85,ASTRA_AGF,0.010120285129256223
50,86,ASTRA_AGF,0.009051164473079631
50,87,ASTRA_AGF,0.006279002333301809
50,88,ASTRA_AGF,0.005431656675918606
50,89,ASTRA_AGF,0.002920374147989735
50,90,ASTRA_AGF,0.0044092104251198805
50,91,ASTRA_AGF,0.018433164730567664
50,92,ASTRA_AGF,0.014115625918803887
50,93,ASTRA_AGF,0.008983591849908934
50,94,ASTRA_AGF,0.011348468968284231
50,95,ASTRA_AGF,0.00629784230347985
50,96,ASTRA_AGF,0.010196952981307184
50,97,ASTRA_AGF,0.008346592999333269
50,98,ASTRA_AGF,0.010475174648070462
50,99,ASTRA_AGF,0.00340278487098733
50,100,ASTRA_AGF,0.01910117197905703
50,101,ASTRA_AGF,0.008671238712213092
50,102,ASTRA_AGF,0.01236948327238907
50,103,ASTRA_AGF,0.01701180829297899
50,104,ASTRA_AGF,0.018337025734685986
50,105,ASTRA_AGF,0.019525285597333686
50,106,ASTRA_AGF,0.01554337946950246
50,107,ASTRA_AGF,0.008634158197734165
50,108,ASTRA_AGF,-0.0017072166316862702
50,109,ASTRA_AGF,0.008951668558634829
50,110,ASTRA_AGF,0.010437926656484797
50,111,ASTRA_AGF,-0.0008066352359066276
50,112,ASTRA_AGF,0.007411947957152609
50,113,ASTRA_AGF,0.010497040180969308
50,114,ASTRA_AGF,0.0193792612075514
50,115,ASTRA_AGF,0.01765136291925018
50,116,ASTRA_AGF,0.015625709757543405
50,117,ASTRA_AGF,0.0076077409613696245
50,118,ASTRA_AGF,0.01863615184395795
50,119,ASTRA_AGF,0.0031476875819520522
50,120,ASTRA_AGF,0.010680254923187804
50,121,ASTRA_AGF,0.0072157431011449225
50,122,ASTRA_AGF,0.007324364926916682
50,123,ASTRA_AGF,0.01423223159191389
50,124,ASTRA_AGF,0.006492668885996311
50,125,ASTRA_AGF,0.005312257687183797
50,126,ASTRA_AGF,0.009125786919062517
50,127,ASTRA_AGF,0.013324123851887082
50,128,ASTRA_AGF,0.010292547981549105
50,129,ASTRA_AGF,0.007944297660086086
50,130,ASTRA_AGF,0.010409144877318588
50,131,ASTRA_AGF,0.008400037367516822
50,132,ASTRA_AGF,0.013586257900142118
50,133,ASTRA_AGF,0.009385550900045558
50,134,ASTRA_AGF,0.003659589286156506
50,135,ASTRA_AGF,0.004786161643323461
50,136,ASTRA_AGF,0.0007098137990766418
50,137,ASTRA_AGF,0.00964037925826322
50,138,ASTRA_AGF,0.01043196778823241
50,139,ASTRA_AGF,0.0037594721350744376
50,140,ASTRA_AGF,0.006936541804504981
50,141,ASTRA_AGF,0.007228850366939765
50,142,ASTRA_AGF,0.013842307326559777
50,143,ASTRA_AGF,0.012771616608800551
50,144,ASTRA_AGF,0.010189707888824007
50,145,ASTRA_AGF,0.010729098473875043
50,146,ASTRA_AGF,0.00830811650139951
50,147,ASTRA_AGF,0.005043520029299975
50,148,ASTRA_AGF,0.007903885811464284
50,149,ASTRA_AGF,0.020837985615263177
50,150,ASTRA_AGF,0.015900909583615563
50,151,ASTRA_AGF,0.018509240080846756
50,152,ASTRA_AGF,0.009188572390182448
50,153,ASTRA_AGF,0.004446033166301877
50,154,ASTRA_AGF,0.0142693121282369
50,155,ASTRA_AGF,0.007937356875212687
50,156,ASTRA_AGF,0.010032992511534777
50,157,ASTRA_AGF,-0.006807702582982578
50,158,ASTRA_AGF,0.006971083687164925
50,159,ASTRA_AGF,0.006291129856470401
50,160,ASTRA_AGF,0.0027854514947295295
50,161,ASTRA_AGF,0.0033835064559192274
50,162,ASTRA_AGF,0.014656832255973695
50,163,ASTRA_AGF,0.012151768098430549
50,164,ASTRA_AGF,0.0038602291129912203
50,165,ASTRA_AGF,0.019120368229404106
50,166,ASTRA_AGF,0.008478172817712681
50,167,ASTRA_AGF,0.004093196156820911
50,168,ASTRA_AGF,0.009862357705102132
50,169,ASTRA_AGF,0.013206286097499076
50,170,ASTRA_AGF,0.008300741233630005
50,171,ASTRA_AGF,0.005146240553838832
50,172,ASTRA_AGF,0.008566245464660449
50,173,ASTRA_AGF,0.01699467015784295
50,174,ASTRA_AGF,0.0024394695165714797
50,175,ASTRA_AGF,0.0068790569966289405
50,176,ASTRA_AGF,0.011531892114473363
50,177,ASTRA_AGF,0.013567889006590339
50,178,ASTRA_AGF,0.011166713194055489
50,179,ASTRA_AGF,0.016050175943909784
50,180,ASTRA_AGF,0.008333434811610085
50,181,ASTRA_AGF,0.009605409855048874
50,182,ASTRA_AGF,0.008887544801127523
50,183,ASTRA_AGF,0.010140667400845405
50,184,ASTRA_AGF,0.01165970456235399
50,185,ASTRA_AGF,0.006502558967165339
50,186,ASTRA_AGF,0.012807670850476072
50,187,ASTRA_AGF,0.005991871676268468
50,188,ASTRA_AGF,0.012595327115891175
50,189,ASTRA_AGF,0.005845821840967491
50,190,ASTRA_AGF,0.007574199892732114
50,191,ASTRA_AGF,0.010725671112652435
50,192,ASTRA_AGF,0.004829468312094187
50,193,ASTRA_AGF,0.0007797344053087629
50,194,ASTRA_AGF,0.013158826885420916
50,195,ASTRA_AGF,0.002688258811098798
50,196,ASTRA_AGF,0.006904530338478709
50,197,ASTRA_AGF,0.012739862433263083
50,198,ASTRA_AGF,0.009871147496096633
50,199,ASTRA_AGF,0.009939828953087537
100,0,EXP010,0.10653598467112402
100,1,EXP010,0.11545277135253751
100,2,EXP010,0.105598652591674
100,3,EXP010,0.10680993950308781
100,4,EXP010,0.12468158833515308
100,5,EXP010,0.12365332479698155
100,6,EXP010,0.11652788003038739
100,7,EXP010,0.10763825333620436
100,8,EXP010,0.10534251236628855
100,9,EXP010,0.10811010371496532
100,10,EXP010,0.11388387893073482
100,11,EXP010,0.1002913920706221
100,12,EXP010,0.10305459367990799
100,13,EXP010,0.10269838718748303
100,14,EXP010,0.09891510998613628
100,15,EXP010,0.09949110967561892
100,16,EXP010,0.14456479917500542
100,17,EXP010,0.1022440115883958
100,18,EXP010,0.10136625223685347
100,19,EXP010,0.09799304314955681
100,20,EXP010,0.09773330775150857
100,21,EXP010,0.1240978111871417
100,22,EXP010,0.10733626953020448
100,23,EXP010,0.1019147448243154
100,24,EXP010,0.11483494502058034
100,25,EXP010,0.10511026198732731
100,26,EXP010,0.10989764327263984
100,27,EXP010,0.09109701175729912
100,28,EXP010,0.11112280586674195
100,29,EXP010,0.10365549719746459
100,30,EXP010,0.11473782849155911
100,31,EXP010,0.10761932763114102
100,32,EXP010,0.1239660096372186
100,33,EXP010,0.11047253657713518
100,34,EXP010,0.12578951292660967
100,35,EXP010,0.12322859088886617
100,36,EXP010,0.1132398358198653
100,37,EXP010,0.09389537825487948
100,38,EXP010,0.10248659264069482
100,39,EXP010,0.10780890291991785
100,40,EXP010,0.0982492048929452
100,41,EXP010,0.10186478751824901
100,42,EXP010,0.10385961415987022
100,43,EXP010,0.09990471881881302
100,44,EXP010,0.1137252192587368
100,45,EXP010,0.11132457926980965
100,46,EXP010,0.10902585487275185
100,47,EXP010,0.11151822219757879
100,48,EXP010,0.11464973428104475
100,49,EXP010,0.10336342607096438
100,50,EXP010,0.0949768453949974
100,51,EXP010,0.12530989142222881
100,52,EXP010,0.11426651981131641
100,53,EXP010,0.10785874625208725
100,54,EXP010,0.09885512229549454
100,55,EXP010,0.10957970556905994
100,56,EXP010,0.11312907736753752
100,57,EXP010,0.11856424513591013
100,58,EXP010,0.10226416089385948
100,59,EXP010,0.12136947775195561
100,60,EXP010,0.1190870523408496
100,61,EXP010,0.07602418858072169
100,62,EXP010,0.11976924929958055
100,63,EXP010,0.11277088581360739
100,64,EXP010,0.1234182411250021
100,65,EXP010,0.12490074894319925
100,66,EXP010,0.11245699918354102
100,67,EXP010,0.09174113290098296
100,68,EXP010,0.10400396728785088
100,69,EXP010,0.09645417074170615
100,70,EXP010,0.11485924590418706
100,71,EXP010,0.12091184388988663
100,72,EXP010,0.11523699819571531
100,73,EXP010,0.11116233288472066
100,74,EXP010,0.10202815845501312
100,75,EXP010,0.09940772270801446
100,76,EXP010,0.10897516821690689
100,77,EXP010,0.12491762095260095
100,78,EXP010,0.09083951861427941
100,79,EXP010,0.10934396971613158
100,80,EXP010,0.11295800607338091
100,81,EXP010,0.10723717776508435
100,82,EXP010,0.12052103065368691
100,83,EXP010,0.10811644541131504
100,84,EXP010,0.1175518295627942
100,85,EXP010,0.1126892181045065
100,86,EXP010,0.10164209682393888
100,87,EXP010,0.10935886953730056
100,88,EXP010,0.10861134175724174
100,89,EXP010,0.1139177577836703
100,90,EXP010,0.10807076035477547
100,91,EXP010,0.08800707322964663
100,92,EXP010,0.09887623581423988
100,93,EXP010,0.10952920840197777
100,94,EXP010,0.10930991593710404
100,95,EXP010,0.11223717146616174
100,96,EXP010,0.11688047925367084
100,97,EXP010,0.09765132639514784
100,98,EXP010,0.11057281202637148
100,99,EXP010,0.11252914009388981
100,100,EXP010,0.0897459605638361
100,101,EXP010,0.10789380808777049
100,102,EXP010,0.10786702371394152
100,103,EXP010,0.10361430307298125
100,104,EXP010,0.1082733815647029
100,105,EXP010,0.10888057154188513
100,106,EXP010,0.11162857230085887
100,107,EXP010,0.10124888743939797
100,108,EXP010,0.09206535855186282
100,109,EXP010,0.11990545132542019
100,110,EXP010,0.10749128596946911
100,111,EXP010,0.07257838519229931
100,112,EXP010,0.10884386421988557
100,113,EXP010,0.11472729377581314
100,114,EXP010,0.10717135534578182
100,115,EXP010,0.11373272470159357
100,116,EXP010,0.1044718063192156
100,117,EXP010,0.10392742712949665
100,118,EXP010,0.10681890163561558
100,119,EXP010,0.13061578306615296
100,120,EXP010,0.1048200261551725
100,121,EXP010,0.10360542886273516
100,122,EXP010,0.10314872733724212
100,123,EXP010,0.10204901451879878
100,124,EXP010,0.11994815336656428
100,125,EXP010,0.0899519498853617
100,126,EXP010,0.10332027060616222
100,127,EXP010,0.12626068430007276
100,128,EXP010,0.11770406625088536
100,129,EXP010,0.12090330617411338
100,130,EXP010,0.11600102253260569
100,131,EXP010,0.11948476572619848
100,132,EXP010,0.09400325822993216
100,133,EXP010,0.11262976929166968
100,134,EXP010,0.09165545486463211
100,135,EXP010,0.11177474753381245
100,136,EXP010,0.13211099501808243
100,137,EXP010,0.11588339873193021
100,138,EXP010,0.12687309127251123
100,139,EXP010,0.10869691192449571
100,140,EXP010,0.10935674914325366
100,141,EXP010,0.09632541941765227
100,142,EXP010,0.11700096596103904
100,143,EXP010,0.0975048718882835
100,144,EXP010,0.08735781769115769
100,145,EXP010,0.09848914371548145
100,146,EXP010,0.09258686080371303
100,147,EXP010,0.10010059954100292
100,148,EXP010,0.10778978096402547
100,149,EXP010,0.11277634880231757
100,150,EXP010,0.11883730401451331
100,151,EXP010,0.11411105660332788
100,152,EXP010,0.11005530771232186
100,153,EXP010,0.11934797412860754
100,154,EXP010,0.09718611587833548
100,155,EXP010,0.10115323605516657
100,156,EXP010,0.09147093256370498
100,157,EXP010,0.10289052970647716
100,158,EXP010,0.10587563665724076
100,159,EXP010,0.12307528831953685
100,160,EXP010,0.10265624041291732
100,161,EXP010,0.09805597118362097
100,162,EXP010,0.09611651216680839
100,163,EXP010,0.10609492369007434
100,164,EXP010,0.11340606160084565
100,165,EXP010,0.10591137005600981
100,166,EXP010,0.09861332624263608
100,167,EXP010,0.10702314449007388
100,168,EXP010,0.1128313914874981
100,169,EXP010,0.10395741031316863
100,170,EXP010,0.1211242331212008
100,171,EXP010,0.09938629075396588
100,172,EXP010,0.11501879441610008
100,173,EXP010,0.11556640738926383
100,174,EXP010,0.10649409460466486
100,175,EXP010,0.11312305582326343
100,176,EXP010,0.11100318441720203
100,177,EXP010,0.12031907743676429
100,178,EXP010,0.11500318204762916
100,179,EXP010,0.11991662574861706
100,180,EXP010,0.1255899287435972
100,181,EXP010,0.09833220898349027
100,182,EXP010,0.1131779196371675
100,183,EXP010,0.10898859998479704
100,184,EXP010,0.11973684805822449
100,185,EXP010,0.10889622775383145
100,186,EXP010,0.10331467753734291
100,187,EXP010,0.10130565850577433
100,188,EXP010,0.11425823158156756
100,189,EXP010,0.09549623901209947
100,190,EXP010,0.11002534323980906
100,191,EXP010,0.10584151716268875
100,192,EXP010,0.10863689219913919
100,193,EXP010,0.11300908175790447
100,194,EXP010,0.11227370749971044
100,195,EXP010,0.08838723788703229
100,196,EXP010,0.11377524346611334
100,197,EXP010,0.09839523888061918
100,198,EXP010,0.11909902092417068
100,199,EXP010,0.1146874710325233
100,0,EXPF,0.08053471537482271
100,1,EXPF,0.07187258693209331
100,2,EXPF,0.07815520509467222
100,3,EXPF,0.07473761774593235
100,4,EXPF,0.09492071374177902
100,5,EXPF,0.0910865820369352
100,6,EXPF,0.0792287752585975
100,7,EXPF,0.06442789622434342
100,8,EXPF,0.06339461722943518
100,9,EXPF,0.0738138903261627
100,10,EXPF,0.07491785622468738
100,11,EXPF,0.062441921999501715
100,12,EXPF,0.0732755299358051
100,13,EXPF,0.06626215236849253
100,14,EXPF,0.06657546181752205
100,15,EXPF,0.07786259792410499
100,16,EXPF,0.08936035679626064
100,17,EXPF,0.07046050204540633
100,18,EXPF,0.05863726988474183
100,19,EXPF,0.07048233436379048
100,20,EXPF,0.06897562884171915
100,21,EXPF,0.09073013699708588
100,22,EXPF,0.0738478405426185
100,23,EXPF,0.0717719409961699
100,24,EXPF,0.07272629972340994
100,25,EXPF,0.07441754826002855
100,26,EXPF,0.07363814459374263
100,27,EXPF,0.06007452826045301
100,28,EXPF,0.06969837799131229
100,29,EXPF,0.06897199161510126
100,30,EXPF,0.0850547287037543
100,31,EXPF,0.0759043447587231
100,32,EXPF,0.09700259407217415
100,33,EXPF,0.07164056632288973
100,34,EXPF,0.08928398177422725
100,35,EXPF,0.08883674788184981
100,36,EXPF,0.08290158597404473
100,37,EXPF,0.061201833790748617
100,38,EXPF,0.07444595805049692
100,39,EXPF,0.08007161736695112
100,40,EXPF,0.0707291279733363
100,41,EXPF,0.07807271785523662
100,42,EXPF,0.07501618392387566
100,43,EXPF,0.07270824041966872
100,44,EXPF,0.07139704307863248
100,45,EXPF,0.0908406739562867
100,46,EXPF,0.07728403576756038
100,47,EXPF,0.08866680349331635
100,48,EXPF,0.08015461635995191
100,49,EXPF,0.06567263320384131
100,50,EXPF,0.06379007713976148
100,51,EXPF,0.0837959064019761
100,52,EXPF,0.07888843577099003
100,53,EXPF,0.06274050466103276
100,54,EXPF,0.07191280196406868
100,55,EXPF,0.06854548568191265
100,56,EXPF,0.08096573363003112
100,57,EXPF,0.08695987306754471
100,58,EXPF,0.06903088477410835
100,59,EXPF,0.08966220701873628
100,60,EXPF,0.08478968195680281
100,61,EXPF,0.057456167539618797
100,62,EXPF,0.08268560072670683
100,63,EXPF,0.08856830307189323
100,64,EXPF,0.07577634483466733
100,65,EXPF,0.07936716546334188
100,66,EXPF,0.07448144301230752
100,67,EXPF,0.06575117939050401
100,68,EXPF,0.08173375715583642
100,69,EXPF,0.05952145855199231
100,70,EXPF,0.08229302602937927
100,71,EXPF,0.0826797682859528
100,72,EXPF,0.07149345389020356
100,73,EXPF,0.0626530604821659
100,74,EXPF,0.06742962050183177
100,75,EXPF,0.06636424291940968
100,76,EXPF,0.08137755092816978
100,77,EXPF,0.09595632335478632
100,78,EXPF,0.0638447664039663
100,79,EXPF,0.08254228609055214
100,80,EXPF,0.06485196459276144
100,81,EXPF,0.07026599591549998
100,82,EXPF,0.07690168888027138
100,83,EXPF,0.08120664314582327
100,84,EXPF,0.08639892360936507
100,85,EXPF,0.08350021141666786
100,86,EXPF,0.06165045209653408
100,87,EXPF,0.07006181343832463
100,88,EXPF,0.07905191207763473
100,89,EXPF,0.06437073221418521
100,90,EXPF,0.06782477239850682
100,91,EXPF,0.06669746099360263
100,92,EXPF,0.0768325437382057
100,93,EXPF,0.07715627135951053
100,94,EXPF,0.08082878984837016
100,95,EXPF,0.08273736419365196
100,96,EXPF,0.0920414121808909
100,97,EXPF,0.0694256681280142
100,98,EXPF,0.07355531888746714
100,99,EXPF,0.08872674500668198
100,100,EXPF,0.05901296008738399
100,101,EXPF,0.07479257837827558
100,102,EXPF,0.07583029823999854
100,103,EXPF,0.07492817839557864
100,104,EXPF,0.07726603069751048
100,105,EXPF,0.07770552879866544
100,106,EXPF,0.07816730871625466
100,107,EXPF,0.06478398392207341
100,108,EXPF,0.066303879409357
100,109,EXPF,0.07899964989953168
100,110,EXPF,0.07537666041562852
100,111,EXPF,0.04748369414516118
100,112,EXPF,0.07481971175638702
100,113,EXPF,0.07810478744271321
100,114,EXPF,0.07480433243823825
100,115,EXPF,0.07343916272847406
100,116,EXPF,0.0679535420788645
100,117,EXPF,0.07039113441719824
100,118,EXPF,0.07912968756584526
100,119,EXPF,0.0878528199236065
100,120,EXPF,0.06357242627582649
100,121,EXPF,0.07998765828567656
100,122,EXPF,0.06630532999470318
100,123,EXPF,0.07891947537768595
100,124,EXPF,0.08065458709068785
100,125,EXPF,0.06383607589323292
100,126,EXPF,0.07809152362577043
100,127,EXPF,0.08845887088720372
100,128,EXPF,0.09573786131523543
100,129,EXPF,0.08088982357349628
100,130,EXPF,0.08116069194280418
100,131,EXPF,0.08485741647308187
100,132,EXPF,0.06323776096352018
100,133,EXPF,0.07339830081951226
100,134,EXPF,0.06043656950960785
100,135,EXPF,0.07373622860903506
100,136,EXPF,0.09389613732825353
100,137,EXPF,0.08946964124691181
100,138,EXPF,0.09441987154900167
100,139,EXPF,0.08011653349442349
100,140,EXPF,0.07632550386876313
100,141,EXPF,0.0715285375010577
100,142,EXPF,0.07528179789788458
100,143,EXPF,0.06622122084695059
100,144,EXPF,0.0513169752049043
100,145,EXPF,0.06476015356310871
100,146,EXPF,0.07208682312811454
100,147,EXPF,0.06907358058058144
100,148,EXPF,0.07135688079773606
100,149,EXPF,0.08498070133854174
100,150,EXPF,0.08087002146915745
100,151,EXPF,0.08126414420690176
100,152,EXPF,0.0763697227664335
100,153,EXPF,0.08810562510730469
100,154,EXPF,0.061960853364912194
100,155,EXPF,0.07230206194992617
100,156,EXPF,0.06343957324240213
100,157,EXPF,0.07172505744679647
100,158,EXPF,0.08318398951823602
100,159,EXPF,0.0769552105234943
100,160,EXPF,0.07181936832641156
100,161,EXPF,0.0703012708895262
100,162,EXPF,0.06702896334164743
100,163,EXPF,0.06489385438037176
100,164,EXPF,0.07571460644725214
100,165,EXPF,0.07743856758466516
100,166,EXPF,0.07924681150405455
100,167,EXPF,0.07683294474558833
100,168,EXPF,0.08042237998826818
100,169,EXPF,0.07129196671297922
100,170,EXPF,0.08475448593723067
100,171,EXPF,0.06677545295952492
100,172,EXPF,0.08820169604799566
100,173,EXPF,0.08390831901887785
100,174,EXPF,0.07452080937857497
100,175,EXPF,0.07590602943158165
100,176,EXPF,0.08819859018972598
100,177,EXPF,0.08498450149050685
100,178,EXPF,0.08073641267721332
100,179,EXPF,0.0830651699746826
100,180,EXPF,0.08568826330607027
100,181,EXPF,0.05702089442548197
100,182,EXPF,0.07148934383269323
100,183,EXPF,0.08398138212675899
100,184,EXPF,0.08367751611451035
100,185,EXPF,0.08423751877427388
100,186,EXPF,0.06732408742170004
100,187,EXPF,0.06977337556054064
100,188,EXPF,0.08097545447642363
100,189,EXPF,0.054528728034047846
100,190,EXPF,0.06991381896284499
100,191,EXPF,0.07782566896859044
100,192,EXPF,0.07817677818878488
100,193,EXPF,0.07079147087023696
100,194,EXPF,0.07805530305030484
100,195,EXPF,0.057347741008589415
100,196,EXPF,0.08349531622898376
100,197,EXPF,0.06785474188389562
100,198,EXPF,0.08152136381407238
100,199,EXPF,0.08429359996740937
100,0,ASTRA_AGF,0.022512567310633003
100,1,ASTRA_AGF,0.011732225913850702
100,2,ASTRA_AGF,0.017706941729166648
100,3,ASTRA_AGF,0.01938242393695866
100,4,ASTRA_AGF,0.018113928239682053
100,5,ASTRA_AGF,0.0197196864299094
100,6,ASTRA_AGF,0.018793220012050527
100,7,ASTRA_AGF,0.01774404075142333
100,8,ASTRA_AGF,0.012693638205985125
100,9,ASTRA_AGF,0.012358261865318632
100,10,ASTRA_AGF,0.014732909878120481
100,11,ASTRA_AGF,0.004962386592110679
100,12,ASTRA_AGF,0.01689591356483433
100,13,ASTRA_AGF,0.010255400949516824
100,14,ASTRA_AGF,0.015128153420011059
100,15,ASTRA_AGF,0.012313786384734016
100,16,ASTRA_AGF,0.018979686932323436
100,17,ASTRA_AGF,0.011199876859414593
100,18,ASTRA_AGF,0.01604539967509755
100,19,ASTRA_AGF,0.013392883825966817
100,20,ASTRA_AGF,0.016283276780500233
100,21,ASTRA_AGF,0.019003591637929307
100,22,ASTRA_AGF,0.009218183320952034
100,23,ASTRA_AGF,0.00993649334421809
100,24,ASTRA_AGF,0.013733544667355102
100,25,ASTRA_AGF,0.014366125048420164
100,26,ASTRA_AGF,0.012130476802294177
100,27,ASTRA_AGF,0.006241729512315275
100,28,ASTRA_AGF,0.013121830954932134
100,29,ASTRA_AGF,0.01081949287175199
100,30,ASTRA_AGF,0.014956151712534504
100,31,ASTRA_AGF,0.014902894206552775
100,32,ASTRA_AGF,0.014018991494311295
100,33,ASTRA_AGF,0.015900986901181136
100,34,ASTRA_AGF,0.013355922461442571
100,35,ASTRA_AGF,0.014122458502223045
100,36,ASTRA_AGF,0.014907825397610486
100,37,ASTRA_AGF,0.015768565141042856
100,38,ASTRA_AGF,0.017599677721152895
100,39,ASTRA_AGF,0.011555381919060248
100,40,ASTRA_AGF,0.013093903489746705
100,41,ASTRA_AGF,0.017624831303481137
100,42,ASTRA_AGF,0.009046934400176454
100,43,ASTRA_AGF,0.016196119040579715
100,44,ASTRA_AGF,0.019703649311271443
100,45,ASTRA_AGF,0.011885541633743446
100,46,ASTRA_AGF,0.012054816456533501
100,47,ASTRA_AGF,0.016852271179366607
100,48,ASTRA_AGF,0.016325582126618055
100,49,ASTRA_AGF,0.008086715354180374
100,50,ASTRA_AGF,0.013624547345795768
100,51,ASTRA_AGF,0.013883182196764321
100,52,ASTRA_AGF,0.013280605116659072
100,53,ASTRA_AGF,0.008475991953458273
100,54,ASTRA_AGF,0.013666927382106508
100,55,ASTRA_AGF,0.012204964687002162
100,56,ASTRA_AGF,0.0181745729172057
100,57,ASTRA_AGF,0.014052169806887616
100,58,ASTRA_AGF,0.015233774189932991
100,59,ASTRA_AGF,0.009588114589013097
100,60,ASTRA_AGF,0.015035740272304032
100,61,ASTRA_AGF,0.011050342863610285
100,62,ASTRA_AGF,0.01877461989752971
100,63,ASTRA_AGF,0.013633690313760605
100,64,ASTRA_AGF,0.02232620565247978
100,65,ASTRA_AGF,0.012429223246264498
100,66,ASTRA_AGF,0.011736146194472608
100,67,ASTRA_AGF,0.006766854621878204
100,68,ASTRA_AGF,0.00415832386638193
100,69,ASTRA_AGF,0.012582288589316537
100,70,ASTRA_AGF,0.015272556024035433
100,71,ASTRA_AGF,0.007844000980943622
100,72,ASTRA_AGF,0.009275877518836184
100,73,ASTRA_AGF,0.009053652057399497
100,74,ASTRA_AGF,0.011873724191025725
100,75,ASTRA_AGF,0.008364045971065104
100,76,ASTRA_AGF,0.015021461095166888
100,77,ASTRA_AGF,0.01240229237191659
100,78,ASTRA_AGF,0.011170255714942456
100,79,ASTRA_AGF,0.012174184322562676
100,80,ASTRA_AGF,0.013071207463125178
100,81,ASTRA_AGF,0.014213041737650034
100,82,ASTRA_AGF,0.012544483896210656
100,83,ASTRA_AGF,0.012040156253601442
100,84,ASTRA_AGF,0.012186942596360884
100,85,ASTRA_AGF,0.010398372113483267
100,86,ASTRA_AGF,0.010925983999115041
100,87,ASTRA_AGF,0.009469617602501645
100,88,ASTRA_AGF,0.011775445605958668
100,89,ASTRA_AGF,0.015403287812114197
100,90,ASTRA_AGF,0.01064055181417245
100,91,ASTRA_AGF,0.010722970509020824
100,92,ASTRA_AGF,0.018902619013016042
100,93,ASTRA_AGF,0.009369747489735403
100,94,ASTRA_AGF,0.01488323131148328
100,95,ASTRA_AGF,0.013284088218155299
100,96,ASTRA_AGF,0.014851660163882618
100,97,ASTRA_AGF,0.008095568621673266
100,98,ASTRA_AGF,0.015450438602654382
100,99,ASTRA_AGF,0.011833749719686204
100,100,ASTRA_AGF,0.011464534068761134
100,101,ASTRA_AGF,0.012907755056497217
100,102,ASTRA_AGF,0.018121248637705922
100,103,ASTRA_AGF,0.019403595427796905
100,104,ASTRA_AGF,0.018362870969528267
100,105,ASTRA_AGF,0.02337824824959922
100,106,ASTRA_AGF,0.009140573068403102
100,107,ASTRA_AGF,0.017435058244743007
100,108,ASTRA_AGF,0.01638712236216322
100,109,ASTRA_AGF,0.02560736402077113
100,110,ASTRA_AGF,0.009156082635924156
100,111,ASTRA_AGF,0.018999802851500713
100,112,ASTRA_AGF,0.013546829350426504
100,113,ASTRA_AGF,0.01160399872258
100,114,ASTRA_AGF,0.024215273819412242
100,115,ASTRA_AGF,0.011676620162011209
100,116,ASTRA_AGF,0.01686735547445417
100,117,ASTRA_AGF,0.0060510779224897115
100,118,ASTRA_AGF,0.015119548581497888
100,119,ASTRA_AGF,0.017397070365247735
100,120,ASTRA_AGF,0.010228807376084892
100,121,ASTRA_AGF,0.008684464000961789
100,122,ASTRA_AGF,0.014936655430550339
100,123,ASTRA_AGF,0.020901451986795605
100,124,ASTRA_AGF,0.0160226846691901
100,125,ASTRA_AGF,0.008835957093747515
100,126,ASTRA_AGF,0.0159243733385398
100,127,ASTRA_AGF,0.013982845949442657
100,128,ASTRA_AGF,0.01399803310382619
100,129,ASTRA_AGF,0.015522637101155756
100,130,ASTRA_AGF,0.017845570976007807
100,131,ASTRA_AGF,0.011599041228373741
100,132,ASTRA_AGF,0.0040386997111442335
100,133,ASTRA_AGF,0.01256720270839029
100,134,ASTRA_AGF,0.010047874436715842
100,135,ASTRA_AGF,0.012559693507027792
100,136,ASTRA_AGF,0.015792802584260524
100,137,ASTRA_AGF,0.010790902750419384
100,138,ASTRA_AGF,0.014119114309706804
100,139,ASTRA_AGF,0.008283281683653998
100,140,ASTRA_AGF,0.011833729059244402
100,141,ASTRA_AGF,0.01829758548333149
100,142,ASTRA_AGF,0.006754920448964308
100,143,ASTRA_AGF,0.006866181654256565
100,144,ASTRA_AGF,0.0048025741514818865
100,145,ASTRA_AGF,0.010937828871285693
100,146,ASTRA_AGF,0.013964625639291572
100,147,ASTRA_AGF,0.006140892099328221
100,148,ASTRA_AGF,0.012185340919275145
100,149,ASTRA_AGF,0.018821796407044733
100,150,ASTRA_AGF,0.012449247911171857
100,151,ASTRA_AGF,0.016331220700003146
100,152,ASTRA_AGF,0.010973117769022322
100,153,ASTRA_AGF,0.02426915623482906
100,154,ASTRA_AGF,0.01494261367504468
100,155,ASTRA_AGF,0.010088488180517885
100,156,ASTRA_AGF,0.020008611040566837
100,157,ASTRA_AGF,0.007607432020213967
100,158,ASTRA_AGF,0.01605018217839771
100,159,ASTRA_AGF,0.01243995166862577
100,160,ASTRA_AGF,0.014132082492260056
100,161,ASTRA_AGF,0.013071910369121809
100,162,ASTRA_AGF,0.013889062707365563
100,163,ASTRA_AGF,0.01715700610536719
100,164,ASTRA_AGF,0.01343207950955183
100,165,ASTRA_AGF,0.013227593877669475
100,166,ASTRA_AGF,0.024059021709386785
100,167,ASTRA_AGF,0.015184134392817517
100,168,ASTRA_AGF,0.020400911415062395
100,169,ASTRA_AGF,0.008003166073568102
100,170,ASTRA_AGF,0.015487811148566566
100,171,ASTRA_AGF,0.009937634873574908
100,172,ASTRA_AGF,0.019646876240970612
100,173,ASTRA_AGF,0.012353552008565138
100,174,ASTRA_AGF,0.012811011041635956
100,175,ASTRA_AGF,0.017068996520705926
100,176,ASTRA_AGF,0.017768916855571693
100,177,ASTRA_AGF,0.015871969157600363
100,178,ASTRA_AGF,0.014310807014175198
100,179,ASTRA_AGF,0.009545239772956515
100,180,ASTRA_AGF,0.018932656764084288
100,181,ASTRA_AGF,0.009128869970774445
100,182,ASTRA_AGF,0.013914180049866776
100,183,ASTRA_AGF,0.018229350753278695
100,184,ASTRA_AGF,0.011270630465695763
100,185,ASTRA_AGF,0.017289138793363135
100,186,ASTRA_AGF,0.01673994485573216
100,187,ASTRA_AGF,0.015077933387098175
100,188,ASTRA_AGF,0.01828819562728279
100,189,ASTRA_AGF,0.0012948835133553827
100,190,ASTRA_AGF,0.018111503668981954
100,191,ASTRA_AGF,0.01750202136582857
100,192,ASTRA_AGF,0.01907011218514587
100,193,ASTRA_AGF,0.01183499177738534
100,194,ASTRA_AGF,0.01745715622704369
100,195,ASTRA_AGF,0.009659434024402391
100,196,ASTRA_AGF,0.013777238267434266
100,197,ASTRA_AGF,0.010797345142125159
100,198,ASTRA_AGF,0.017706267049372726
100,199,ASTRA_AGF,0.017211887481794252
200,0,EXP010,0.12181665954469845
200,1,EXP010,0.1355465267117426
200,2,EXP010,0.12504998443285942
200,3,EXP010,0.1231842890069279
200,4,EXP010,0.1339969595653785
200,5,EXP010,0.13681537417072542
200,6,EXP010,0.12978889639675228
200,7,EXP010,0.1314684446686507
200,8,EXP010,0.12492747425618456
200,9,EXP010,0.14090560201991342
200,10,EXP010,0.1312406118925018
200,11,EXP010,0.12631195532636985
200,12,EXP010,0.11880041518637652
200,13,EXP010,0.12291197256354824
200,14,EXP010,0.12350347246184645
200,15,EXP010,0.1191609266621495
200,16,EXP010,0.14061368919682127
200,17,EXP010,0.12862601897064685
200,18,EXP010,0.11470294639450074
200,19,EXP010,0.1249779974586609
200,20,EXP010,0.12759953938573243
200,21,EXP010,0.13276344917365646
200,22,EXP010,0.12765977665531114
200,23,EXP010,0.1356216403820586
200,24,EXP010,0.1214784783436138
200,25,EXP010,0.11574854453207784
200,26,EXP010,0.1326213963614299
200,27,EXP010,0.11373435273204335
200,28,EXP010,0.12014426953806334
200,29,EXP010,0.12277771836931017
200,30,EXP010,0.13487262979950854
200,31,EXP010,0.1284998162630221
200,32,EXP010,0.12410616678061326
200,33,EXP010,0.12808903217448708
200,34,EXP010,0.1324331298347945
200,35,EXP010,0.12235600979795525
200,36,EXP010,0.12619786643484288
200,37,EXP010,0.11564435173871768
200,38,EXP010,0.1197413270562726
200,39,EXP010,0.1253876520194145
200,40,EXP010,0.13048776466733802
200,41,EXP010,0.12403934234755754
200,42,EXP010,0.12093561996043678
200,43,EXP010,0.12238586507881666
200,44,EXP010,0.12885983213974572
200,45,EXP010,0.12031781934078856
200,46,EXP010,0.12047752923007349
200,47,EXP010,0.12742269720683996
200,48,EXP010,0.12032387987567994
200,49,EXP010,0.12350063481943918
200,50,EXP010,0.12298093794154386
200,51,EXP010,0.14211213250076116
200,52,EXP010,0.1266448791569703
200,53,EXP010,0.12710694032416403
200,54,EXP010,0.12199594964054528
200,55,EXP010,0.12512735754864557
200,56,EXP010,0.12719354609755806
200,57,EXP010,0.1268139476253658
200,58,EXP010,0.12303890386848937
200,59,EXP010,0.12780479216209717
200,60,EXP010,0.12866379145276075
200,61,EXP010,0.11491453934240825
200,62,EXP010,0.13228038038369516
200,63,EXP010,0.1312331565676894
200,64,EXP010,0.1382765408718737
200,65,EXP010,0.13703606872331076
200,66,EXP010,0.12531945467263783
200,67,EXP010,0.12735258356627155
200,68,EXP010,0.12357929220815356
200,69,EXP010,0.12259556552903628
200,70,EXP010,0.12530477098202486
200,71,EXP010,0.13160157053617205
200,72,EXP010,0.13279986827772672
200,73,EXP010,0.13636795684502512
200,74,EXP010,0.1254204635295021
200,75,EXP010,0.12579104082921733
200,76,EXP010,0.125254250435064
200,77,EXP010,0.13180829092524637
200,78,EXP010,0.12252275021941483
200,79,EXP010,0.12174485249727585
200,80,EXP010,0.12178534841106536
200,81,EXP010,0.12482134503431741
200,82,EXP010,0.13212420757726206
200,83,EXP010,0.12337123280160522
200,84,EXP010,0.1320229771323994
200,85,EXP010,0.12554185409425167
200,86,EXP010,0.12164141242897619
200,87,EXP010,0.12932424464807046
200,88,EXP010,0.1258719771625041
200,89,EXP010,0.12867439434493255
200,90,EXP010,0.12598039179491205
200,91,EXP010,0.11848312226922864
200,92,EXP010,0.12625985713627885
200,93,EXP010,0.13469812206215748
200,94,EXP010,0.12210628394943246
200,95,EXP010,0.12956067239604652
200,96,EXP010,0.1380045357804931
200,97,EXP010,0.11893017355618463
200,98,EXP010,0.13363802249693757
200,99,EXP010,0.1257564329539016
200,100,EXP010,0.11809048780364251
200,101,EXP010,0.1168323098316828
200,102,EXP010,0.12852834839529848
200,103,EXP010,0.12472120931601938
200,104,EXP010,0.13356814399194572
200,105,EXP010,0.12219282866572179
200,106,EXP010,0.12804028890678965
200,107,EXP010,0.12311916652565247
200,108,EXP010,0.11396601808941165
200,109,EXP010,0.12845312171479828
200,110,EXP010,0.11675157731986674
200,111,EXP010,0.1074093541875848
200,112,EXP010,0.12514950765488997
200,113,EXP010,0.13440505388069246
200,114,EXP010,0.12277186765473591
200,115,EXP010,0.13141048414139556
200,116,EXP010,0.1279934340024873
200,117,EXP010,0.12251001707942888
200,118,EXP010,0.12552798068562865
200,119,EXP010,0.12977255389467068
200,120,EXP010,0.11950598224012776
200,121,EXP010,0.1252407704443954
200,122,EXP010,0.1245021153961049
200,123,EXP010,0.12492103083831518
200,124,EXP010,0.12994711990786934
200,125,EXP010,0.12443213000182929
200,126,EXP010,0.12274528217392733
200,127,EXP010,0.12250494922643995
200,128,EXP010,0.12070999148300676
200,129,EXP010,0.13917770947855346
200,130,EXP010,0.1304884033296856
200,131,EXP010,0.13722982982616327
200,132,EXP010,0.11800704683602159
200,133,EXP010,0.1360683793563051
200,134,EXP010,0.12043456959755006
200,135,EXP010,0.12768292986658236
200,136,EXP010,0.14828732550416046
200,137,EXP010,0.12409026402808676
200,138,EXP010,0.13655778555869114
200,139,EXP010,0.12530009486502136
200,140,EXP010,0.11665148561310457
200,141,EXP010,0.12390162916272307
200,142,EXP010,0.14228234562736186
200,143,EXP010,0.1333851499461629
200,144,EXP010,0.11129920013304373
200,145,EXP010,0.12039246143597704
200,146,EXP010,0.11215554873733158
200,147,EXP010,0.12532312523655842
200,148,EXP010,0.13167413461918676
200,149,EXP010,0.12390893438495587
200,150,EXP010,0.1311349248819229
200,151,EXP010,0.12970113254737903
200,152,EXP010,0.11785962908219183
200,153,EXP010,0.133060797169265
200,154,EXP010,0.11846879887328488
200,155,EXP010,0.13956234937233958
200,156,EXP010,0.12628951606189076
200,157,EXP010,0.12362242916271082
200,158,EXP010,0.13339597308158813
200,159,EXP010,0.1305082912613461
200,160,EXP010,0.12227680995823975
200,161,EXP010,0.1264971643099576
200,162,EXP010,0.12100490015538679
200,163,EXP010,0.12526561615238108
200,164,EXP010,0.13693687200561255
200,165,EXP010,0.12462402173311238
200,166,EXP010,0.12677738791287785
200,167,EXP010,0.11682163124764744
200,168,EXP010,0.12350004294368955
200,169,EXP010,0.13219059618115647
200,170,EXP010,0.12648410862455384
200,171,EXP010,0.12361889343939125
200,172,EXP010,0.12267590930936845
200,173,EXP010,0.13365707061535725
200,174,EXP010,0.12025568289017541
200,175,EXP010,0.1189727382583462
200,176,EXP010,0.12912632561535464
200,177,EXP010,0.1326312478153714
200,178,EXP010,0.12545258910762458
200,179,EXP010,0.1367618117157442
200,180,EXP010,0.1349890488928993
200,181,EXP010,0.12405425122848546
200,182,EXP010,0.12786874604185827
200,183,EXP010,0.12416860851981937
200,184,EXP010,0.13652215427341008
200,185,EXP010,0.12135455880221324
200,186,EXP010,0.12911195173495926
200,187,EXP010,0.11964791719603685
200,188,EXP010,0.12805600142182305
200,189,EXP010,0.12076640264141425
200,190,EXP010,0.1258596088736207
200,191,EXP010,0.12340915449751488
200,192,EXP010,0.1216800398038157
200,193,EXP010,0.12645506426304276
200,194,EXP010,0.12583891466681185
200,195,EXP010,0.12525192959771325
200,196,EXP010,0.13294256241660052
200,197,EXP010,0.12379091174479617
200,198,EXP010,0.13812432145555675
200,199,EXP010,0.12282162218396986
200,0,EXPF,0.08422340165915343
200,1,EXPF,0.09617275999121688
200,2,EXPF,0.08849822670582463
200,3,EXPF,0.08640210513625723
200,4,EXPF,0.1070360306111996
200,5,EXPF,0.09874750617300454
200,6,EXPF,0.09628087820226339
200,7,EXPF,0.09426630951537185
200,8,EXPF,0.08754635234705443
200,9,EXPF,0.10159771075726942
200,10,EXPF,0.0937948673522977
200,11,EXPF,0.09148933070011311
200,12,EXPF,0.08923812964955014
200,13,EXPF,0.0803120129011714
200,14,EXPF,0.08656569012846949
200,15,EXPF,0.09157168180197461
200,16,EXPF,0.08937508671186689
200,17,EXPF,0.09505536754180943
200,18,EXPF,0.0762171818485976
200,19,EXPF,0.08964813931743265
200,20,EXPF,0.08958206159240834
200,21,EXPF,0.09808062079361102
200,22,EXPF,0.09441998048020195
200,23,EXPF,0.10593498656575373
200,24,EXPF,0.08367876759147241
200,25,EXPF,0.08734127475683384
200,26,EXPF,0.09951874106025416
200,27,EXPF,0.07799593258090265
200,28,EXPF,0.08357956146727097
200,29,EXPF,0.08357598366156516
200,30,EXPF,0.10441756878196207
200,31,EXPF,0.08874065594483538
200,32,EXPF,0.09125790370233833
200,33,EXPF,0.09094782939511648
200,34,EXPF,0.09691968128750927
200,35,EXPF,0.09610520398167943
200,36,EXPF,0.09407500465972563
200,37,EXPF,0.08136029571961212
200,38,EXPF,0.0834059679692607
200,39,EXPF,0.09857929594283499
200,40,EXPF,0.09991839518200296
200,41,EXPF,0.09105714395885123
200,42,EXPF,0.08927353663025828
200,43,EXPF,0.0925872436801104
200,44,EXPF,0.08976733892067512
200,45,EXPF,0.08845140482060321
200,46,EXPF,0.08659402441177433
200,47,EXPF,0.09524422096061391
200,48,EXPF,0.08218495257672453
200,49,EXPF,0.08110163109788404
200,50,EXPF,0.09021929768650039
200,51,EXPF,0.10267049182641264
200,52,EXPF,0.08803750489162909
200,53,EXPF,0.08874341622021942
200,54,EXPF,0.08862632241181068
200,55,EXPF,0.08208827012757636
200,56,EXPF,0.09406737276115007
200,57,EXPF,0.09075303728998774
200,58,EXPF,0.09094319363624248
200,59,EXPF,0.09518091343357715
200,60,EXPF,0.0917304119928477
200,61,EXPF,0.08955356633943135
200,62,EXPF,0.09236182161777107
200,63,EXPF,0.1012875676142464
200,64,EXPF,0.0973111393874645
200,65,EXPF,0.09535407268256313
200,66,EXPF,0.09210917632608429
200,67,EXPF,0.0945681252055236
200,68,EXPF,0.09786026404818593
200,69,EXPF,0.08605575085477957
200,70,EXPF,0.08990522299311521
200,71,EXPF,0.09389807210623902
200,72,EXPF,0.10183475517035712
200,73,EXPF,0.09010105128308865
200,74,EXPF,0.08571175179350088
200,75,EXPF,0.09060439047947844
200,76,EXPF,0.0960517534571328
200,77,EXPF,0.09968686083025491
200,78,EXPF,0.0872512270051451
200,79,EXPF,0.09243181527419297
200,80,EXPF,0.08323504193656461
200,81,EXPF,0.0869546630008664
200,82,EXPF,0.09950893062241484
200,83,EXPF,0.09567283753337819
200,84,EXPF,0.09777230907053536
200,85,EXPF,0.09531711690197742
200,86,EXPF,0.0849258924146048
200,87,EXPF,0.08602854322751496
200,88,EXPF,0.09109231233630777
200,89,EXPF,0.08404447431961426
200,90,EXPF,0.09109577553665826
200,91,EXPF,0.08473323483218997
200,92,EXPF,0.09832507592894968
200,93,EXPF,0.10002007728790463
200,94,EXPF,0.09380667958672506
200,95,EXPF,0.09457381834601497
200,96,EXPF,0.1028842482574368
200,97,EXPF,0.09210589905505673
200,98,EXPF,0.09370891922490165
200,99,EXPF,0.0995494560735144
200,100,EXPF,0.08769990625269486
200,101,EXPF,0.08441782242358264
200,102,EXPF,0.08400789687403987
200,103,EXPF,0.09797637502170942
200,104,EXPF,0.09898334873610382
200,105,EXPF,0.09130877082500954
200,106,EXPF,0.09350509494411119
200,107,EXPF,0.08694208593674424
200,108,EXPF,0.08434141060753941
200,109,EXPF,0.08913805647126782
200,110,EXPF,0.08955538523160356
200,111,EXPF,0.07835647197724505
200,112,EXPF,0.08673253046411411
200,113,EXPF,0.10227341102117138
200,114,EXPF,0.08735722390345013
200,115,EXPF,0.09351144425328561
200,116,EXPF,0.08978311492662194
200,117,EXPF,0.08463647929786489
200,118,EXPF,0.09697372368186385
200,119,EXPF,0.09253959325806427
200,120,EXPF,0.07764789872467859
200,121,EXPF,0.0896938395758815
200,122,EXPF,0.09623873948360195
200,123,EXPF,0.08979354297103026
200,124,EXPF,0.09848586441941609
200,125,EXPF,0.0881774502664755
200,126,EXPF,0.09301293602153415
200,127,EXPF,0.09487304992806944
200,128,EXPF,0.0907025031445885
200,129,EXPF,0.09825047988883528
200,130,EXPF,0.08954208456916923
200,131,EXPF,0.10069418851036505
200,132,EXPF,0.08315089945489851
200,133,EXPF,0.09248282481922643
200,134,EXPF,0.08677135904442446
200,135,EXPF,0.09159448156025352
200,136,EXPF,0.10724573889748024
200,137,EXPF,0.08986354701828558
200,138,EXPF,0.09534235604620367
200,139,EXPF,0.08647952202566245
200,140,EXPF,0.08290593049592454
200,141,EXPF,0.09220822610611434
200,142,EXPF,0.10490694583529747
200,143,EXPF,0.09629637639018696
200,144,EXPF,0.07942868429271877
200,145,EXPF,0.08642743484064153
200,146,EXPF,0.08609019047178834
200,147,EXPF,0.08886653009160261
200,148,EXPF,0.0985541846992749
200,149,EXPF,0.09272165409088995
200,150,EXPF,0.09432738796193285
200,151,EXPF,0.09526760729540473
200,152,EXPF,0.08286201466424226
200,153,EXPF,0.09647784462944542
200,154,EXPF,0.08079685745896092
200,155,EXPF,0.10140013877063714
200,156,EXPF,0.08925033988184605
200,157,EXPF,0.0879709217144311
200,158,EXPF,0.1000123191978437
200,159,EXPF,0.08546698598941094
200,160,EXPF,0.08687903688643872
200,161,EXPF,0.08939317994049834
200,162,EXPF,0.08977232884167319
200,163,EXPF,0.08794162165499098
200,164,EXPF,0.1014457411789349
200,165,EXPF,0.09028313889672412
200,166,EXPF,0.09905804595613954
200,167,EXPF,0.08410033386408011
200,168,EXPF,0.08943938149528496
200,169,EXPF,0.09599376774924206
200,170,EXPF,0.0906525551400279
200,171,EXPF,0.08963413517848451
200,172,EXPF,0.0939625097005744
200,173,EXPF,0.09686176321287154
200,174,EXPF,0.08679146408689642
200,175,EXPF,0.08922586789422338
200,176,EXPF,0.10007988959129044
200,177,EXPF,0.09864707345722712
200,178,EXPF,0.089262254386126
200,179,EXPF,0.09417960912187506
200,180,EXPF,0.0994474236083942
200,181,EXPF,0.09091576483977282
200,182,EXPF,0.08873968757894135
200,183,EXPF,0.09260358836798799
200,184,EXPF,0.09781875552771535
200,185,EXPF,0.09293399187097173
200,186,EXPF,0.10080011362651597
200,187,EXPF,0.08345551400925699
200,188,EXPF,0.09619110722556146
200,189,EXPF,0.08290561870946156
200,190,EXPF,0.09165260463647207
200,191,EXPF,0.09482206546466354
200,192,EXPF,0.0924124002059028
200,193,EXPF,0.08833691190268311
200,194,EXPF,0.08595029426295286
200,195,EXPF,0.09440100334061419
200,196,EXPF,0.10231400484473618
200,197,EXPF,0.0901466693901698
200,198,EXPF,0.09756802119435704
200,199,EXPF,0.0879145402015824
200,0,ASTRA_AGF,0.01685444391405011
200,1,ASTRA_AGF,0.022719646071844957
200,2,ASTRA_AGF,0.015805124036510576
200,3,ASTRA_AGF,0.012957799312964924
200,4,ASTRA_AGF,0.02266184519549097
200,5,ASTRA_AGF,0.017122554777908472
200,6,ASTRA_AGF,0.014155652482287895
200,7,ASTRA_AGF,0.015076914946376085
200,8,ASTRA_AGF,0.009200430360500889
200,9,ASTRA_AGF,0.022673245845806433
200,10,ASTRA_AGF,0.014595884835958861
200,11,ASTRA_AGF,0.017999991670367255
200,12,ASTRA_AGF,0.02280797231701226
200,13,ASTRA_AGF,0.01676772339374122
200,14,ASTRA_AGF,0.012788195510712419
200,15,ASTRA_AGF,0.009992983429307323
200,16,ASTRA_AGF,0.01370313658005795
200,17,ASTRA_AGF,0.015360584826672796
200,18,ASTRA_AGF,0.018607697398902667
200,19,ASTRA_AGF,0.012072630671209117
200,20,ASTRA_AGF,0.01815103044299171
200,21,ASTRA_AGF,0.01880596076203067
200,22,ASTRA_AGF,0.011822554445321654
200,23,ASTRA_AGF,0.019576104754189694
200,24,ASTRA_AGF,0.011217823614012246
200,25,ASTRA_AGF,0.01767962099476461
200,26,ASTRA_AGF,0.01435050640915092
200,27,ASTRA_AGF,0.014331789578358123
200,28,ASTRA_AGF,0.014844045601131395
200,29,ASTRA_AGF,0.015729530954094573
200,30,ASTRA_AGF,0.01969801559178963
200,31,ASTRA_AGF,0.017334721004782505
200,32,ASTRA_AGF,0.015278862505274882
200,33,ASTRA_AGF,0.018384405942212023
200,34,ASTRA_AGF,0.014863420376782233
200,35,ASTRA_AGF,0.01275748600583404
200,36,ASTRA_AGF,0.014399375098810396
200,37,ASTRA_AGF,0.017078090283964897
200,38,ASTRA_AGF,0.0138187308869957
200,39,ASTRA_AGF,0.009447530308341112
200,40,ASTRA_AGF,0.017502635549329515
200,41,ASTRA_AGF,0.018260977202637863
200,42,ASTRA_AGF,0.016000034812616803
200,43,ASTRA_AGF,0.01408931632394761
200,44,ASTRA_AGF,0.01328164058160397
200,45,ASTRA_AGF,0.014477763933315901
200,46,ASTRA_AGF,0.013698990053558013
200,47,ASTRA_AGF,0.014431839944671232
200,48,ASTRA_AGF,0.019628676417957736
200,49,ASTRA_AGF,0.01454862366947296
200,50,ASTRA_AGF,0.021198848949908644
200,51,ASTRA_AGF,0.017278891965727294
200,52,ASTRA_AGF,0.01465781863307214
200,53,ASTRA_AGF,0.015213645543416088
200,54,ASTRA_AGF,0.0154446593233879
200,55,ASTRA_AGF,0.015490389454608233
200,56,ASTRA_AGF,0.02094538271208579
200,57,ASTRA_AGF,0.016139020538929016
200,58,ASTRA_AGF,0.013735253455942287
200,59,ASTRA_AGF,0.017368313253953604
200,60,ASTRA_AGF,0.013784481340100685
200,61,ASTRA_AGF,0.010062990695636875
200,62,ASTRA_AGF,0.019509280502274517
200,63,ASTRA_AGF,0.014288931589327536
200,64,ASTRA_AGF,0.01392821702823055
200,65,ASTRA_AGF,0.019472780796724987
200,66,ASTRA_AGF,0.019126598030770436
200,67,ASTRA_AGF,0.009881464731775313
200,68,ASTRA_AGF,0.018541971465683038
200,69,ASTRA_AGF,0.0173645939411734
200,70,ASTRA_AGF,0.014439401522621798
200,71,ASTRA_AGF,0.015510814397979522
200,72,ASTRA_AGF,0.013806526175064615
200,73,ASTRA_AGF,0.019239111567339484
200,74,ASTRA_AGF,0.019169620047814306
200,75,ASTRA_AGF,0.018491979251833546
200,76,ASTRA_AGF,0.017473361218603767
200,77,ASTRA_AGF,0.013320287246050055
200,78,ASTRA_AGF,0.023070813254728595
200,79,ASTRA_AGF,0.015299348929780354
200,80,ASTRA_AGF,0.017880331085559642
200,81,ASTRA_AGF,0.019905606108498564
200,82,ASTRA_AGF,0.011363795445709646
200,83,ASTRA_AGF,0.01613529397555402
200,84,ASTRA_AGF,0.0167110800082374
200,85,ASTRA_AGF,0.014046827918453797
200,86,ASTRA_AGF,0.017644771447386853
200,87,ASTRA_AGF,0.01592832885989004
200,88,ASTRA_AGF,0.013278740699599667
200,89,ASTRA_AGF,0.011336584182511267
200,90,ASTRA_AGF,0.015744093350559485
200,91,ASTRA_AGF,0.013104088953789228
200,92,ASTRA_AGF,0.0155771006275216
200,93,ASTRA_AGF,0.02049685696500636
200,94,ASTRA_AGF,0.01692740710450702
200,95,ASTRA_AGF,0.01663040405782823
200,96,ASTRA_AGF,0.02155283032656563
200,97,ASTRA_AGF,0.018210666948872856
200,98,ASTRA_AGF,0.01520262133864414
200,99,ASTRA_AGF,0.015700115325289588
200,100,ASTRA_AGF,0.022071436428204194
200,101,ASTRA_AGF,0.016150666711502115
200,102,ASTRA_AGF,0.015642869735096543
200,103,ASTRA_AGF,0.02091809767231012
200,104,ASTRA_AGF,0.015970729348225965
200,105,ASTRA_AGF,0.022708528737720224
200,106,ASTRA_AGF,0.012419389673840375
200,107,ASTRA_AGF,0.01881714051608574
200,108,ASTRA_AGF,0.01556780331958707
200,109,ASTRA_AGF,0.013673617917508984
200,110,ASTRA_AGF,0.01586861642625559
200,111,ASTRA_AGF,0.015826911530224863
200,112,ASTRA_AGF,0.0184019242257758
200,113,ASTRA_AGF,0.018500629001272473
200,114,ASTRA_AGF,0.016625992993115735
200,115,ASTRA_AGF,0.017446264698462777
200,116,ASTRA_AGF,0.01451539804604185
200,117,ASTRA_AGF,0.01635163602489076
200,118,ASTRA_AGF,0.018357426582797265
200,119,ASTRA_AGF,0.013114562874767977
200,120,ASTRA_AGF,0.015972066738123347
200,121,ASTRA_AGF,0.018104893299275893
200,122,ASTRA_AGF,0.01566247136571075
200,123,ASTRA_AGF,0.014151470807070021
200,124,ASTRA_AGF,0.017834553001178532
200,125,ASTRA_AGF,0.00886326147106209
200,126,ASTRA_AGF,0.01826826038496443
200,127,ASTRA_AGF,0.01794879265962812
200,128,ASTRA_AGF,0.01813147978583507
200,129,ASTRA_AGF,0.016796100640650846
200,130,ASTRA_AGF,0.01733437666684856
200,131,ASTRA_AGF,0.015382070395555392
200,132,ASTRA_AGF,0.016243537331422808
200,133,ASTRA_AGF,0.01816561616390422
200,134,ASTRA_AGF,0.01687646752086025
200,135,ASTRA_AGF,0.01737214392359243
200,136,ASTRA_AGF,0.01558341920816475
200,137,ASTRA_AGF,0.014713689131844898
200,138,ASTRA_AGF,0.015340537793472553
200,139,ASTRA_AGF,0.01566129339573985
200,140,ASTRA_AGF,0.008639637398588085
200,141,ASTRA_AGF,0.018621201821369615
200,142,ASTRA_AGF,0.01528616194886634
200,143,ASTRA_AGF,0.0171110949834945
200,144,ASTRA_AGF,0.015259967795627216
200,145,ASTRA_AGF,0.018766678969263206
200,146,ASTRA_AGF,0.015570087610635497
200,147,ASTRA_AGF,0.014719485736509164
200,148,ASTRA_AGF,0.019166711177399764
200,149,ASTRA_AGF,0.014756555205689192
200,150,ASTRA_AGF,0.015352238183216294
200,151,ASTRA_AGF,0.01890222493586824
200,152,ASTRA_AGF,0.01540091226312379
200,153,ASTRA_AGF,0.023477241379654235
200,154,ASTRA_AGF,0.015112713936831446
200,155,ASTRA_AGF,0.020652007368606506
200,156,ASTRA_AGF,0.011252650635888983
200,157,ASTRA_AGF,0.014224932979731264
200,158,ASTRA_AGF,0.014526917657236682
200,159,ASTRA_AGF,0.012676817152668662
200,160,ASTRA_AGF,0.017360528778878725
200,161,ASTRA_AGF,0.014415481479276071
200,162,ASTRA_AGF,0.013437725127092293
200,163,ASTRA_AGF,0.016256833608489285
200,164,ASTRA_AGF,0.018122220192829053
200,165,ASTRA_AGF,0.010521410750732874
200,166,ASTRA_AGF,0.02135673103107094
200,167,ASTRA_AGF,0.01871876642610648
200,168,ASTRA_AGF,0.017267587658883254
200,169,ASTRA_AGF,0.01964029333679118
200,170,ASTRA_AGF,0.01550445348101226
200,171,ASTRA_AGF,0.013640236461458621
200,172,ASTRA_AGF,0.012556906236905419
200,173,ASTRA_AGF,0.01847913575815663
200,174,ASTRA_AGF,0.020056391022239883
200,175,ASTRA_AGF,0.01718298198075685
200,176,ASTRA_AGF,0.01649587614535608
200,177,ASTRA_AGF,0.018754389243953673
200,178,ASTRA_AGF,0.01952478331593377
200,179,ASTRA_AGF,0.017476916707205414
200,180,ASTRA_AGF,0.015158395587080764
200,181,ASTRA_AGF,0.020614910237263695
200,182,ASTRA_AGF,0.01736201548948657
200,183,ASTRA_AGF,0.014132765702895789
200,184,ASTRA_AGF,0.01687534202218799
200,185,ASTRA_AGF,0.01516939205754464
200,186,ASTRA_AGF,0.016755447783044386
200,187,ASTRA_AGF,0.01698306117513604
200,188,ASTRA_AGF,0.018429936266493252
200,189,ASTRA_AGF,0.016747202627392488
200,190,ASTRA_AGF,0.017884973872757892
200,191,ASTRA_AGF,0.01717329801911316
200,192,ASTRA_AGF,0.016045383218928677
200,193,ASTRA_AGF,0.012920666744583809
200,194,ASTRA_AGF,0.01743451495898407
200,195,ASTRA_AGF,0.019119150884583158
200,196,ASTRA_AGF,0.01579613562700355
200,197,ASTRA_AGF,0.0127590438906926
200,198,ASTRA_AGF,0.018934271826067883
200,199,ASTRA_AGF,0.01041709531340973
