method,budget,trial,f1,seconds
ASTRA_AGF,5,0,0.6316523644607169,0.9343075752258301
Coordinate_RF,5,0,0.6283817738488292,0.7590243816375732
EXP010,5,0,0.5945934962582309,0.02409672737121582
EXPF,5,0,0.5498055303736485,0.05149531364440918
ASTRA_AGF,25,0,0.6813385799562406,0.8847124576568604
Coordinate_RF,25,0,0.6886472598124744,0.9374382495880127
EXP010,25,0,0.6123038179218365,0.026340484619140625
EXPF,25,0,0.6331896978632261,0.08800172805786133
ASTRA_AGF,50,0,0.6810473276891428,0.8582742214202881
Coordinate_RF,50,0,0.6962512341689924,0.9191305637359619
EXP010,50,0,0.6144590124052142,0.02736663818359375
EXPF,50,0,0.635260751053746,0.06870317459106445
ASTRA_AGF,100,0,0.7027831559903674,0.931626558303833
Coordinate_RF,100,0,0.7252957233010005,0.8900136947631836
EXP010,100,0,0.6187597386298764,0.03588557243347168
EXPF,100,0,0.6447610079261777,0.0726468563079834
ASTRA_AGF,200,0,0.729926066695272,1.2021231651306152
Coordinate_RF,200,0,0.7467805106093222,1.1173818111419678
EXP010,200,0,0.6249638510646237,0.027820825576782227
EXPF,200,0,0.6625571089501687,0.07834434509277344
ASTRA_AGF,5,1,0.654638371627573,0.6982343196868896
Coordinate_RF,5,1,0.6563466551054835,0.6819298267364502
EXP010,5,1,0.5924438607585683,0.02901172637939453
EXPF,5,1,0.5787958619295841,0.04781293869018555
ASTRA_AGF,25,1,0.6792279741741765,0.8149795532226562
Coordinate_RF,25,1,0.6858163677085145,0.814319372177124
EXP010,25,1,0.5848464993607722,0.028049707412719727
EXPF,25,1,0.6208923925941465,0.08192586898803711
ASTRA_AGF,50,1,0.6979113074138024,0.9148643016815186
Coordinate_RF,50,1,0.7129655233936956,0.8774704933166504
EXP010,50,1,0.6028519304228063,0.02783036231994629
EXPF,50,1,0.6502999190883498,0.07701873779296875
ASTRA_AGF,100,1,0.7171848632377641,0.9167895317077637
Coordinate_RF,100,1,0.7289170891516148,0.9727551937103271
EXP010,100,1,0.6134643177990773,0.02297663688659668
EXPF,100,1,0.6570445022195215,0.07389092445373535
ASTRA_AGF,200,1,0.7316387269487938,1.0543878078460693
Coordinate_RF,200,1,0.7543583730206388,1.193270206451416
EXP010,200,1,0.6188118463088962,0.024187803268432617
EXPF,200,1,0.6581856130294219,0.07014608383178711
ASTRA_AGF,5,2,0.6313560277417177,0.6620829105377197
Coordinate_RF,5,2,0.6292703235789869,0.7554185390472412
EXP010,5,2,0.5697987842261982,0.018541574478149414
EXPF,5,2,0.4692209510088792,0.06037449836730957
ASTRA_AGF,25,2,0.692663574228512,0.8112473487854004
Coordinate_RF,25,2,0.6981869209486605,0.7999649047851562
EXP010,25,2,0.616110042650474,0.025575637817382812
EXPF,25,2,0.6413019713615562,0.08266234397888184
ASTRA_AGF,50,2,0.6993893748702571,0.9373626708984375
Coordinate_RF,50,2,0.7037720051963278,0.9457635879516602
EXP010,50,2,0.6254723910644837,0.023248910903930664
EXPF,50,2,0.6574010884653201,0.07911252975463867
ASTRA_AGF,100,2,0.7116887068022123,0.9288933277130127
Coordinate_RF,100,2,0.729395648531379,0.9505460262298584
EXP010,100,2,0.623796995939705,0.031068086624145508
EXPF,100,2,0.6512404434367067,0.07929539680480957
ASTRA_AGF,200,2,0.7326286943923178,1.2304298877716064
Coordinate_RF,200,2,0.7484338184288284,1.161184549331665
EXP010,200,2,0.623383833995969,0.02743387222290039
EXPF,200,2,0.6599355917230038,0.07131385803222656
ASTRA_AGF,5,3,0.6697405957691858,0.7210614681243896
Coordinate_RF,5,3,0.6684480237301694,0.6721093654632568
EXP010,5,3,0.5949982686376565,0.025487184524536133
EXPF,5,3,0.5569025391987661,0.053658246994018555
ASTRA_AGF,25,3,0.6636046879495092,0.7975196838378906
Coordinate_RF,25,3,0.6661218047942907,0.8886678218841553
EXP010,25,3,0.5780590927264553,0.024082422256469727
EXPF,25,3,0.5976889930492066,0.07016277313232422
ASTRA_AGF,50,3,0.6910989184779486,0.8513596057891846
Coordinate_RF,50,3,0.7087698096381041,0.9883716106414795
EXP010,50,3,0.6090681696088669,0.036102294921875
EXPF,50,3,0.6406402756696081,0.07364606857299805
ASTRA_AGF,100,3,0.7126885344187454,0.9119420051574707
Coordinate_RF,100,3,0.732070958355704,0.9178552627563477
EXP010,100,3,0.6252610188526162,0.03282976150512695
EXPF,100,3,0.6573333406097717,0.07330894470214844
ASTRA_AGF,200,3,0.7334672700487702,1.1474826335906982
Coordinate_RF,200,3,0.7464250693617351,1.1100690364837646
EXP010,200,3,0.6232407803548072,0.03414511680603027
EXPF,200,3,0.6600229642254779,0.07808637619018555
ASTRA_AGF,5,4,0.6361391658833802,0.7959136962890625
Coordinate_RF,5,4,0.6366353556661614,0.7004306316375732
EXP010,5,4,0.48116701527643285,0.016434907913208008
EXPF,5,4,0.4946434676275997,0.05140423774719238
ASTRA_AGF,25,4,0.6897312962295815,0.9106309413909912
Coordinate_RF,25,4,0.6938631536081283,0.8025269508361816
EXP010,25,4,0.5914146806628076,0.02822256088256836
EXPF,25,4,0.6052745930764648,0.0932621955871582
ASTRA_AGF,50,4,0.7117725848896124,0.891486644744873
Coordinate_RF,50,4,0.7151873903597212,0.9164347648620605
EXP010,50,4,0.6140889491004378,0.02470850944519043
EXPF,50,4,0.6400487050662229,0.07094836235046387
ASTRA_AGF,100,4,0.7228232753609634,0.9349806308746338
Coordinate_RF,100,4,0.7409372036006454,0.9126358032226562
EXP010,100,4,0.6162556152654923,0.03000783920288086
EXPF,100,4,0.6460164898588664,0.08243393898010254
ASTRA_AGF,200,4,0.7287053260435452,1.1259140968322754
Coordinate_RF,200,4,0.7513671712390362,1.1202564239501953
EXP010,200,4,0.6173702116736577,0.022652387619018555
EXPF,200,4,0.6443311406278366,0.07581901550292969
ASTRA_AGF,5,5,0.6498918084060777,0.7120175361633301
Coordinate_RF,5,5,0.6552437691234292,0.7321944236755371
EXP010,5,5,0.5053505785769621,0.023746967315673828
EXPF,5,5,0.54717060067925,0.04333972930908203
ASTRA_AGF,25,5,0.6777059521775995,0.7678968906402588
Coordinate_RF,25,5,0.6971456613854756,0.7835206985473633
EXP010,25,5,0.6068836070019133,0.020906448364257812
EXPF,25,5,0.635837726010376,0.07122254371643066
ASTRA_AGF,50,5,0.7118608042995053,0.8423199653625488
Coordinate_RF,50,5,0.7240261853766297,0.9166648387908936
EXP010,50,5,0.617773530021497,0.02756047248840332
EXPF,50,5,0.6411609357136867,0.07287311553955078
ASTRA_AGF,100,5,0.7244688362925049,0.9153652191162109
Coordinate_RF,100,5,0.7441885227224143,0.9732804298400879
EXP010,100,5,0.6205351979254328,0.02379441261291504
EXPF,100,5,0.6531019406854791,0.06680154800415039
ASTRA_AGF,200,5,0.7441084417743059,1.188204288482666
Coordinate_RF,200,5,0.7612309965522144,1.0999739170074463
EXP010,200,5,0.624415622381489,0.03182268142700195
EXPF,200,5,0.6624834903792098,0.08090472221374512
ASTRA_AGF,5,6,0.6396037901804543,0.669276237487793
Coordinate_RF,5,6,0.6378116000785594,0.6677730083465576
EXP010,5,6,0.5973602166711234,0.016256093978881836
EXPF,5,6,0.5534531506943063,0.05978560447692871
ASTRA_AGF,25,6,0.6681958886888115,0.8430304527282715
Coordinate_RF,25,6,0.6795038354648476,0.788276195526123
EXP010,25,6,0.6084220859142297,0.02895045280456543
EXPF,25,6,0.6344813061360604,0.07287192344665527
ASTRA_AGF,50,6,0.6955327046896618,0.8528182506561279
Coordinate_RF,50,6,0.7076361841634966,0.8503446578979492
EXP010,50,6,0.6049432782948555,0.023450851440429688
EXPF,50,6,0.6406797373247232,0.0661005973815918
ASTRA_AGF,100,6,0.706630213126333,0.8961923122406006
Coordinate_RF,100,6,0.7254234331383835,0.9013562202453613
EXP010,100,6,0.6088955531079961,0.028247356414794922
EXPF,100,6,0.646194657879786,0.06965994834899902
ASTRA_AGF,200,6,0.7343651732933273,1.1437780857086182
Coordinate_RF,200,6,0.7485208257756152,1.0691065788269043
EXP010,200,6,0.6187319293788629,0.02513885498046875
EXPF,200,6,0.6522399475733518,0.07940888404846191
ASTRA_AGF,5,7,0.6492366894677736,0.6854791641235352
Coordinate_RF,5,7,0.6495130223029942,0.6805787086486816
EXP010,5,7,0.6189993794468657,0.016379833221435547
EXPF,5,7,0.5999408861491635,0.04923367500305176
ASTRA_AGF,25,7,0.6844446121491801,0.7849299907684326
Coordinate_RF,25,7,0.6886272441299561,0.8756897449493408
EXP010,25,7,0.6202276550307658,0.022793054580688477
EXPF,25,7,0.6471448363115836,0.0637962818145752
ASTRA_AGF,50,7,0.7049448532086073,0.811368465423584
Coordinate_RF,50,7,0.7064123989301128,0.81986403465271
EXP010,50,7,0.6162370100713368,0.026057958602905273
EXPF,50,7,0.6486557094746848,0.07490396499633789
ASTRA_AGF,100,7,0.7115620611045155,0.8936948776245117
Coordinate_RF,100,7,0.7293061018559388,0.8700742721557617
EXP010,100,7,0.6216678485197344,0.023824691772460938
EXPF,100,7,0.6648782056315954,0.09397602081298828
ASTRA_AGF,200,7,0.7342442612047575,1.1562952995300293
Coordinate_RF,200,7,0.7493211761511336,1.1904330253601074
EXP010,200,7,0.6178527314824829,0.024852275848388672
EXPF,200,7,0.6550548666357617,0.08873128890991211
ASTRA_AGF,5,8,0.6637702140357857,0.669891357421875
Coordinate_RF,5,8,0.6655600030765869,0.673851728439331
EXP010,5,8,0.5913945851968139,0.030045270919799805
EXPF,5,8,0.5529937916476455,0.05998539924621582
ASTRA_AGF,25,8,0.6873847640643236,0.8131964206695557
Coordinate_RF,25,8,0.6905189227128766,0.7850031852722168
EXP010,25,8,0.5926900151018578,0.025612831115722656
EXPF,25,8,0.6196205189461562,0.08982729911804199
ASTRA_AGF,50,8,0.7027862179940447,0.9125359058380127
Coordinate_RF,50,8,0.7024247643281099,0.8650474548339844
EXP010,50,8,0.6152496770930811,0.026912927627563477
EXPF,50,8,0.6519592337609565,0.10120368003845215
ASTRA_AGF,100,8,0.7142062472427525,0.9526984691619873
Coordinate_RF,100,8,0.7268998854487376,0.9163603782653809
EXP010,100,8,0.6215573730824491,0.03771257400512695
EXPF,100,8,0.6635052682193024,0.11097240447998047
ASTRA_AGF,200,8,0.7406695668501944,1.118532657623291
Coordinate_RF,200,8,0.7498699972106952,1.1942360401153564
EXP010,200,8,0.6249425229545107,0.0430757999420166
EXPF,200,8,0.6623236448636408,0.0952916145324707
ASTRA_AGF,5,9,0.6555795823599819,0.7022123336791992
Coordinate_RF,5,9,0.6537428228560351,0.7091028690338135
EXP010,5,9,0.590185826749358,0.021842002868652344
EXPF,5,9,0.5735019432958492,0.06998753547668457
ASTRA_AGF,25,9,0.6823951067289253,0.7953188419342041
Coordinate_RF,25,9,0.6867365860617688,0.8146600723266602
EXP010,25,9,0.6124205656929667,0.03184175491333008
EXPF,25,9,0.6415675070842543,0.09750556945800781
ASTRA_AGF,50,9,0.6751560935895216,0.9235680103302002
Coordinate_RF,50,9,0.689040126088985,0.9285464286804199
EXP010,50,9,0.6114065064601117,0.03755354881286621
EXPF,50,9,0.6413220511224745,0.09804105758666992
ASTRA_AGF,100,9,0.7062650232012908,0.9156415462493896
Coordinate_RF,100,9,0.7186232850666094,0.9160823822021484
EXP010,100,9,0.6105131813516441,0.03173494338989258
EXPF,100,9,0.6448093947404467,0.10812020301818848
ASTRA_AGF,200,9,0.7317853212875804,1.137193202972412
Coordinate_RF,200,9,0.7544585671333869,1.1337697505950928
EXP010,200,9,0.6135529651134735,0.03567171096801758
EXPF,200,9,0.6528608563761175,0.09048986434936523
ASTRA_AGF,5,10,0.6593904657597857,0.7122445106506348
Coordinate_RF,5,10,0.6612628693409469,0.6604418754577637
EXP010,5,10,0.5271590953182037,0.02037334442138672
EXPF,5,10,0.5262505600850127,0.047847747802734375
ASTRA_AGF,25,10,0.6904099094782773,0.857020378112793
Coordinate_RF,25,10,0.6994430932651524,0.7776386737823486
EXP010,25,10,0.6132220175603933,0.0389096736907959
EXPF,25,10,0.648183021246778,0.08129549026489258
ASTRA_AGF,50,10,0.6981265803833276,0.814633846282959
Coordinate_RF,50,10,0.707114651425455,0.854733943939209
EXP010,50,10,0.6097352561617356,0.02343130111694336
EXPF,50,10,0.6473701271540577,0.06898927688598633
ASTRA_AGF,100,10,0.7216718003639122,0.972111701965332
Coordinate_RF,100,10,0.7364047102420327,0.9354095458984375
EXP010,100,10,0.6225208313112979,0.020721912384033203
EXPF,100,10,0.6614868540173453,0.07264137268066406
ASTRA_AGF,200,10,0.7352017062298264,1.0657429695129395
Coordinate_RF,200,10,0.7497975910657853,1.0368402004241943
EXP010,200,10,0.6185569791732834,0.03180098533630371
EXPF,200,10,0.6560027237134876,0.0816655158996582
ASTRA_AGF,5,11,0.6588641893475031,0.6810610294342041
Coordinate_RF,5,11,0.6564121263713159,0.7127904891967773
EXP010,5,11,0.5829393895051751,0.01810479164123535
EXPF,5,11,0.6344206345220286,0.046036481857299805
ASTRA_AGF,25,11,0.6659259791167365,0.7797431945800781
Coordinate_RF,25,11,0.6825982195647028,0.7748639583587646
EXP010,25,11,0.6068240415310482,0.03072500228881836
EXPF,25,11,0.6389978826803232,0.06984281539916992
ASTRA_AGF,50,11,0.6934544038027728,0.8427770137786865
Coordinate_RF,50,11,0.7000534449543154,0.8766376972198486
EXP010,50,11,0.6179428952195587,0.022708415985107422
EXPF,50,11,0.6442360648014578,0.0696568489074707
ASTRA_AGF,100,11,0.7159123251318557,0.9081261157989502
Coordinate_RF,100,11,0.7208747117239663,0.8961756229400635
EXP010,100,11,0.6205833196533442,0.022535324096679688
EXPF,100,11,0.6584327897244646,0.07603120803833008
ASTRA_AGF,200,11,0.7288653046537141,1.1743261814117432
Coordinate_RF,200,11,0.7468652963240814,1.0764026641845703
EXP010,200,11,0.6205533409977115,0.02109241485595703
EXPF,200,11,0.6553759656239683,0.07065224647521973
ASTRA_AGF,5,12,0.6367492354635182,0.6847105026245117
Coordinate_RF,5,12,0.6374610153119328,0.697932243347168
EXP010,5,12,0.5796140468981082,0.018808364868164062
EXPF,5,12,0.517963446193677,0.047621726989746094
ASTRA_AGF,25,12,0.691620152095984,0.8639259338378906
Coordinate_RF,25,12,0.6962179839679167,0.8634941577911377
EXP010,25,12,0.5953421039743878,0.030147075653076172
EXPF,25,12,0.6209913509124965,0.07474589347839355
ASTRA_AGF,50,12,0.6931887334997774,0.8519508838653564
Coordinate_RF,50,12,0.7015386645831511,0.8373794555664062
EXP010,50,12,0.6105264133280348,0.02491617202758789
EXPF,50,12,0.6412205864654275,0.07528376579284668
ASTRA_AGF,100,12,0.7044118699533284,0.9003193378448486
Coordinate_RF,100,12,0.7213077835181627,0.9155979156494141
EXP010,100,12,0.6182531898382547,0.021427154541015625
EXPF,100,12,0.6480322535823576,0.07115960121154785
ASTRA_AGF,200,12,0.717555811490078,1.113980770111084
Coordinate_RF,200,12,0.7403637838070902,1.0679683685302734
EXP010,200,12,0.6215633686207137,0.034996747970581055
EXPF,200,12,0.6511256541575401,0.08027935028076172
ASTRA_AGF,5,13,0.6496373409654222,0.6718111038208008
Coordinate_RF,5,13,0.6498732216648567,0.6679773330688477
EXP010,5,13,0.5679613899781307,0.01850152015686035
EXPF,5,13,0.6163038633623483,0.048752784729003906
ASTRA_AGF,25,13,0.6749870854031261,0.8122496604919434
Coordinate_RF,25,13,0.6780062642490465,0.8546543121337891
EXP010,25,13,0.5995059699386395,0.02414989471435547
EXPF,25,13,0.6432218245382515,0.08139514923095703
ASTRA_AGF,50,13,0.7011540295185644,0.8188714981079102
Coordinate_RF,50,13,0.7141982302908791,0.8649492263793945
EXP010,50,13,0.621673184800438,0.031172990798950195
EXPF,50,13,0.6636104280294002,0.07968473434448242
ASTRA_AGF,100,13,0.7181745574328469,0.9642493724822998
Coordinate_RF,100,13,0.7284299583823637,0.9032557010650635
EXP010,100,13,0.6257315711948807,0.032317161560058594
EXPF,100,13,0.6621678060138712,0.08031058311462402
ASTRA_AGF,200,13,0.729435579042051,1.1607255935668945
Coordinate_RF,200,13,0.7462033024357922,1.1363413333892822
EXP010,200,13,0.623291329872244,0.03138399124145508
EXPF,200,13,0.6658912895346208,0.1574404239654541
ASTRA_AGF,5,14,0.6563528115797383,0.662226676940918
Coordinate_RF,5,14,0.6580783533503717,0.6839568614959717
EXP010,5,14,0.599283015773387,0.026032209396362305
EXPF,5,14,0.5810600376621643,0.05137801170349121
ASTRA_AGF,25,14,0.6893072159485631,0.8007206916809082
Coordinate_RF,25,14,0.6963828738149087,0.8013439178466797
EXP010,25,14,0.6250942798829746,0.0268857479095459
EXPF,25,14,0.6612252370613578,0.08316516876220703
ASTRA_AGF,50,14,0.6965334352961844,0.9342453479766846
Coordinate_RF,50,14,0.7097589841555929,0.8459582328796387
EXP010,50,14,0.6175607269271439,0.03241753578186035
EXPF,50,14,0.6580011473540885,0.09201264381408691
ASTRA_AGF,100,14,0.7059823383035516,0.9148058891296387
Coordinate_RF,100,14,0.7211104917235627,0.9000251293182373
EXP010,100,14,0.6221953817374264,0.046805620193481445
EXPF,100,14,0.6545350299060406,0.08662104606628418
ASTRA_AGF,200,14,0.7324089196342999,1.1259937286376953
Coordinate_RF,200,14,0.7451971151450123,1.1159663200378418
EXP010,200,14,0.6216936426831658,0.0332028865814209
EXPF,200,14,0.6586314250165428,0.09269881248474121
ASTRA_AGF,5,15,0.6477364553470947,0.6468610763549805
Coordinate_RF,5,15,0.6505275175651427,0.6839988231658936
EXP010,5,15,0.6069950271932705,0.021748065948486328
EXPF,5,15,0.58412093678546,0.05161738395690918
ASTRA_AGF,25,15,0.6911502042262845,0.7826933860778809
Coordinate_RF,25,15,0.6935817280085321,0.8376684188842773
EXP010,25,15,0.6136612910410841,0.03876972198486328
EXPF,25,15,0.634624614461009,0.08993124961853027
ASTRA_AGF,50,15,0.7007579489669133,0.8947057723999023
Coordinate_RF,50,15,0.7098027843022623,0.8645765781402588
EXP010,50,15,0.6271364786894953,0.0355525016784668
EXPF,50,15,0.6541048925090729,0.09756088256835938
ASTRA_AGF,100,15,0.7166786380109106,0.9398453235626221
Coordinate_RF,100,15,0.7289924243956446,0.9505338668823242
EXP010,100,15,0.6295013147200257,0.027318477630615234
EXPF,100,15,0.6511298264715396,0.08484506607055664
ASTRA_AGF,200,15,0.7343190686034626,1.1200799942016602
Coordinate_RF,200,15,0.74431205203277,1.1287281513214111
EXP010,200,15,0.6251511253706205,0.029785871505737305
EXPF,200,15,0.6527403702307953,0.12674856185913086
ASTRA_AGF,5,16,0.6598441286057446,0.728442907333374
Coordinate_RF,5,16,0.6613093124869737,0.6889772415161133
EXP010,5,16,0.5245019426508797,0.032706499099731445
EXPF,5,16,0.644455892868926,0.06244659423828125
ASTRA_AGF,25,16,0.690178618915011,0.7857277393341064
Coordinate_RF,25,16,0.6988723972601317,0.7941813468933105
EXP010,25,16,0.5987406029941079,0.03875613212585449
EXPF,25,16,0.6350001397254693,0.10228490829467773
ASTRA_AGF,50,16,0.7064703698246413,0.8344082832336426
Coordinate_RF,50,16,0.7224044730538337,0.9048166275024414
EXP010,50,16,0.6035356410043354,0.03147482872009277
EXPF,50,16,0.6441424488212122,0.08400154113769531
ASTRA_AGF,100,16,0.7185075873912664,0.9540488719940186
Coordinate_RF,100,16,0.7374872743235898,0.9056961536407471
EXP010,100,16,0.5929224751485844,0.023681163787841797
EXPF,100,16,0.6481269175273292,0.08560538291931152
ASTRA_AGF,200,16,0.73659351124462,1.074805736541748
Coordinate_RF,200,16,0.750296647824678,1.1306684017181396
EXP010,200,16,0.6096829586278567,0.024669408798217773
EXPF,200,16,0.6609215611128111,0.07405304908752441
ASTRA_AGF,5,17,0.6303272294924667,0.729107141494751
Coordinate_RF,5,17,0.623493493163785,0.717888355255127
EXP010,5,17,0.50974039234469,0.020992279052734375
EXPF,5,17,0.5319751305160663,0.05689072608947754
ASTRA_AGF,25,17,0.6971689039806852,0.786074161529541
Coordinate_RF,25,17,0.7104114027995057,0.800586462020874
EXP010,25,17,0.6241003536566864,0.03556013107299805
EXPF,25,17,0.6406320025348554,0.09606218338012695
ASTRA_AGF,50,17,0.708198356761432,0.8385021686553955
Coordinate_RF,50,17,0.7206333860156181,0.8526840209960938
EXP010,50,17,0.6181820314871855,0.03208780288696289
EXPF,50,17,0.6533837757238927,0.1346738338470459
ASTRA_AGF,100,17,0.7172742556382548,0.9511020183563232
Coordinate_RF,100,17,0.7284741324976693,0.8821611404418945
EXP010,100,17,0.6262301209092735,0.02084493637084961
EXPF,100,17,0.658013630452263,0.07383203506469727
ASTRA_AGF,200,17,0.7376942596773743,1.0817360877990723
Coordinate_RF,200,17,0.7530548445040471,1.109513521194458
EXP010,200,17,0.6244288255334003,0.025426864624023438
EXPF,200,17,0.6579994769622377,0.06764912605285645
ASTRA_AGF,5,18,0.6557105785064447,0.6706423759460449
Coordinate_RF,5,18,0.6551649935879991,0.7074229717254639
EXP010,5,18,0.5977215631219349,0.03011775016784668
EXPF,5,18,0.5390515290132588,0.05108523368835449
ASTRA_AGF,25,18,0.687781897932542,0.7993178367614746
Coordinate_RF,25,18,0.7009668656449338,0.8306624889373779
EXP010,25,18,0.6056537304036131,0.021106243133544922
EXPF,25,18,0.650926324944588,0.0685572624206543
ASTRA_AGF,50,18,0.7055018428601548,0.8220071792602539
Coordinate_RF,50,18,0.7160039760156452,0.8189444541931152
EXP010,50,18,0.6311936066465889,0.031005859375
EXPF,50,18,0.6671529861578125,0.06843185424804688
ASTRA_AGF,100,18,0.7184350800567936,0.8834104537963867
Coordinate_RF,100,18,0.7344804797318911,0.9941046237945557
EXP010,100,18,0.6331142274950377,0.02299809455871582
EXPF,100,18,0.6758432098471493,0.06438779830932617
ASTRA_AGF,200,18,0.7269819360113831,1.105259656906128
Coordinate_RF,200,18,0.7455896334102857,1.1267340183258057
EXP010,200,18,0.630886687015785,0.024016141891479492
EXPF,200,18,0.6693724515616881,0.07565784454345703
ASTRA_AGF,5,19,0.6447791438440874,0.7181539535522461
Coordinate_RF,5,19,0.6412198445287863,0.6758778095245361
EXP010,5,19,0.4921434075520622,0.0194854736328125
EXPF,5,19,0.4791544853999992,0.058413028717041016
ASTRA_AGF,25,19,0.6883571590547922,0.8309290409088135
Coordinate_RF,25,19,0.6894519105597818,0.817997932434082
EXP010,25,19,0.5983457299772561,0.020883798599243164
EXPF,25,19,0.6259616645035914,0.08463287353515625
ASTRA_AGF,50,19,0.6823779022867521,0.847031831741333
Coordinate_RF,50,19,0.6884600978539296,0.8580636978149414
EXP010,50,19,0.6091495951166136,0.02320694923400879
EXPF,50,19,0.6416314205761499,0.07098793983459473
ASTRA_AGF,100,19,0.7142626965669796,0.96793532371521
Coordinate_RF,100,19,0.7276555803929464,0.8913300037384033
EXP010,100,19,0.6296625372433896,0.021482229232788086
EXPF,100,19,0.6571732460291559,0.08120918273925781
ASTRA_AGF,200,19,0.7402285134372895,1.0933055877685547
Coordinate_RF,200,19,0.7523011441084986,1.1757636070251465
EXP010,200,19,0.6273231466498377,0.027910947799682617
EXPF,200,19,0.6626530047910659,0.0856475830078125
ASTRA_AGF,5,20,0.6370974359335516,0.6928963661193848
Coordinate_RF,5,20,0.639846709285447,0.6733250617980957
EXP010,5,20,0.5774762326106475,0.026156187057495117
EXPF,5,20,0.515633086448164,0.05912351608276367
ASTRA_AGF,25,20,0.6877903960547977,0.7804365158081055
Coordinate_RF,25,20,0.6917172601650079,0.8543529510498047
EXP010,25,20,0.629228849412276,0.04178571701049805
EXPF,25,20,0.6588036238927654,0.10880255699157715
ASTRA_AGF,50,20,0.7134744988457439,0.8518822193145752
Coordinate_RF,50,20,0.7197838839561048,0.8453710079193115
EXP010,50,20,0.6316266417816782,0.030864477157592773
EXPF,50,20,0.664350855705382,0.10210990905761719
ASTRA_AGF,100,20,0.7117665175954209,0.915142297744751
Coordinate_RF,100,20,0.7280497943759211,0.9026408195495605
EXP010,100,20,0.6303164866244125,0.038751840591430664
EXPF,100,20,0.659074165534202,0.10363888740539551
ASTRA_AGF,200,20,0.734851974303615,1.1624770164489746
Coordinate_RF,200,20,0.7530030047466068,1.1068096160888672
EXP010,200,20,0.6254034653608743,0.032404422760009766
EXPF,200,20,0.6634209431541984,0.09502029418945312
ASTRA_AGF,5,21,0.6572889235096459,0.7373361587524414
Coordinate_RF,5,21,0.6562451270449828,0.7227535247802734
EXP010,5,21,0.6139238280404216,0.025514841079711914
EXPF,5,21,0.5943220811059223,0.08207917213439941
ASTRA_AGF,25,21,0.6840900584244637,0.8342318534851074
Coordinate_RF,25,21,0.6947721777814506,0.7978920936584473
EXP010,25,21,0.619339469813899,0.043349266052246094
EXPF,25,21,0.6342091619513412,0.09592270851135254
ASTRA_AGF,50,21,0.696610263196415,0.9129972457885742
Coordinate_RF,50,21,0.7071229817282931,0.8362298011779785
EXP010,50,21,0.6215044132883041,0.038332462310791016
EXPF,50,21,0.6488921091813515,0.10631632804870605
ASTRA_AGF,100,21,0.7279208449431072,0.9531354904174805
Coordinate_RF,100,21,0.7469244365810365,0.9267637729644775
EXP010,100,21,0.6228266253938948,0.039308786392211914
EXPF,100,21,0.6561942995839506,0.10460352897644043
ASTRA_AGF,200,21,0.7382842555543792,1.110929250717163
Coordinate_RF,200,21,0.7570902163164098,1.15712308883667
EXP010,200,21,0.6243267671427534,0.03167986869812012
EXPF,200,21,0.6590095955227988,0.10342168807983398
ASTRA_AGF,5,22,0.6513017673784891,0.6728518009185791
Coordinate_RF,5,22,0.652532266052559,0.6832480430603027
EXP010,5,22,0.6063283493684677,0.02839064598083496
EXPF,5,22,0.6080402029104333,0.07414722442626953
ASTRA_AGF,25,22,0.6880973393400958,0.7751419544219971
Coordinate_RF,25,22,0.6875324535002306,0.8238234519958496
EXP010,25,22,0.6151633835252618,0.037809133529663086
EXPF,25,22,0.6455065051096931,0.10900354385375977
ASTRA_AGF,50,22,0.7082638771094253,0.8999528884887695
Coordinate_RF,50,22,0.7194973094027522,0.8583087921142578
EXP010,50,22,0.6258328101551273,0.043683767318725586
EXPF,50,22,0.6603522023307884,0.10668587684631348
ASTRA_AGF,100,22,0.728525098050588,0.9064006805419922
Coordinate_RF,100,22,0.73774328137154,0.9404444694519043
EXP010,100,22,0.6304070118413355,0.030914783477783203
EXPF,100,22,0.6638954408289215,0.09163212776184082
ASTRA_AGF,200,22,0.7473317422414556,1.1793792247772217
Coordinate_RF,200,22,0.7591542966867773,1.1122407913208008
EXP010,200,22,0.6314945200314661,0.02902960777282715
EXPF,200,22,0.6647343162065753,0.07294702529907227
ASTRA_AGF,5,23,0.6574125050145441,0.6861178874969482
Coordinate_RF,5,23,0.6575633378944382,0.6748495101928711
EXP010,5,23,0.5798677066164287,0.017206430435180664
EXPF,5,23,0.5862930629414379,0.04105210304260254
ASTRA_AGF,25,23,0.6716106565828001,0.7769412994384766
Coordinate_RF,25,23,0.6679358027056355,0.7995822429656982
EXP010,25,23,0.5646678748585089,0.024182558059692383
EXPF,25,23,0.5908854777686101,0.07267236709594727
ASTRA_AGF,50,23,0.6977894298220448,0.8220300674438477
Coordinate_RF,50,23,0.7002213094812944,0.8752486705780029
EXP010,50,23,0.6147470146649932,0.025331735610961914
EXPF,50,23,0.6451567047647486,0.07070541381835938
ASTRA_AGF,100,23,0.7135740491723035,0.9041182994842529
Coordinate_RF,100,23,0.7235105425165216,0.9015448093414307
EXP010,100,23,0.6215957976922062,0.021004676818847656
EXPF,100,23,0.6517386015203517,0.07059669494628906
ASTRA_AGF,200,23,0.738466157685234,1.0977799892425537
Coordinate_RF,200,23,0.7580422624394237,1.0879135131835938
EXP010,200,23,0.6224206220573651,0.02853989601135254
EXPF,200,23,0.65210727587367,0.07317852973937988
ASTRA_AGF,5,24,0.6423901407315998,0.7397270202636719
Coordinate_RF,5,24,0.6433611640302147,0.7033898830413818
EXP010,5,24,0.5780365719406092,0.02343440055847168
EXPF,5,24,0.5650780211890316,0.0463101863861084
ASTRA_AGF,25,24,0.6943457849537485,0.7964141368865967
Coordinate_RF,25,24,0.693107317221544,0.8122308254241943
EXP010,25,24,0.601894961590569,0.02610182762145996
EXPF,25,24,0.6489259187593532,0.09906458854675293
ASTRA_AGF,50,24,0.7046937339970104,0.8830723762512207
Coordinate_RF,50,24,0.7043485805629959,0.8304750919342041
EXP010,50,24,0.6103431821582228,0.0324244499206543
EXPF,50,24,0.6486494637917264,0.0885310173034668
ASTRA_AGF,100,24,0.7180757013888542,0.9835333824157715
Coordinate_RF,100,24,0.7318092460562093,0.8820505142211914
EXP010,100,24,0.616974301035629,0.03928494453430176
EXPF,100,24,0.6590829463327994,0.08985066413879395
ASTRA_AGF,200,24,0.7314689427098392,1.1051933765411377
Coordinate_RF,200,24,0.7426867663238514,1.097048044204712
EXP010,200,24,0.6212082879802376,0.033326148986816406
EXPF,200,24,0.659007998732379,0.07729172706604004
ASTRA_AGF,5,25,0.6187789102769137,0.676605224609375
Coordinate_RF,5,25,0.6262600313027769,0.7027125358581543
EXP010,5,25,0.5693830450393799,0.021636486053466797
EXPF,5,25,0.5162132778053053,0.04852771759033203
ASTRA_AGF,25,25,0.6844125745537518,0.8245341777801514
Coordinate_RF,25,25,0.6907286091348568,0.7759280204772949
EXP010,25,25,0.6290570166102166,0.027913331985473633
EXPF,25,25,0.6404641120206112,0.07509875297546387
ASTRA_AGF,50,25,0.6964719176427058,0.8263182640075684
Coordinate_RF,50,25,0.6990122818587576,0.8330342769622803
EXP010,50,25,0.629951326253489,0.021607398986816406
EXPF,50,25,0.6629975417632419,0.06741976737976074
ASTRA_AGF,100,25,0.7184298308135267,0.900402307510376
Coordinate_RF,100,25,0.7327959558619469,0.9796059131622314
EXP010,100,25,0.6276856938746196,0.028010129928588867
EXPF,100,25,0.6583784076019183,0.08243727684020996
ASTRA_AGF,200,25,0.7263225150303695,1.0647106170654297
Coordinate_RF,200,25,0.7440021360251341,1.1114401817321777
EXP010,200,25,0.6282535914930563,0.031661272048950195
EXPF,200,25,0.6566608612683003,0.09598636627197266
ASTRA_AGF,5,26,0.6512237362620241,0.7121129035949707
Coordinate_RF,5,26,0.6538147037910044,0.6865599155426025
EXP010,5,26,0.5709567875642991,0.03071761131286621
EXPF,5,26,0.5505792239788165,0.06000781059265137
ASTRA_AGF,25,26,0.6714192824970691,0.8675117492675781
Coordinate_RF,25,26,0.6770372777865352,0.857924222946167
EXP010,25,26,0.6068605493077635,0.0409088134765625
EXPF,25,26,0.6373602806761116,0.11783385276794434
ASTRA_AGF,50,26,0.6969466241652834,0.9129822254180908
Coordinate_RF,50,26,0.7066214816332713,0.8443834781646729
EXP010,50,26,0.6122510569926087,0.03455615043640137
EXPF,50,26,0.6450921450351932,0.09471821784973145
ASTRA_AGF,100,26,0.7178589237820877,0.9237270355224609
Coordinate_RF,100,26,0.7299894005843819,0.9306778907775879
EXP010,100,26,0.620091757311742,0.023551464080810547
EXPF,100,26,0.6563512559906393,0.06858181953430176
ASTRA_AGF,200,26,0.7398460654623458,1.167933702468872
Coordinate_RF,200,26,0.7541965718714967,1.1173276901245117
EXP010,200,26,0.6215751755100668,0.02212381362915039
EXPF,200,26,0.6546778308112425,0.08528351783752441
ASTRA_AGF,5,27,0.6609496126130437,0.6820030212402344
Coordinate_RF,5,27,0.658824512436014,0.7029752731323242
EXP010,5,27,0.6144877613423883,0.016503334045410156
EXPF,5,27,0.5706253836107478,0.06536626815795898
ASTRA_AGF,25,27,0.6904458167384333,0.8252716064453125
Coordinate_RF,25,27,0.6944631604302971,0.9123427867889404
EXP010,25,27,0.6230894330729173,0.02766871452331543
EXPF,25,27,0.644882760123235,0.0928955078125
ASTRA_AGF,50,27,0.6852670845333837,0.8528282642364502
Coordinate_RF,50,27,0.6926147700612283,0.8345210552215576
EXP010,50,27,0.6233617853589811,0.026072263717651367
EXPF,50,27,0.6541548035663359,0.09177303314208984
ASTRA_AGF,100,27,0.7032650259306389,0.9267327785491943
Coordinate_RF,100,27,0.7095067554429542,0.9561669826507568
EXP010,100,27,0.618409743685655,0.03160881996154785
EXPF,100,27,0.6494322271825012,0.09639430046081543
ASTRA_AGF,200,27,0.722794232430169,1.1665706634521484
Coordinate_RF,200,27,0.7371260220085272,1.1057922840118408
EXP010,200,27,0.6233916692764838,0.029597997665405273
EXPF,200,27,0.6591300894276245,0.18089532852172852
ASTRA_AGF,5,28,0.6299151391386824,0.6716680526733398
Coordinate_RF,5,28,0.6379097164406953,0.6857168674468994
EXP010,5,28,0.5378467159474101,0.022005796432495117
EXPF,5,28,0.5064778853766718,0.07246685028076172
ASTRA_AGF,25,28,0.6711778376520612,0.8145642280578613
Coordinate_RF,25,28,0.6769129729306897,0.8378746509552002
EXP010,25,28,0.5463869908815853,0.03601980209350586
EXPF,25,28,0.5901977616978564,0.0926213264465332
ASTRA_AGF,50,28,0.7093256034368647,0.9395101070404053
Coordinate_RF,50,28,0.7087900309558567,0.8770945072174072
EXP010,50,28,0.6121312525887124,0.03510904312133789
EXPF,50,28,0.653624641248076,0.10528421401977539
ASTRA_AGF,100,28,0.7159994444573754,1.0262584686279297
Coordinate_RF,100,28,0.7291212754123075,0.9239704608917236
EXP010,100,28,0.6179984695455656,0.03801918029785156
EXPF,100,28,0.6594228974209952,0.10556840896606445
ASTRA_AGF,200,28,0.7302845322028344,1.159696102142334
Coordinate_RF,200,28,0.7451285778039658,1.1128177642822266
EXP010,200,28,0.6249843082659025,0.030292749404907227
EXPF,200,28,0.6615490163366948,0.07966852188110352
ASTRA_AGF,5,29,0.646086824941174,0.6706500053405762
Coordinate_RF,5,29,0.6443145061944808,0.6694164276123047
EXP010,5,29,0.5693113619024079,0.016785621643066406
EXPF,5,29,0.4528057744763182,0.045446157455444336
ASTRA_AGF,25,29,0.6687988870810029,0.8094966411590576
Coordinate_RF,25,29,0.6722908160314803,0.8254284858703613
EXP010,25,29,0.6043545788455721,0.0301206111907959
EXPF,25,29,0.6259847137496632,0.06908774375915527
ASTRA_AGF,50,29,0.7024597513321268,0.8913953304290771
Coordinate_RF,50,29,0.7076189175094929,0.861792802810669
EXP010,50,29,0.6193055772141111,0.03115534782409668
EXPF,50,29,0.6569819450391089,0.09312701225280762
ASTRA_AGF,100,29,0.7166246902856961,0.9737658500671387
Coordinate_RF,100,29,0.7274441831574481,0.9949796199798584
EXP010,100,29,0.6237886859599835,0.02640390396118164
EXPF,100,29,0.6584721915423468,0.0744485855102539
ASTRA_AGF,200,29,0.727357205774801,1.1638472080230713
Coordinate_RF,200,29,0.7430867367288956,1.2099053859710693
EXP010,200,29,0.6203090183595854,0.02766585350036621
EXPF,200,29,0.6595107530673304,0.0809326171875
ASTRA_AGF,5,30,0.6449463923838807,0.6867876052856445
Coordinate_RF,5,30,0.6468541757043439,0.7301692962646484
EXP010,5,30,0.5562885041552794,0.04582929611206055
EXPF,5,30,0.4949345149251792,0.09921026229858398
ASTRA_AGF,25,30,0.6976333050657568,0.8403940200805664
Coordinate_RF,25,30,0.6925080929578435,0.8639709949493408
EXP010,25,30,0.6315163607562095,0.04354453086853027
EXPF,25,30,0.6543080644370852,0.0976707935333252
ASTRA_AGF,50,30,0.699656123153632,0.908665657043457
Coordinate_RF,50,30,0.71179314604831,0.875786304473877
EXP010,50,30,0.6263874150543438,0.0328366756439209
EXPF,50,30,0.655334590327191,0.08773136138916016
ASTRA_AGF,100,30,0.721004939325882,0.9044103622436523
Coordinate_RF,100,30,0.7359610910384166,0.9315204620361328
EXP010,100,30,0.6212232625468574,0.02890610694885254
EXPF,100,30,0.6509063623346623,0.0894315242767334
ASTRA_AGF,200,30,0.7363928291056354,1.1194617748260498
Coordinate_RF,200,30,0.756090844697425,1.1488966941833496
EXP010,200,30,0.6212182148979165,0.03157353401184082
EXPF,200,30,0.651673275915463,0.09169340133666992
ASTRA_AGF,5,31,0.6479159067152761,0.7118721008300781
Coordinate_RF,5,31,0.6449114829557746,0.7270519733428955
EXP010,5,31,0.5844048960511992,0.02712392807006836
EXPF,5,31,0.5995502744778849,0.06559181213378906
ASTRA_AGF,25,31,0.6713088423526472,0.8300979137420654
Coordinate_RF,25,31,0.6736704981171316,0.8684725761413574
EXP010,25,31,0.6255616998343598,0.03002762794494629
EXPF,25,31,0.6435015609347392,0.09322881698608398
ASTRA_AGF,50,31,0.7034293692519159,0.8462326526641846
Coordinate_RF,50,31,0.7169599428057736,0.8904156684875488
EXP010,50,31,0.6291585577613378,0.03967142105102539
EXPF,50,31,0.6596577369510631,0.09232544898986816
ASTRA_AGF,100,31,0.7220387415306708,0.916860818862915
Coordinate_RF,100,31,0.7369416357372236,0.9311797618865967
EXP010,100,31,0.6293223081060826,0.03704690933227539
EXPF,100,31,0.6610372909785005,0.10106587409973145
ASTRA_AGF,200,31,0.7369335621759829,1.107532024383545
Coordinate_RF,200,31,0.7542682831807654,1.1021029949188232
EXP010,200,31,0.6257684669177433,0.038239479064941406
EXPF,200,31,0.6655276272359301,0.10010361671447754
ASTRA_AGF,5,32,0.6414012998803129,0.7796380519866943
Coordinate_RF,5,32,0.6456283946195658,0.7201969623565674
EXP010,5,32,0.47338783314079813,0.030419349670410156
EXPF,5,32,0.49961461669303825,0.06609892845153809
ASTRA_AGF,25,32,0.6730536790287821,0.8146862983703613
Coordinate_RF,25,32,0.6810566708803775,0.8040468692779541
EXP010,25,32,0.6022440712256041,0.038916826248168945
EXPF,25,32,0.6130987369017437,0.1022639274597168
ASTRA_AGF,50,32,0.6960175053643356,0.8448338508605957
Coordinate_RF,50,32,0.7079951997922875,0.8565621376037598
EXP010,50,32,0.6040482820349605,0.03262138366699219
EXPF,50,32,0.6263520002527365,0.09415936470031738
ASTRA_AGF,100,32,0.7161021888326042,0.937354564666748
Coordinate_RF,100,32,0.7301211803269155,0.9259147644042969
EXP010,100,32,0.6061551706896969,0.02485346794128418
EXPF,100,32,0.6331185862547414,0.07409524917602539
ASTRA_AGF,200,32,0.7195295649865634,1.080798864364624
Coordinate_RF,200,32,0.7348084274918383,1.1197168827056885
EXP010,200,32,0.610702260711225,0.026685237884521484
EXPF,200,32,0.6435505237895,0.07660484313964844
ASTRA_AGF,5,33,0.6492366166027767,0.7049052715301514
Coordinate_RF,5,33,0.6541014023202041,0.7415676116943359
EXP010,5,33,0.5473969585464626,0.019545316696166992
EXPF,5,33,0.5060393910460688,0.04410862922668457
ASTRA_AGF,25,33,0.694899448682071,0.8119523525238037
Coordinate_RF,25,33,0.6949013611058151,0.8653490543365479
EXP010,25,33,0.6097533830529098,0.025065183639526367
EXPF,25,33,0.6322300063533179,0.06382465362548828
ASTRA_AGF,50,33,0.7058602455600049,0.8348095417022705
Coordinate_RF,50,33,0.7099166029742973,0.8412880897521973
EXP010,50,33,0.626144862994109,0.025666475296020508
EXPF,50,33,0.6560120923060913,0.07365775108337402
ASTRA_AGF,100,33,0.7162780451338983,0.9313521385192871
Coordinate_RF,100,33,0.7321790320350794,0.9555625915527344
EXP010,100,33,0.6217064954579442,0.023880958557128906
EXPF,100,33,0.6605384657121897,0.07379031181335449
ASTRA_AGF,200,33,0.7324692330024904,1.086573600769043
Coordinate_RF,200,33,0.7508536389447025,1.0905730724334717
EXP010,200,33,0.6227646067702154,0.023121118545532227
EXPF,200,33,0.659905809549586,0.07525873184204102
ASTRA_AGF,5,34,0.6568083938306206,0.640007495880127
Coordinate_RF,5,34,0.6539834524446212,0.6666853427886963
EXP010,5,34,0.49468035036359537,0.022964000701904297
EXPF,5,34,0.5532449009299607,0.0482330322265625
ASTRA_AGF,25,34,0.7013863131956407,0.8051600456237793
Coordinate_RF,25,34,0.7061443988079944,0.783743143081665
EXP010,25,34,0.6084953715755362,0.02172684669494629
EXPF,25,34,0.6482801594511889,0.0682830810546875
ASTRA_AGF,50,34,0.7227972538246082,0.8327338695526123
Coordinate_RF,50,34,0.7290078638516848,0.835195779800415
EXP010,50,34,0.6113855260988255,0.027691364288330078
EXPF,50,34,0.6445777844507387,0.07537198066711426
ASTRA_AGF,100,34,0.7371972486841905,0.9323172569274902
Coordinate_RF,100,34,0.750553171145633,0.92897629737854
EXP010,100,34,0.6247636582190234,0.02567911148071289
EXPF,100,34,0.6612691893714058,0.0706479549407959
ASTRA_AGF,200,34,0.741020734818288,1.0908479690551758
Coordinate_RF,200,34,0.7558841551950702,1.1012468338012695
EXP010,200,34,0.6234510253602757,0.02896285057067871
EXPF,200,34,0.658964473907561,0.07531309127807617
ASTRA_AGF,5,35,0.64945609120656,0.6582551002502441
Coordinate_RF,5,35,0.6513037778744742,0.646794319152832
EXP010,5,35,0.5952383486119306,0.019443273544311523
EXPF,5,35,0.5739699271369363,0.04463839530944824
ASTRA_AGF,25,35,0.6824806399755037,0.7670791149139404
Coordinate_RF,25,35,0.6895317673722754,0.82187819480896
EXP010,25,35,0.6236427890429209,0.06547403335571289
EXPF,25,35,0.6406840766831191,0.08049845695495605
ASTRA_AGF,50,35,0.7020469445219665,0.8307433128356934
Coordinate_RF,50,35,0.713500594681371,0.8611454963684082
EXP010,50,35,0.6118589232307436,0.02762007713317871
EXPF,50,35,0.6390383670805004,0.09180998802185059
ASTRA_AGF,100,35,0.7224293991748569,0.9185543060302734
Coordinate_RF,100,35,0.73655185767708,0.9147615432739258
EXP010,100,35,0.6133232667882138,0.025843143463134766
EXPF,100,35,0.6477151097952302,0.09583878517150879
ASTRA_AGF,200,35,0.7314306728967129,1.139237880706787
Coordinate_RF,200,35,0.744188158902547,1.0937483310699463
EXP010,200,35,0.6218321491045917,0.027247190475463867
EXPF,200,35,0.6480829549208675,0.10170435905456543
ASTRA_AGF,5,36,0.6485693307525046,0.7000794410705566
Coordinate_RF,5,36,0.6483240349550841,0.7248680591583252
EXP010,5,36,0.5610283669906138,0.023000240325927734
EXPF,5,36,0.5207368922022927,0.06055808067321777
ASTRA_AGF,25,36,0.6901564843316114,0.834892988204956
Coordinate_RF,25,36,0.6967377558658592,0.8347852230072021
EXP010,25,36,0.6140316940887298,0.025475025177001953
EXPF,25,36,0.6331933715813877,0.0839378833770752
ASTRA_AGF,50,36,0.7149069865025155,0.8870973587036133
Coordinate_RF,50,36,0.7202187573002139,0.8708791732788086
EXP010,50,36,0.6245809043087924,0.0357363224029541
EXPF,50,36,0.6501425298316401,0.09730839729309082
ASTRA_AGF,100,36,0.725599580031983,0.9496345520019531
Coordinate_RF,100,36,0.7405074054295935,0.9287254810333252
EXP010,100,36,0.6272675696097282,0.025831222534179688
EXPF,100,36,0.6576058194555487,0.0940861701965332
ASTRA_AGF,200,36,0.7378552764017267,1.1471672058105469
Coordinate_RF,200,36,0.752254651500537,1.1244409084320068
EXP010,200,36,0.6260567850656942,0.034989118576049805
EXPF,200,36,0.6581796468408114,0.10046267509460449
ASTRA_AGF,5,37,0.6392716876555646,0.691425085067749
Coordinate_RF,5,37,0.6408625901484394,0.7175228595733643
EXP010,5,37,0.5421376862914835,0.03867912292480469
EXPF,5,37,0.516862161747449,0.11321210861206055
ASTRA_AGF,25,37,0.6905801581431799,0.8120119571685791
Coordinate_RF,25,37,0.6926360121177311,0.8203463554382324
EXP010,25,37,0.609731949140702,0.03238558769226074
EXPF,25,37,0.6436333906375036,0.09430575370788574
ASTRA_AGF,50,37,0.6873670450762299,0.8968472480773926
Coordinate_RF,50,37,0.6973714182073752,0.8869209289550781
EXP010,50,37,0.619687685766225,0.03386855125427246
EXPF,50,37,0.646821185087464,0.09779787063598633
ASTRA_AGF,100,37,0.7041348069316812,0.9054117202758789
Coordinate_RF,100,37,0.719903372072724,0.9461300373077393
EXP010,100,37,0.6260079938178446,0.04056906700134277
EXPF,100,37,0.6587015382819754,0.10224270820617676
ASTRA_AGF,200,37,0.7252229473885534,1.1051616668701172
Coordinate_RF,200,37,0.7423010376725183,1.1767964363098145
EXP010,200,37,0.6266566859338006,0.0367741584777832
EXPF,200,37,0.6609407419529062,0.10059976577758789
ASTRA_AGF,5,38,0.6524403239077492,0.7076902389526367
Coordinate_RF,5,38,0.6528824670499658,0.7246129512786865
EXP010,5,38,0.5787419272643585,0.0259246826171875
EXPF,5,38,0.5806941032671734,0.06286740303039551
ASTRA_AGF,25,38,0.6654697864347427,0.8087100982666016
Coordinate_RF,25,38,0.6662980285176603,0.8292603492736816
EXP010,25,38,0.626594335452999,0.03756833076477051
EXPF,25,38,0.6140841292997636,0.1118309497833252
ASTRA_AGF,50,38,0.6921935577494738,0.930809497833252
Coordinate_RF,50,38,0.698972474062382,0.8772354125976562
EXP010,50,38,0.6306572246321864,0.030034542083740234
EXPF,50,38,0.6470010920217985,0.08940911293029785
ASTRA_AGF,100,38,0.7113216808954541,0.9247767925262451
Coordinate_RF,100,38,0.728921358616607,0.9403023719787598
EXP010,100,38,0.6264347659759122,0.030667781829833984
EXPF,100,38,0.6544754005661101,0.09957098960876465
ASTRA_AGF,200,38,0.730357761758458,1.1639139652252197
Coordinate_RF,200,38,0.7441764926454537,1.1553332805633545
EXP010,200,38,0.6244351655891811,0.03332328796386719
EXPF,200,38,0.660770524676193,0.06921648979187012
ASTRA_AGF,5,39,0.6578568712851174,0.6626889705657959
Coordinate_RF,5,39,0.657582029400177,0.6960577964782715
EXP010,5,39,0.600625843161747,0.018060922622680664
EXPF,5,39,0.5784856153015163,0.04881119728088379
ASTRA_AGF,25,39,0.6785678114555148,0.786461353302002
Coordinate_RF,25,39,0.6735083903546507,0.7801823616027832
EXP010,25,39,0.6187104031763666,0.028985261917114258
EXPF,25,39,0.6347927974938876,0.0838313102722168
ASTRA_AGF,50,39,0.6787349913970921,0.8245100975036621
Coordinate_RF,50,39,0.6869065544206019,0.8880667686462402
EXP010,50,39,0.6216207389724548,0.02719736099243164
EXPF,50,39,0.646574546838382,0.08504986763000488
ASTRA_AGF,100,39,0.7214954092469834,0.9359886646270752
Coordinate_RF,100,39,0.7330507911660437,0.9216513633728027
EXP010,100,39,0.6252418882461258,0.021834373474121094
EXPF,100,39,0.6529791737990925,0.08678412437438965
ASTRA_AGF,200,39,0.7378293695127294,1.096771478652954
Coordinate_RF,200,39,0.7472768998210705,1.0946524143218994
EXP010,200,39,0.621889247801656,0.027299165725708008
EXPF,200,39,0.6486976038782355,0.08528542518615723
ASTRA_AGF,5,40,0.6539610962424741,0.7567675113677979
Coordinate_RF,5,40,0.6511824481171773,0.7063226699829102
EXP010,5,40,0.5831339208693563,0.030080795288085938
EXPF,5,40,0.5710582649123404,0.05115151405334473
ASTRA_AGF,25,40,0.6661423200645398,0.7985498905181885
Coordinate_RF,25,40,0.6664173886320969,0.7873468399047852
EXP010,25,40,0.6037691442943218,0.024385929107666016
EXPF,25,40,0.635608774432473,0.06896471977233887
ASTRA_AGF,50,40,0.6909925818922011,0.8561370372772217
Coordinate_RF,50,40,0.706136522000496,0.8624744415283203
EXP010,50,40,0.6178216436717546,0.03028106689453125
EXPF,50,40,0.6462240593250375,0.06461095809936523
ASTRA_AGF,100,40,0.707875528683795,0.9775714874267578
Coordinate_RF,100,40,0.7209694321735417,0.8787586688995361
EXP010,100,40,0.6227202272805965,0.02937150001525879
EXPF,100,40,0.6502403042002054,0.08811759948730469
ASTRA_AGF,200,40,0.7336903469272272,1.0984532833099365
Coordinate_RF,200,40,0.7511929824765567,1.0653607845306396
EXP010,200,40,0.6207052178092187,0.023905277252197266
EXPF,200,40,0.6512745872945538,0.0772397518157959
ASTRA_AGF,5,41,0.6504696396432699,0.6668262481689453
Coordinate_RF,5,41,0.649199433001757,0.687593936920166
EXP010,5,41,0.5853511649922233,0.021214962005615234
EXPF,5,41,0.5998881921674426,0.046741485595703125
ASTRA_AGF,25,41,0.6773848261437941,0.7841458320617676
Coordinate_RF,25,41,0.6741058838279697,0.7860403060913086
EXP010,25,41,0.6104442825145225,0.019696950912475586
EXPF,25,41,0.6344164589988165,0.08608055114746094
ASTRA_AGF,50,41,0.6864828919906973,0.824427604675293
Coordinate_RF,50,41,0.7008369068841935,0.8440589904785156
EXP010,50,41,0.6174946947677613,0.02077960968017578
EXPF,50,41,0.6467898029658025,0.07411551475524902
ASTRA_AGF,100,41,0.7128668956933121,0.90682053565979
Coordinate_RF,100,41,0.7304917269967932,0.9892451763153076
EXP010,100,41,0.6286269394785442,0.028318166732788086
EXPF,100,41,0.6524190091415566,0.08075165748596191
ASTRA_AGF,200,41,0.7303400918636255,1.063918113708496
Coordinate_RF,200,41,0.7486010690662633,1.0558865070343018
EXP010,200,41,0.6245617267187058,0.023157835006713867
EXPF,200,41,0.6575439251074121,0.08056163787841797
ASTRA_AGF,5,42,0.6296321565435292,0.7448282241821289
Coordinate_RF,5,42,0.6259863044042447,0.6683263778686523
EXP010,5,42,0.6096417512273536,0.023825883865356445
EXPF,5,42,0.5714079916514103,0.04552578926086426
ASTRA_AGF,25,42,0.6935796216867018,0.8098964691162109
Coordinate_RF,25,42,0.703912586020481,0.803441047668457
EXP010,25,42,0.6163489597537218,0.024018287658691406
EXPF,25,42,0.6456313375791444,0.09982943534851074
ASTRA_AGF,50,42,0.7177364619095059,0.8653934001922607
Coordinate_RF,50,42,0.724188422799275,0.8192253112792969
EXP010,50,42,0.6246873627770211,0.024123668670654297
EXPF,50,42,0.6503133756233579,0.07922887802124023
ASTRA_AGF,100,42,0.7154670223376391,0.8875627517700195
Coordinate_RF,100,42,0.7245139567378156,0.8782913684844971
EXP010,100,42,0.6206543425779454,0.03809070587158203
EXPF,100,42,0.6494977728139399,0.0874638557434082
ASTRA_AGF,200,42,0.7236301832312524,1.1374976634979248
Coordinate_RF,200,42,0.7396302180438692,1.1081030368804932
EXP010,200,42,0.6186945980834324,0.02557969093322754
EXPF,200,42,0.6503566814136109,0.07636713981628418
ASTRA_AGF,5,43,0.6666809204776514,0.6750802993774414
Coordinate_RF,5,43,0.6642739414352592,0.6708683967590332
EXP010,5,43,0.5927556618152178,0.019957304000854492
EXPF,5,43,0.5730935174987523,0.06271696090698242
ASTRA_AGF,25,43,0.685329047595371,0.7972159385681152
Coordinate_RF,25,43,0.6951190823855609,0.8660039901733398
EXP010,25,43,0.621496707811704,0.02935624122619629
EXPF,25,43,0.6441148601671113,0.0818181037902832
ASTRA_AGF,50,43,0.6805930116048167,0.8428347110748291
Coordinate_RF,50,43,0.6887232416708957,0.8391284942626953
EXP010,50,43,0.6195911411685531,0.031552791595458984
EXPF,50,43,0.6405687877031889,0.10032916069030762
ASTRA_AGF,100,43,0.6965402641120676,0.9095675945281982
Coordinate_RF,100,43,0.7127363831526473,0.9302856922149658
EXP010,100,43,0.6128316643338343,0.030395984649658203
EXPF,100,43,0.6400281427329786,0.10234546661376953
ASTRA_AGF,200,43,0.727057179349287,1.195343017578125
Coordinate_RF,200,43,0.7411464956732347,1.136202335357666
EXP010,200,43,0.618760630594418,0.03728032112121582
EXPF,200,43,0.6485592519931243,0.09971499443054199
ASTRA_AGF,5,44,0.6331626725256333,0.673506498336792
Coordinate_RF,5,44,0.6344913635123135,0.6974618434906006
EXP010,5,44,0.5325245134894525,0.020130395889282227
EXPF,5,44,0.4983553987756976,0.0566554069519043
ASTRA_AGF,25,44,0.6706426870606811,0.8162953853607178
Coordinate_RF,25,44,0.6718572876559258,0.7937278747558594
EXP010,25,44,0.6061546461426639,0.033475399017333984
EXPF,25,44,0.6098380869766529,0.09042143821716309
ASTRA_AGF,50,44,0.6857873282384503,0.8745594024658203
Coordinate_RF,50,44,0.6905532089768617,0.8401424884796143
EXP010,50,44,0.6131743548549758,0.02497267723083496
EXPF,50,44,0.6444412278675129,0.07335138320922852
ASTRA_AGF,100,44,0.7137032165649113,0.9080593585968018
Coordinate_RF,100,44,0.7334068658761828,0.9612078666687012
EXP010,100,44,0.619681646617446,0.021593093872070312
EXPF,100,44,0.6620098227975503,0.07774496078491211
ASTRA_AGF,200,44,0.7398621015280511,1.0991415977478027
Coordinate_RF,200,44,0.7531437421096551,1.152238130569458
EXP010,200,44,0.6242839099699093,0.02277064323425293
EXPF,200,44,0.66337640318898,0.07121467590332031
ASTRA_AGF,5,45,0.6359885581664428,0.7265856266021729
Coordinate_RF,5,45,0.6356541099048798,0.7213094234466553
EXP010,5,45,0.5733953229361132,0.01603412628173828
EXPF,5,45,0.5350021615362336,0.04658913612365723
ASTRA_AGF,25,45,0.6715949682653304,0.7888267040252686
Coordinate_RF,25,45,0.677145501861816,0.7781939506530762
EXP010,25,45,0.5932321133903228,0.02365899085998535
EXPF,25,45,0.6068062863987094,0.07924938201904297
ASTRA_AGF,50,45,0.7040850560114428,0.8563613891601562
Coordinate_RF,50,45,0.7095512773106825,0.9435174465179443
EXP010,50,45,0.6163706628305322,0.031113147735595703
EXPF,50,45,0.6329437725179599,0.08083462715148926
ASTRA_AGF,100,45,0.7238986221471203,0.8958628177642822
Coordinate_RF,100,45,0.7357841637808638,0.9088795185089111
EXP010,100,45,0.6244595845110541,0.03189277648925781
EXPF,100,45,0.644943489824577,0.08290910720825195
ASTRA_AGF,200,45,0.7314894001994726,1.088850975036621
Coordinate_RF,200,45,0.7459671641327885,1.130478858947754
EXP010,200,45,0.625649344792,0.023423194885253906
EXPF,200,45,0.6575157593121853,0.11899495124816895
ASTRA_AGF,5,46,0.6492042310848247,0.6623387336730957
Coordinate_RF,5,46,0.6491438842281853,0.6556503772735596
EXP010,5,46,0.5237623673052952,0.016504764556884766
EXPF,5,46,0.5462158724169649,0.05997276306152344
ASTRA_AGF,25,46,0.6852530062511031,0.7880263328552246
Coordinate_RF,25,46,0.6891581678350679,0.7860333919525146
EXP010,25,46,0.6085870157124624,0.0344700813293457
EXPF,25,46,0.6375006081981758,0.147629976272583
ASTRA_AGF,50,46,0.6939652146793539,0.8335952758789062
Coordinate_RF,50,46,0.7073389979118965,0.8570945262908936
EXP010,50,46,0.6110246320322523,0.024248838424682617
EXPF,50,46,0.640383814987765,0.06862950325012207
ASTRA_AGF,100,46,0.713003899554866,0.9110026359558105
Coordinate_RF,100,46,0.7250587160113995,0.9666244983673096
EXP010,100,46,0.6160328611386476,0.02856278419494629
EXPF,100,46,0.6477746802438391,0.08274960517883301
ASTRA_AGF,200,46,0.728556728352616,1.136016607284546
Coordinate_RF,200,46,0.742255718406174,1.0993356704711914
EXP010,200,46,0.6217781891761005,0.03167986869812012
EXPF,200,46,0.6556616939943997,0.1127619743347168
ASTRA_AGF,5,47,0.6606634390220926,0.7315495014190674
Coordinate_RF,5,47,0.6612575193682944,0.7983601093292236
EXP010,5,47,0.5553255623242379,0.03263592720031738
EXPF,5,47,0.5424793754382352,0.0770573616027832
ASTRA_AGF,25,47,0.6946927501895163,0.8366546630859375
Coordinate_RF,25,47,0.6991951426092531,0.8652393817901611
EXP010,25,47,0.6152485224755,0.043135881423950195
EXPF,25,47,0.6335652182212758,0.10289978981018066
ASTRA_AGF,50,47,0.687773857603082,0.8490917682647705
Coordinate_RF,50,47,0.708185638097508,0.8631312847137451
EXP010,50,47,0.6147664190456905,0.03735804557800293
EXPF,50,47,0.6374523996753791,0.09333252906799316
ASTRA_AGF,100,47,0.7225854347915638,0.9798402786254883
Coordinate_RF,100,47,0.7394377059709304,0.9441046714782715
EXP010,100,47,0.6279194837733516,0.0332491397857666
EXPF,100,47,0.650770902477614,0.07358717918395996
ASTRA_AGF,200,47,0.7395499096136819,1.0953378677368164
Coordinate_RF,200,47,0.7539817495583532,1.1066868305206299
EXP010,200,47,0.6265590523515132,0.0271451473236084
EXPF,200,47,0.6587375285977393,0.07663869857788086
ASTRA_AGF,5,48,0.6545087172940288,0.6615862846374512
Coordinate_RF,5,48,0.6541486322999108,0.7089300155639648
EXP010,5,48,0.5532572666826471,0.019354820251464844
EXPF,5,48,0.5616459077094748,0.052468061447143555
ASTRA_AGF,25,48,0.6905206387364982,0.8266377449035645
Coordinate_RF,25,48,0.7005203719244003,0.7975778579711914
EXP010,25,48,0.6114545620280326,0.029430150985717773
EXPF,25,48,0.6530106226968639,0.08154463768005371
ASTRA_AGF,50,48,0.706099722116934,0.8402140140533447
Coordinate_RF,50,48,0.7262805964884403,0.8612105846405029
EXP010,50,48,0.607106240298245,0.03345084190368652
EXPF,50,48,0.6446314016090506,0.10022306442260742
ASTRA_AGF,100,48,0.7171865905822105,0.9425654411315918
Coordinate_RF,100,48,0.7335121727088285,0.9871900081634521
EXP010,100,48,0.6188624384277838,0.02819991111755371
EXPF,100,48,0.6533575563488766,0.0719151496887207
ASTRA_AGF,200,48,0.7247857150717659,1.0925841331481934
Coordinate_RF,200,48,0.7444143914897237,1.1299810409545898
EXP010,200,48,0.6240905116140437,0.02538442611694336
EXPF,200,48,0.6622294389129991,0.07644891738891602
ASTRA_AGF,5,49,0.6377356646196753,0.7034175395965576
Coordinate_RF,5,49,0.6386768441218298,0.7002928256988525
EXP010,5,49,0.5673789151101717,0.019518375396728516
EXPF,5,49,0.5445727195438116,0.0450742244720459
ASTRA_AGF,25,49,0.6873272264674101,0.7920622825622559
Coordinate_RF,25,49,0.6895093768099045,0.7665283679962158
EXP010,25,49,0.6232176318110831,0.02273106575012207
EXPF,25,49,0.648831023544512,0.07113409042358398
ASTRA_AGF,50,49,0.7013674309597138,0.803246259689331
Coordinate_RF,50,49,0.7057572025536847,0.8322384357452393
EXP010,50,49,0.6287957355582268,0.030222177505493164
EXPF,50,49,0.6608866989401689,0.12424302101135254
ASTRA_AGF,100,49,0.7174729774023458,0.9105615615844727
Coordinate_RF,100,49,0.7255596927565262,0.9990510940551758
EXP010,100,49,0.6221962666855618,0.03008127212524414
EXPF,100,49,0.6598870595526849,0.07217144966125488
ASTRA_AGF,200,49,0.7305293537572941,1.1943035125732422
Coordinate_RF,200,49,0.7450779774267671,1.0935778617858887
EXP010,200,49,0.6215773426073279,0.02496647834777832
EXPF,200,49,0.663976346328883,0.08030939102172852
ASTRA_AGF,5,50,0.6257719946012443,0.6867809295654297
Coordinate_RF,5,50,0.6289765251298892,0.6852054595947266
EXP010,5,50,0.49884838568222317,0.0214383602142334
EXPF,5,50,0.48566727444810864,0.04170370101928711
ASTRA_AGF,25,50,0.6708105755643281,0.8300397396087646
Coordinate_RF,25,50,0.6770493991194457,0.8960239887237549
EXP010,25,50,0.6122461938877912,0.039612531661987305
EXPF,25,50,0.6203683548649098,0.08178520202636719
ASTRA_AGF,50,50,0.6946486127715787,0.836756706237793
Coordinate_RF,50,50,0.6990699814689203,0.8581342697143555
EXP010,50,50,0.6212558209994234,0.024802446365356445
EXPF,50,50,0.6495410023301647,0.07473301887512207
ASTRA_AGF,100,50,0.7081392348072801,0.9238429069519043
Coordinate_RF,100,50,0.7217637821530759,0.9091382026672363
EXP010,100,50,0.6267869367580785,0.02516460418701172
EXPF,100,50,0.6579737050133144,0.07308483123779297
ASTRA_AGF,200,50,0.7268997097614105,1.1489536762237549
Coordinate_RF,200,50,0.7480985587113191,1.100142240524292
EXP010,200,50,0.6251176207697753,0.020871877670288086
EXPF,200,50,0.6578792610248188,0.07722735404968262
ASTRA_AGF,5,51,0.6596525754473949,0.6770670413970947
Coordinate_RF,5,51,0.6607182939201376,0.741445779800415
EXP010,5,51,0.6097887127909126,0.015707969665527344
EXPF,5,51,0.6137766516638228,0.05366396903991699
ASTRA_AGF,25,51,0.6687681175352203,0.7852191925048828
Coordinate_RF,25,51,0.6779918935566194,0.8328313827514648
EXP010,25,51,0.612725212343519,0.025354862213134766
EXPF,25,51,0.6305966003376715,0.07220697402954102
ASTRA_AGF,50,51,0.6767102003697111,0.87908935546875
Coordinate_RF,50,51,0.6907307395528808,0.8185596466064453
EXP010,50,51,0.6138651288149888,0.030809879302978516
EXPF,50,51,0.6367144156822137,0.06951308250427246
ASTRA_AGF,100,51,0.7086086644820173,0.8996150493621826
Coordinate_RF,100,51,0.7224918466787816,0.9168415069580078
EXP010,100,51,0.5971819552565528,0.02758502960205078
EXPF,100,51,0.6386959402768055,0.07641267776489258
ASTRA_AGF,200,51,0.7377850144433997,1.1746416091918945
Coordinate_RF,200,51,0.755063906409127,1.0714707374572754
EXP010,200,51,0.6129517739083659,0.021897315979003906
EXPF,200,51,0.6523934145827144,0.07309842109680176
ASTRA_AGF,5,52,0.6382985187582092,0.6764218807220459
Coordinate_RF,5,52,0.6368088002364642,0.6849832534790039
EXP010,5,52,0.580051386841906,0.01599431037902832
EXPF,5,52,0.5290197608005134,0.05492377281188965
ASTRA_AGF,25,52,0.6864696460626194,0.7836940288543701
Coordinate_RF,25,52,0.6968679021893672,0.7769441604614258
EXP010,25,52,0.6135261493880089,0.03125357627868652
EXPF,25,52,0.6305392613604596,0.08212471008300781
ASTRA_AGF,50,52,0.7017151485630087,0.9161415100097656
Coordinate_RF,50,52,0.7116868854261738,0.8394601345062256
EXP010,50,52,0.6249391209552353,0.028006792068481445
EXPF,50,52,0.6514247171046291,0.07361626625061035
ASTRA_AGF,100,52,0.7248979452191283,0.8950843811035156
Coordinate_RF,100,52,0.7381785503357874,0.9329988956451416
EXP010,100,52,0.623912030524471,0.025765657424926758
EXPF,100,52,0.6592901145647974,0.06559205055236816
ASTRA_AGF,200,52,0.7406183907995072,1.0800080299377441
Coordinate_RF,200,52,0.7552762094325793,1.1652801036834717
EXP010,200,52,0.628631330275609,0.025641202926635742
EXPF,200,52,0.6672387045409502,0.08707213401794434
ASTRA_AGF,5,53,0.6420271127429314,0.7206189632415771
Coordinate_RF,5,53,0.6439281383121283,0.7034411430358887
EXP010,5,53,0.6042222922483764,0.023432254791259766
EXPF,5,53,0.5151242584596226,0.046678781509399414
ASTRA_AGF,25,53,0.6889045803045137,0.778148889541626
Coordinate_RF,25,53,0.6930361688940657,0.7965707778930664
EXP010,25,53,0.6254557329115645,0.019863128662109375
EXPF,25,53,0.6662791882132015,0.07435250282287598
ASTRA_AGF,50,53,0.7112778056457003,0.8423418998718262
Coordinate_RF,50,53,0.717344060181881,0.8784723281860352
EXP010,50,53,0.6162822189233693,0.02108931541442871
EXPF,50,53,0.658178211554757,0.08092951774597168
ASTRA_AGF,100,53,0.718647402213978,0.906057596206665
Coordinate_RF,100,53,0.7271233941674363,0.915123701095581
EXP010,100,53,0.6192646479153491,0.021720170974731445
EXPF,100,53,0.6643828895064036,0.07834672927856445
ASTRA_AGF,200,53,0.7297685050883147,1.065434217453003
Coordinate_RF,200,53,0.7449821506317308,1.1035754680633545
EXP010,200,53,0.6178752103075668,0.0239865779876709
EXPF,200,53,0.6562387344115114,0.07614994049072266
ASTRA_AGF,5,54,0.6421383251558901,0.7478485107421875
Coordinate_RF,5,54,0.6435082055205561,0.7155108451843262
EXP010,5,54,0.541279982618095,0.015033245086669922
EXPF,5,54,0.5856045185605697,0.048441410064697266
ASTRA_AGF,25,54,0.681680941661103,0.7904937267303467
Coordinate_RF,25,54,0.6900388357424956,0.7996795177459717
EXP010,25,54,0.6046023030545006,0.022504568099975586
EXPF,25,54,0.6311586733863059,0.07895159721374512
ASTRA_AGF,50,54,0.6971891076238965,0.822331428527832
Coordinate_RF,50,54,0.704570788812225,0.8590514659881592
EXP010,50,54,0.5966629758401364,0.03571319580078125
EXPF,50,54,0.6330029760789369,0.07411479949951172
ASTRA_AGF,100,54,0.7060243100854885,0.9479572772979736
Coordinate_RF,100,54,0.719691237467595,0.9235234260559082
EXP010,100,54,0.6208361151721005,0.021985292434692383
EXPF,100,54,0.6477784355035263,0.07786726951599121
ASTRA_AGF,200,54,0.7286244175417895,1.075744867324829
Coordinate_RF,200,54,0.7440690768651774,1.1330394744873047
EXP010,200,54,0.6220731272246321,0.02612447738647461
EXPF,200,54,0.6554427544533667,0.08600473403930664
ASTRA_AGF,5,55,0.6561407553123704,0.7127685546875
Coordinate_RF,5,55,0.6607878038072816,0.7119927406311035
EXP010,5,55,0.6004433178564305,0.01761770248413086
EXPF,5,55,0.570788858483801,0.052459716796875
ASTRA_AGF,25,55,0.669215955199816,0.8453419208526611
Coordinate_RF,25,55,0.6716645247953317,0.8131747245788574
EXP010,25,55,0.6144720827222045,0.02948927879333496
EXPF,25,55,0.6403922485626806,0.07328963279724121
ASTRA_AGF,50,55,0.6995054250628199,0.8711249828338623
Coordinate_RF,50,55,0.707424126480934,0.9027743339538574
EXP010,50,55,0.6255011405121287,0.02932572364807129
EXPF,50,55,0.6537483794688042,0.06932449340820312
ASTRA_AGF,100,55,0.7188328019869823,1.0091655254364014
Coordinate_RF,100,55,0.7310377666739845,0.8944647312164307
EXP010,100,55,0.6214580611049245,0.022782564163208008
EXPF,100,55,0.6624922809920718,0.07390999794006348
ASTRA_AGF,200,55,0.7322168001950524,1.1133592128753662
Coordinate_RF,200,55,0.7477071896496607,1.117114543914795
EXP010,200,55,0.6225798321010151,0.030531644821166992
EXPF,200,55,0.6656189195220843,0.07675886154174805
ASTRA_AGF,5,56,0.6537946220441954,0.6810767650604248
Coordinate_RF,5,56,0.6514613819376283,0.7593677043914795
EXP010,5,56,0.6149808760782074,0.017919063568115234
EXPF,5,56,0.5665389805691348,0.05627131462097168
ASTRA_AGF,25,56,0.6719327893358973,0.7853283882141113
Coordinate_RF,25,56,0.6719565471490399,0.785362958908081
EXP010,25,56,0.6041508680051644,0.028884172439575195
EXPF,25,56,0.6300992771929864,0.07584023475646973
ASTRA_AGF,50,56,0.689201952546045,0.8306856155395508
Coordinate_RF,50,56,0.7033314037340688,0.9037022590637207
EXP010,50,56,0.6066273865121422,0.024266481399536133
EXPF,50,56,0.6421641533398601,0.07268095016479492
ASTRA_AGF,100,56,0.7072205352674923,0.905759334564209
Coordinate_RF,100,56,0.725395108184698,1.01808762550354
EXP010,100,56,0.6122660308171605,0.02894902229309082
EXPF,100,56,0.6444293745546669,0.07072162628173828
ASTRA_AGF,200,56,0.7216902162857701,1.103581428527832
Coordinate_RF,200,56,0.7426355989978559,1.0959784984588623
EXP010,200,56,0.6154420529002979,0.034552812576293945
EXPF,200,56,0.6485682262367058,0.08344817161560059
ASTRA_AGF,5,57,0.6526068821236152,0.6826915740966797
Coordinate_RF,5,57,0.6497290625337484,0.6900732517242432
EXP010,5,57,0.567788499704103,0.01978754997253418
EXPF,5,57,0.5106859201558649,0.05250406265258789
ASTRA_AGF,25,57,0.710407455859252,0.9143328666687012
Coordinate_RF,25,57,0.7207510943505906,0.7855584621429443
EXP010,25,57,0.6246362158618306,0.026853322982788086
EXPF,25,57,0.6634424303064833,0.07684087753295898
ASTRA_AGF,50,57,0.7201293190282506,0.8181650638580322
Coordinate_RF,50,57,0.7355577743140109,0.8403055667877197
EXP010,50,57,0.6277860350690572,0.02614617347717285
EXPF,50,57,0.6581759680171688,0.06445193290710449
ASTRA_AGF,100,57,0.7240347517778674,0.918220043182373
Coordinate_RF,100,57,0.738086921584755,0.9451682567596436
EXP010,100,57,0.6195226764488448,0.03699135780334473
EXPF,100,57,0.6511270485172103,0.0669245719909668
ASTRA_AGF,200,57,0.7342468693543842,1.077338695526123
Coordinate_RF,200,57,0.7503858898933132,1.1051084995269775
EXP010,200,57,0.6235719422679474,0.029390573501586914
EXPF,200,57,0.6596328526033255,0.08637571334838867
ASTRA_AGF,5,58,0.6525636696280965,0.65775465965271
Coordinate_RF,5,58,0.6521202020662037,0.7367258071899414
EXP010,5,58,0.5923533074757729,0.01902294158935547
EXPF,5,58,0.517688636179882,0.05360078811645508
ASTRA_AGF,25,58,0.6914674058449826,0.7762768268585205
Coordinate_RF,25,58,0.6934998551924201,0.8434934616088867
EXP010,25,58,0.5928431251423064,0.02663874626159668
EXPF,25,58,0.6316671178488621,0.07048773765563965
ASTRA_AGF,50,58,0.6978539372387829,0.8518185615539551
Coordinate_RF,50,58,0.7121187781253295,0.8451235294342041
EXP010,50,58,0.6235625565111453,0.027595996856689453
EXPF,50,58,0.653062057765554,0.0667273998260498
ASTRA_AGF,100,58,0.7057816199900026,0.869908332824707
Coordinate_RF,100,58,0.7210153941799355,0.8682754039764404
EXP010,100,58,0.6187512332860761,0.029444456100463867
EXPF,100,58,0.6519845094058272,0.0776214599609375
ASTRA_AGF,200,58,0.7271701207838362,1.1393449306488037
Coordinate_RF,200,58,0.7409053742397785,1.0640714168548584
EXP010,200,58,0.6178664703712892,0.021830081939697266
EXPF,200,58,0.649962180603536,0.06854939460754395
ASTRA_AGF,5,59,0.6619709041414662,0.64483642578125
Coordinate_RF,5,59,0.6630134341969323,0.6529905796051025
EXP010,5,59,0.5877780723582857,0.015935659408569336
EXPF,5,59,0.5195745014804489,0.053618431091308594
ASTRA_AGF,25,59,0.6821553792558641,0.7788498401641846
Coordinate_RF,25,59,0.6810680193533001,0.7956147193908691
EXP010,25,59,0.5741900063321446,0.027471303939819336
EXPF,25,59,0.6136265658189167,0.09447598457336426
ASTRA_AGF,50,59,0.71284652125776,0.8607261180877686
Coordinate_RF,50,59,0.7176454947543831,0.8286731243133545
EXP010,50,59,0.6105428387913971,0.02122330665588379
EXPF,50,59,0.6501476829889103,0.07109761238098145
ASTRA_AGF,100,59,0.7279229899716642,0.8806400299072266
Coordinate_RF,100,59,0.7375111045606773,0.9665749073028564
EXP010,100,59,0.6161416268087216,0.021203041076660156
EXPF,100,59,0.647848897541941,0.06406307220458984
ASTRA_AGF,200,59,0.7299539507896318,1.08939528465271
Coordinate_RF,200,59,0.7473222640435854,1.1350152492523193
EXP010,200,59,0.6195174718814882,0.02641439437866211
EXPF,200,59,0.6521413506100082,0.07126069068908691
ASTRA_AGF,5,60,0.6558665164584635,0.704719066619873
Coordinate_RF,5,60,0.6574697482532793,0.6825985908508301
EXP010,5,60,0.6002863761230461,0.024532318115234375
EXPF,5,60,0.5465572382192289,0.04618024826049805
ASTRA_AGF,25,60,0.6898682979732578,0.8072786331176758
Coordinate_RF,25,60,0.6942453741954809,0.7805783748626709
EXP010,25,60,0.6102103178575873,0.02175450325012207
EXPF,25,60,0.6435027904678735,0.0777733325958252
ASTRA_AGF,50,60,0.6965731017952421,0.8243710994720459
Coordinate_RF,50,60,0.7064445392880329,0.8827168941497803
EXP010,50,60,0.6172293361020674,0.020699739456176758
EXPF,50,60,0.6462466441398887,0.07292962074279785
ASTRA_AGF,100,60,0.7219528625971785,0.894711971282959
Coordinate_RF,100,60,0.7369886028694825,0.920698881149292
EXP010,100,60,0.6179015505286329,0.021947145462036133
EXPF,100,60,0.6521989209126797,0.077117919921875
ASTRA_AGF,200,60,0.7369705117803861,1.101165771484375
Coordinate_RF,200,60,0.7507549931204868,1.1414945125579834
EXP010,200,60,0.622091201667726,0.025634288787841797
EXPF,200,60,0.6590245811276391,0.07375001907348633
ASTRA_AGF,5,61,0.6642263919138951,0.7048556804656982
Coordinate_RF,5,61,0.6659497739853935,0.7843034267425537
EXP010,5,61,0.5866082474941756,0.022668838500976562
EXPF,5,61,0.5764666100093769,0.0431210994720459
ASTRA_AGF,25,61,0.6942744279550331,0.7810673713684082
Coordinate_RF,25,61,0.7016003940122542,0.8011419773101807
EXP010,25,61,0.6165907560069608,0.035771846771240234
EXPF,25,61,0.6486510000954697,0.07512354850769043
ASTRA_AGF,50,61,0.6943321040992134,0.8089866638183594
Coordinate_RF,50,61,0.6998820553391593,0.8538823127746582
EXP010,50,61,0.6289140256701816,0.02475714683532715
EXPF,50,61,0.6593548457926035,0.06154322624206543
ASTRA_AGF,100,61,0.6963642939011728,0.965822696685791
Coordinate_RF,100,61,0.7074146367647831,0.9151148796081543
EXP010,100,61,0.6313904481840614,0.021082639694213867
EXPF,100,61,0.6499584692251643,0.07489895820617676
ASTRA_AGF,200,61,0.7336742877269314,1.088679552078247
Coordinate_RF,200,61,0.7437372784225683,1.0754778385162354
EXP010,200,61,0.6288227390801601,0.02528977394104004
EXPF,200,61,0.654183712083137,0.0766448974609375
ASTRA_AGF,5,62,0.6641424979461884,0.7363924980163574
Coordinate_RF,5,62,0.6627761469045169,0.6669096946716309
EXP010,5,62,0.5900360110962231,0.022362947463989258
EXPF,5,62,0.5749157196450987,0.0462946891784668
ASTRA_AGF,25,62,0.7013467106772066,0.7611386775970459
Coordinate_RF,25,62,0.7049039002374001,0.759765625
EXP010,25,62,0.61204425978911,0.03281402587890625
EXPF,25,62,0.6319514079176023,0.07506585121154785
ASTRA_AGF,50,62,0.7177543173329037,0.8853800296783447
Coordinate_RF,50,62,0.7288710875353679,0.8401589393615723
EXP010,50,62,0.6229132727492056,0.020804405212402344
EXPF,50,62,0.6540564527097729,0.09002399444580078
ASTRA_AGF,100,62,0.7274897680033864,0.9364709854125977
Coordinate_RF,100,62,0.7462643879009161,0.9119434356689453
EXP010,100,62,0.6264951386013355,0.02274155616760254
EXPF,100,62,0.6635787871742093,0.07673358917236328
ASTRA_AGF,200,62,0.7368635351291033,1.0625479221343994
Coordinate_RF,200,62,0.7563728156313778,1.080474615097046
EXP010,200,62,0.6240924352476827,0.021934986114501953
EXPF,200,62,0.6640109940136067,0.08303523063659668
ASTRA_AGF,5,63,0.6611178606269532,0.6613733768463135
Coordinate_RF,5,63,0.6615757711259334,0.694260835647583
EXP010,5,63,0.5892156923090269,0.019763946533203125
EXPF,5,63,0.5866548936691689,0.04381537437438965
ASTRA_AGF,25,63,0.6663060318625847,0.8352675437927246
Coordinate_RF,25,63,0.6721048661570697,0.7750134468078613
EXP010,25,63,0.5984695188343857,0.029509544372558594
EXPF,25,63,0.608395962198735,0.0784921646118164
ASTRA_AGF,50,63,0.6986306912417541,0.8259944915771484
Coordinate_RF,50,63,0.7113851221379233,0.8128628730773926
EXP010,50,63,0.6192795372098372,0.024621963500976562
EXPF,50,63,0.6440308423427836,0.07804107666015625
ASTRA_AGF,100,63,0.7232973784448579,0.8940882682800293
Coordinate_RF,100,63,0.7369310687586185,0.9910469055175781
EXP010,100,63,0.6241601829450111,0.02428150177001953
EXPF,100,63,0.6483627656867252,0.06776165962219238
ASTRA_AGF,200,63,0.7417462433683628,1.122124433517456
Coordinate_RF,200,63,0.7560351749576903,1.0705318450927734
EXP010,200,63,0.6248020183900009,0.029085874557495117
EXPF,200,63,0.654747607343444,0.07545065879821777
ASTRA_AGF,5,64,0.6516632614083775,0.7438380718231201
Coordinate_RF,5,64,0.6480112664286816,0.6981699466705322
EXP010,5,64,0.57541547842884,0.01758599281311035
EXPF,5,64,0.6019012041017004,0.0575869083404541
ASTRA_AGF,25,64,0.6911162145938919,0.8424711227416992
Coordinate_RF,25,64,0.6926845713372028,0.7947602272033691
EXP010,25,64,0.6175421131454641,0.03221297264099121
EXPF,25,64,0.6514791730007856,0.07612991333007812
ASTRA_AGF,50,64,0.7155914000343387,0.8535258769989014
Coordinate_RF,50,64,0.7255019175104097,0.816204309463501
EXP010,50,64,0.6161367512861686,0.024674654006958008
EXPF,50,64,0.6636348987722349,0.0705864429473877
ASTRA_AGF,100,64,0.7226705669056563,0.8974471092224121
Coordinate_RF,100,64,0.7449967725581361,0.8896791934967041
EXP010,100,64,0.621578531433134,0.02290964126586914
EXPF,100,64,0.6692204277234688,0.06533145904541016
ASTRA_AGF,200,64,0.7471761775532173,1.1403565406799316
Coordinate_RF,200,64,0.7611043945814479,1.044670581817627
EXP010,200,64,0.6228278537095742,0.03180503845214844
EXPF,200,64,0.6637932551939834,0.0749368667602539
ASTRA_AGF,5,65,0.6514899038504051,0.66031813621521
Coordinate_RF,5,65,0.6517066037143657,0.6403367519378662
EXP010,5,65,0.5939863630321162,0.02103567123413086
EXPF,5,65,0.5691723511448852,0.05048513412475586
ASTRA_AGF,25,65,0.6883327915895764,0.7885725498199463
Coordinate_RF,25,65,0.6992011621186232,0.8522384166717529
EXP010,25,65,0.6060142376263413,0.02323174476623535
EXPF,25,65,0.6538864937146035,0.07071065902709961
ASTRA_AGF,50,65,0.7089451297232019,0.8131599426269531
Coordinate_RF,50,65,0.7226231911626161,0.8236615657806396
EXP010,50,65,0.6162487756924573,0.025597572326660156
EXPF,50,65,0.6554258776928614,0.06679105758666992
ASTRA_AGF,100,65,0.7320784787372319,0.8913459777832031
Coordinate_RF,100,65,0.7445077019834964,0.9382071495056152
EXP010,100,65,0.6196069530402971,0.027878999710083008
EXPF,100,65,0.6651405365201545,0.07931184768676758
ASTRA_AGF,200,65,0.740179255979021,1.0932729244232178
Coordinate_RF,200,65,0.759652036775746,1.1146347522735596
EXP010,200,65,0.6226159680524352,0.023611068725585938
EXPF,200,65,0.6642979640931829,0.1104578971862793
ASTRA_AGF,5,66,0.6557597790763094,0.6711676120758057
Coordinate_RF,5,66,0.6571658876915049,0.6717422008514404
EXP010,5,66,0.4776372993680418,0.016115665435791016
EXPF,5,66,0.5527945545069602,0.04540538787841797
ASTRA_AGF,25,66,0.6721807758311827,0.787667989730835
Coordinate_RF,25,66,0.6773257438664833,0.795037031173706
EXP010,25,66,0.5926393197021678,0.029163122177124023
EXPF,25,66,0.626480943806461,0.07648205757141113
ASTRA_AGF,50,66,0.6982810001221397,0.9213011264801025
Coordinate_RF,50,66,0.7079250665158493,0.8281328678131104
EXP010,50,66,0.6136126154778517,0.02476644515991211
EXPF,50,66,0.6497881235968961,0.06870293617248535
ASTRA_AGF,100,66,0.7121366862737645,0.9018774032592773
Coordinate_RF,100,66,0.7238728324682371,0.9027574062347412
EXP010,100,66,0.6114158332846961,0.02653646469116211
EXPF,100,66,0.6493913894559296,0.07607650756835938
ASTRA_AGF,200,66,0.7251880705078675,1.0560309886932373
Coordinate_RF,200,66,0.7443146685386379,1.161012887954712
EXP010,200,66,0.6189952138660001,0.0260159969329834
EXPF,200,66,0.6522054922125536,0.07266092300415039
ASTRA_AGF,5,67,0.6419305663868438,0.6733148097991943
Coordinate_RF,5,67,0.6511880397499898,0.6703948974609375
EXP010,5,67,0.5667235382156188,0.01687455177307129
EXPF,5,67,0.5601793956361938,0.051270484924316406
ASTRA_AGF,25,67,0.6791441043060615,0.7858564853668213
Coordinate_RF,25,67,0.6787351480952887,0.8372788429260254
EXP010,25,67,0.6230113124657335,0.02023005485534668
EXPF,25,67,0.6191050695283199,0.06618523597717285
ASTRA_AGF,50,67,0.6935520297920625,0.8836874961853027
Coordinate_RF,50,67,0.6925888634459718,0.9368581771850586
EXP010,50,67,0.6174311996325968,0.0245816707611084
EXPF,50,67,0.6342640115523258,0.0708768367767334
ASTRA_AGF,100,67,0.7041428970467549,0.9562022686004639
Coordinate_RF,100,67,0.7109097516686331,0.9194450378417969
EXP010,100,67,0.6191686187676502,0.025643348693847656
EXPF,100,67,0.6451585722781291,0.0838923454284668
ASTRA_AGF,200,67,0.7339876913473122,1.107292890548706
Coordinate_RF,200,67,0.7438691560790875,1.1192905902862549
EXP010,200,67,0.616516572512816,0.02290201187133789
EXPF,200,67,0.649301030873564,0.0705881118774414
ASTRA_AGF,5,68,0.6459625521708522,0.777827262878418
Coordinate_RF,5,68,0.6455303128662588,0.6739921569824219
EXP010,5,68,0.560978768368863,0.016359806060791016
EXPF,5,68,0.5917752435261029,0.054076194763183594
ASTRA_AGF,25,68,0.6918037127890291,0.7797725200653076
Coordinate_RF,25,68,0.6981888129156941,0.8250796794891357
EXP010,25,68,0.6004613821784932,0.023609399795532227
EXPF,25,68,0.6233644703320704,0.08069801330566406
ASTRA_AGF,50,68,0.7130695326887233,0.827791690826416
Coordinate_RF,50,68,0.7195985322336098,0.9273202419281006
EXP010,50,68,0.6123354681167184,0.03041362762451172
EXPF,50,68,0.6379492176611365,0.06427788734436035
ASTRA_AGF,100,68,0.7218214393782305,0.9633288383483887
Coordinate_RF,100,68,0.7259797632446124,0.9221847057342529
EXP010,100,68,0.6219757959567616,0.027248144149780273
EXPF,100,68,0.644246006088776,0.08140158653259277
ASTRA_AGF,200,68,0.7275347649549114,1.17933988571167
Coordinate_RF,200,68,0.7460767364205945,1.0803868770599365
EXP010,200,68,0.6224974442124409,0.02433156967163086
EXPF,200,68,0.6482164723724085,0.0887596607208252
ASTRA_AGF,5,69,0.6536647433326133,0.7453079223632812
Coordinate_RF,5,69,0.6509847842558218,0.7557985782623291
EXP010,5,69,0.5749701069444301,0.015421867370605469
EXPF,5,69,0.5238576935202517,0.050428152084350586
ASTRA_AGF,25,69,0.6909193216941925,0.7761001586914062
Coordinate_RF,25,69,0.6916221105831113,0.8028426170349121
EXP010,25,69,0.6084179893406831,0.022890329360961914
EXPF,25,69,0.6326833299781138,0.06766939163208008
ASTRA_AGF,50,69,0.6966591137388161,0.8578183650970459
Coordinate_RF,50,69,0.7082894449900821,0.8411726951599121
EXP010,50,69,0.6280164909562567,0.021201133728027344
EXPF,50,69,0.6621050129398358,0.08748674392700195
ASTRA_AGF,100,69,0.7155297691290066,1.0547575950622559
Coordinate_RF,100,69,0.7281120577183231,0.8976473808288574
EXP010,100,69,0.631657886976617,0.02149176597595215
EXPF,100,69,0.6685905991663308,0.08491778373718262
ASTRA_AGF,200,69,0.7350956598281106,1.1285901069641113
Coordinate_RF,200,69,0.752460253769284,1.0963361263275146
EXP010,200,69,0.6298646882402478,0.02342963218688965
EXPF,200,69,0.6664045029145045,0.08190131187438965
ASTRA_AGF,5,70,0.6412523554351164,0.6584291458129883
Coordinate_RF,5,70,0.6430283364083205,0.7663238048553467
EXP010,5,70,0.5768120229110936,0.018794775009155273
EXPF,5,70,0.6032904031008486,0.0446009635925293
ASTRA_AGF,25,70,0.6894170454412205,0.7515878677368164
Coordinate_RF,25,70,0.6922883343635677,0.7788717746734619
EXP010,25,70,0.6090779564220563,0.028945446014404297
EXPF,25,70,0.6307771140326295,0.07652592658996582
ASTRA_AGF,50,70,0.685915239901983,0.9706106185913086
Coordinate_RF,50,70,0.6979079384330016,0.8112425804138184
EXP010,50,70,0.6134923810881403,0.03301858901977539
EXPF,50,70,0.6387660171316231,0.07401657104492188
ASTRA_AGF,100,70,0.7148601380293449,0.8931319713592529
Coordinate_RF,100,70,0.7301326940533803,0.888941764831543
EXP010,100,70,0.6152734481491933,0.022420644760131836
EXPF,100,70,0.6478396680240011,0.08383703231811523
ASTRA_AGF,200,70,0.7351092984273857,1.1086337566375732
Coordinate_RF,200,70,0.7495486999500075,1.080345869064331
EXP010,200,70,0.6242439289679826,0.023793935775756836
EXPF,200,70,0.6596434769568923,0.07278203964233398
ASTRA_AGF,5,71,0.6405142675822745,0.6493508815765381
Coordinate_RF,5,71,0.6414286058831192,0.6757304668426514
EXP010,5,71,0.5794043437695067,0.02832937240600586
EXPF,5,71,0.5425853789073148,0.05093526840209961
ASTRA_AGF,25,71,0.6978015687030326,0.8066871166229248
Coordinate_RF,25,71,0.7008901054312151,0.8046977519989014
EXP010,25,71,0.6112651983608749,0.029610395431518555
EXPF,25,71,0.6553652678787343,0.0693204402923584
ASTRA_AGF,50,71,0.6971998716245539,0.846580982208252
Coordinate_RF,50,71,0.7036262695165377,0.8389332294464111
EXP010,50,71,0.6118247189466426,0.029245853424072266
EXPF,50,71,0.6516673511551379,0.0712733268737793
ASTRA_AGF,100,71,0.7321185020307099,0.9073004722595215
Coordinate_RF,100,71,0.7399625030116536,0.958392858505249
EXP010,100,71,0.6190506591217669,0.021062850952148438
EXPF,100,71,0.6572827347257008,0.06450009346008301
ASTRA_AGF,200,71,0.7380245881295104,1.0997414588928223
Coordinate_RF,200,71,0.75353540252749,1.0806553363800049
EXP010,200,71,0.6219338319913179,0.021891355514526367
EXPF,200,71,0.659637330421251,0.07067346572875977
ASTRA_AGF,5,72,0.658675797497771,0.7091810703277588
Coordinate_RF,5,72,0.6614580258593489,0.6716122627258301
EXP010,5,72,0.5841891510753635,0.022884130477905273
EXPF,5,72,0.5875189044289614,0.056017160415649414
ASTRA_AGF,25,72,0.6770415197265868,0.7988450527191162
Coordinate_RF,25,72,0.6849089692885634,0.8179259300231934
EXP010,25,72,0.6156392877510521,0.019661903381347656
EXPF,25,72,0.640942208088073,0.0697777271270752
ASTRA_AGF,50,72,0.6988738743454809,0.839479923248291
Coordinate_RF,50,72,0.7023756289752642,0.8456330299377441
EXP010,50,72,0.618958618604261,0.02518939971923828
EXPF,50,72,0.6506502756478685,0.07707405090332031
ASTRA_AGF,100,72,0.7258361318517661,0.9065039157867432
Coordinate_RF,100,72,0.7351120093706023,0.8810734748840332
EXP010,100,72,0.619875011174887,0.030137300491333008
EXPF,100,72,0.6636185554803987,0.07238554954528809
ASTRA_AGF,200,72,0.7451120857384865,1.1513864994049072
Coordinate_RF,200,72,0.7589186119135511,1.0781149864196777
EXP010,200,72,0.6261187436358244,0.030340909957885742
EXPF,200,72,0.657083856743194,0.08594965934753418
ASTRA_AGF,5,73,0.654187154069763,0.6548976898193359
Coordinate_RF,5,73,0.6505273726679612,0.6537234783172607
EXP010,5,73,0.5205109884531709,0.022443294525146484
EXPF,5,73,0.44364510247305206,0.04903078079223633
ASTRA_AGF,25,73,0.6687424059866215,0.8041427135467529
Coordinate_RF,25,73,0.6747132415840857,0.8118278980255127
EXP010,25,73,0.5568975248041836,0.024857759475708008
EXPF,25,73,0.620911918162254,0.06792163848876953
ASTRA_AGF,50,73,0.7072072363053016,0.8931944370269775
Coordinate_RF,50,73,0.7155683534809375,0.8632373809814453
EXP010,50,73,0.6081732716694676,0.021068811416625977
EXPF,50,73,0.6609874624441354,0.08244037628173828
ASTRA_AGF,100,73,0.7153961661487263,0.9140059947967529
Coordinate_RF,100,73,0.7244498182061258,0.9930381774902344
EXP010,100,73,0.6132874853214051,0.026911258697509766
EXPF,100,73,0.6617967577239598,0.07754969596862793
ASTRA_AGF,200,73,0.7336104806363793,1.1090028285980225
Coordinate_RF,200,73,0.7528495922037188,1.1016793251037598
EXP010,200,73,0.6164816353586937,0.08318591117858887
EXPF,200,73,0.6627485409206302,0.09501338005065918
ASTRA_AGF,5,74,0.6638979494136503,0.6556527614593506
Coordinate_RF,5,74,0.6625981209945759,0.669938325881958
EXP010,5,74,0.5987055961651927,0.017518997192382812
EXPF,5,74,0.6168272128676286,0.05168938636779785
ASTRA_AGF,25,74,0.6626360634305273,0.7868635654449463
Coordinate_RF,25,74,0.6695732539702519,0.7876791954040527
EXP010,25,74,0.6181098281602292,0.027820110321044922
EXPF,25,74,0.6437272463626434,0.08531427383422852
ASTRA_AGF,50,74,0.690155056515645,0.9230320453643799
Coordinate_RF,50,74,0.6997002814067177,0.8458492755889893
EXP010,50,74,0.6264963956715923,0.020594120025634766
EXPF,50,74,0.6641552651693441,0.08006811141967773
ASTRA_AGF,100,74,0.717975267720134,0.9100465774536133
Coordinate_RF,100,74,0.7298489919111597,0.9008374214172363
EXP010,100,74,0.6278208334561466,0.022027969360351562
EXPF,100,74,0.6624193714093279,0.07637357711791992
ASTRA_AGF,200,74,0.7334695641528077,1.0784847736358643
Coordinate_RF,200,74,0.752639184200622,1.1581394672393799
EXP010,200,74,0.62721872067112,0.02674722671508789
EXPF,200,74,0.6669274324071212,0.07291603088378906
ASTRA_AGF,5,75,0.6444583450530598,0.6603226661682129
Coordinate_RF,5,75,0.6459576234299185,0.6780252456665039
EXP010,5,75,0.5768050339281747,0.01618337631225586
EXPF,5,75,0.5716012064509788,0.04579973220825195
ASTRA_AGF,25,75,0.6804565163855731,0.7956147193908691
Coordinate_RF,25,75,0.6874703582785131,0.825822114944458
EXP010,25,75,0.5900892833532714,0.035616159439086914
EXPF,25,75,0.6215487716081485,0.07981157302856445
ASTRA_AGF,50,75,0.6952963658619408,0.8330199718475342
Coordinate_RF,50,75,0.6985356983715907,0.892183780670166
EXP010,50,75,0.6101770658810308,0.022782087326049805
EXPF,50,75,0.6287544395213629,0.0681147575378418
ASTRA_AGF,100,75,0.7073809502873076,0.9334990978240967
Coordinate_RF,100,75,0.7157449962583727,0.8951163291931152
EXP010,100,75,0.6163372735503583,0.02402496337890625
EXPF,100,75,0.6493807533389631,0.07463288307189941
ASTRA_AGF,200,75,0.727796029997218,1.0715456008911133
Coordinate_RF,200,75,0.7462880092490516,1.088550090789795
EXP010,200,75,0.6204969684198343,0.02600860595703125
EXPF,200,75,0.6556836187695732,0.0802619457244873
ASTRA_AGF,5,76,0.6624522038408782,0.7746672630310059
Coordinate_RF,5,76,0.6637839069398136,0.6501369476318359
EXP010,5,76,0.6179286957307741,0.020298480987548828
EXPF,5,76,0.627729271699823,0.05485892295837402
ASTRA_AGF,25,76,0.6889914089936672,0.759610652923584
Coordinate_RF,25,76,0.6925225042635714,0.7914838790893555
EXP010,25,76,0.6247042390340694,0.03345632553100586
EXPF,25,76,0.6537230548120081,0.06788015365600586
ASTRA_AGF,50,76,0.7097603254963921,0.85382080078125
Coordinate_RF,50,76,0.714085445662477,0.85062575340271
EXP010,50,76,0.6156235019036111,0.02512645721435547
EXPF,50,76,0.6381817447344763,0.07245874404907227
ASTRA_AGF,100,76,0.7186947846034006,0.9605047702789307
Coordinate_RF,100,76,0.7337162456985675,0.9091887474060059
EXP010,100,76,0.6247410774816606,0.023764848709106445
EXPF,100,76,0.6523386947703977,0.07141232490539551
ASTRA_AGF,200,76,0.7291681722555572,1.0414457321166992
Coordinate_RF,200,76,0.746641533474161,1.0918679237365723
EXP010,200,76,0.621387283039097,0.021242141723632812
EXPF,200,76,0.6505897800170282,0.07965326309204102
ASTRA_AGF,5,77,0.634367590290259,0.6707849502563477
Coordinate_RF,5,77,0.6295043371035893,0.7119686603546143
EXP010,5,77,0.481987117330288,0.01580810546875
EXPF,5,77,0.4600600472077568,0.045636653900146484
ASTRA_AGF,25,77,0.6678490499368954,0.7731208801269531
Coordinate_RF,25,77,0.6868276331276468,0.8082325458526611
EXP010,25,77,0.5342119792802313,0.030323028564453125
EXPF,25,77,0.5857656830332958,0.07852387428283691
ASTRA_AGF,50,77,0.6930314863940319,0.8304765224456787
Coordinate_RF,50,77,0.7093131680211529,0.8490300178527832
EXP010,50,77,0.5975473675077327,0.0201263427734375
EXPF,50,77,0.6225416594469799,0.07149505615234375
ASTRA_AGF,100,77,0.7207524998369292,0.9260921478271484
Coordinate_RF,100,77,0.7331547922088458,0.9386827945709229
EXP010,100,77,0.6082371712562449,0.02721261978149414
EXPF,100,77,0.6371984688540595,0.0790560245513916
ASTRA_AGF,200,77,0.7370067749537351,1.0849127769470215
Coordinate_RF,200,77,0.7503270621997852,1.0952081680297852
EXP010,200,77,0.6185187712745388,0.021860122680664062
EXPF,200,77,0.6506402013695303,0.08418941497802734
ASTRA_AGF,5,78,0.6537036705278096,0.6551477909088135
Coordinate_RF,5,78,0.6524246969469073,0.6849877834320068
EXP010,5,78,0.5899536729961201,0.02435588836669922
EXPF,5,78,0.5045116510338236,0.055676937103271484
ASTRA_AGF,25,78,0.6794577567966832,0.8277127742767334
Coordinate_RF,25,78,0.6883164657559215,0.7825155258178711
EXP010,25,78,0.6222283822164879,0.02660536766052246
EXPF,25,78,0.6333692214132324,0.07943964004516602
ASTRA_AGF,50,78,0.6932354400216654,0.8544933795928955
Coordinate_RF,50,78,0.6984667699724957,0.8399021625518799
EXP010,50,78,0.6215125675530768,0.03691577911376953
EXPF,50,78,0.6318760406252075,0.07117366790771484
ASTRA_AGF,100,78,0.7031250767660346,0.9116561412811279
Coordinate_RF,100,78,0.7142953324809771,0.9277875423431396
EXP010,100,78,0.6234558138666977,0.02310967445373535
EXPF,100,78,0.6504505660770108,0.0764927864074707
ASTRA_AGF,200,78,0.7205796062112317,1.168806791305542
Coordinate_RF,200,78,0.7436504194659603,1.0745177268981934
EXP010,200,78,0.6211276692465455,0.021345853805541992
EXPF,200,78,0.6563991924608152,0.08856320381164551
ASTRA_AGF,5,79,0.6588445828447351,0.6581628322601318
Coordinate_RF,5,79,0.6573533720190126,0.6702842712402344
EXP010,5,79,0.596760865235629,0.019038915634155273
EXPF,5,79,0.5467634147792205,0.051527976989746094
ASTRA_AGF,25,79,0.6946389741306602,0.8085343837738037
Coordinate_RF,25,79,0.6944371571655523,0.8463413715362549
EXP010,25,79,0.6113845156489435,0.02182292938232422
EXPF,25,79,0.6394191863342231,0.07265353202819824
ASTRA_AGF,50,79,0.7147334484148873,0.826399564743042
Coordinate_RF,50,79,0.719822657165065,0.8212659358978271
EXP010,50,79,0.6277035343289195,0.025720834732055664
EXPF,50,79,0.6539933238248191,0.07150650024414062
ASTRA_AGF,100,79,0.7194409574665113,0.9155771732330322
Coordinate_RF,100,79,0.7316151417890739,0.9074957370758057
EXP010,100,79,0.6222711720729424,0.028578758239746094
EXPF,100,79,0.6490728556985218,0.07631444931030273
ASTRA_AGF,200,79,0.7302783944211826,1.1891114711761475
Coordinate_RF,200,79,0.7455777433509629,1.1109986305236816
EXP010,200,79,0.6238328908536871,0.026866436004638672
EXPF,200,79,0.65314592807677,0.08502745628356934
ASTRA_AGF,5,80,0.6411616797658927,0.6565208435058594
Coordinate_RF,5,80,0.6440632974923566,0.6872243881225586
EXP010,5,80,0.5515406578563355,0.018221139907836914
EXPF,5,80,0.5384654602720576,0.05727815628051758
ASTRA_AGF,25,80,0.6897167986311388,0.7660512924194336
Coordinate_RF,25,80,0.6911568328499662,0.8344683647155762
EXP010,25,80,0.5950213936233745,0.020636796951293945
EXPF,25,80,0.6336689383587932,0.08463525772094727
ASTRA_AGF,50,80,0.695879400298738,0.9149463176727295
Coordinate_RF,50,80,0.6988971638174752,0.8294703960418701
EXP010,50,80,0.6054883331997811,0.025274991989135742
EXPF,50,80,0.6547956172874048,0.07583808898925781
ASTRA_AGF,100,80,0.7152139396573562,0.9200341701507568
Coordinate_RF,100,80,0.7282851471204814,0.9132254123687744
EXP010,100,80,0.6153271410471005,0.02237701416015625
EXPF,100,80,0.66343318252772,0.07786726951599121
ASTRA_AGF,200,80,0.7269389450564668,1.132200002670288
Coordinate_RF,200,80,0.7448192761420265,1.112825632095337
EXP010,200,80,0.6230339277309611,0.030335187911987305
EXPF,200,80,0.6615842342054619,0.09926128387451172
ASTRA_AGF,5,81,0.6400962018338697,0.6378448009490967
Coordinate_RF,5,81,0.6450301115639442,0.6690070629119873
EXP010,5,81,0.49933056465273185,0.020972251892089844
EXPF,5,81,0.5216343511051597,0.05869603157043457
ASTRA_AGF,25,81,0.6976147754049677,0.7736635208129883
Coordinate_RF,25,81,0.6971503624164932,0.7905051708221436
EXP010,25,81,0.6217061564565797,0.029215097427368164
EXPF,25,81,0.6463352009666474,0.09420108795166016
ASTRA_AGF,50,81,0.6945960378028473,0.905766487121582
Coordinate_RF,50,81,0.7013736942656786,0.8697612285614014
EXP010,50,81,0.610546213165569,0.028989315032958984
EXPF,50,81,0.647436433417204,0.09890317916870117
ASTRA_AGF,100,81,0.7130294691148791,0.9221014976501465
Coordinate_RF,100,81,0.7272425108525291,1.011747121810913
EXP010,100,81,0.6200053330874448,0.030466079711914062
EXPF,100,81,0.6569765149370291,0.10124731063842773
ASTRA_AGF,200,81,0.7218505500957677,1.0930883884429932
Coordinate_RF,200,81,0.7417561562042663,1.1676788330078125
EXP010,200,81,0.6169348111699489,0.030467510223388672
EXPF,200,81,0.6548014932033999,0.0994710922241211
ASTRA_AGF,5,82,0.6587139852655105,0.6631174087524414
Coordinate_RF,5,82,0.6606057032124061,0.7046735286712646
EXP010,5,82,0.5767573331697159,0.023241043090820312
EXPF,5,82,0.5970719141923911,0.06617522239685059
ASTRA_AGF,25,82,0.6991442803147332,0.7941327095031738
Coordinate_RF,25,82,0.7034371802783956,0.8067655563354492
EXP010,25,82,0.6151055037492613,0.03693270683288574
EXPF,25,82,0.646148364931808,0.10480165481567383
ASTRA_AGF,50,82,0.7178383154238054,0.8815000057220459
Coordinate_RF,50,82,0.7306612184334615,0.9255387783050537
EXP010,50,82,0.625611043155118,0.0403752326965332
EXPF,50,82,0.6642497732795857,0.10059762001037598
ASTRA_AGF,100,82,0.7304560999665476,0.9077939987182617
Coordinate_RF,100,82,0.7430005838627582,0.9177248477935791
EXP010,100,82,0.6224795532090713,0.024156808853149414
EXPF,100,82,0.6660988949824869,0.07646870613098145
ASTRA_AGF,200,82,0.7456567131001426,1.0572619438171387
Coordinate_RF,200,82,0.7570205085458522,1.0796129703521729
EXP010,200,82,0.6248963009685902,0.02533245086669922
EXPF,200,82,0.6575115779234374,0.0719461441040039
ASTRA_AGF,5,83,0.6726298864760744,0.65708327293396
Coordinate_RF,5,83,0.6716210280876997,0.669053316116333
EXP010,5,83,0.5511304524525249,0.021700620651245117
EXPF,5,83,0.5607903702565262,0.04800105094909668
ASTRA_AGF,25,83,0.6998930833250276,0.75596022605896
Coordinate_RF,25,83,0.7025776772019021,0.762216329574585
EXP010,25,83,0.6208850486809219,0.08453869819641113
EXPF,25,83,0.6180303933184427,0.07745122909545898
ASTRA_AGF,50,83,0.7156774751802251,0.8171520233154297
Coordinate_RF,50,83,0.7211137379365659,0.8924520015716553
EXP010,50,83,0.6365970071641321,0.023089885711669922
EXPF,50,83,0.6423048710323327,0.07349991798400879
ASTRA_AGF,100,83,0.7237266847749275,0.9041247367858887
Coordinate_RF,100,83,0.735766841028529,0.9604723453521729
EXP010,100,83,0.6276503956172139,0.024589061737060547
EXPF,100,83,0.6545601978827057,0.06798624992370605
ASTRA_AGF,200,83,0.7329106178132349,1.0775771141052246
Coordinate_RF,200,83,0.7490459117887889,1.0662102699279785
EXP010,200,83,0.6256746789871837,0.024433374404907227
EXPF,200,83,0.6533730742554107,0.07237935066223145
ASTRA_AGF,5,84,0.6530992582131895,0.7555625438690186
Coordinate_RF,5,84,0.6523289757126961,0.6793761253356934
EXP010,5,84,0.5768392136686279,0.018768310546875
EXPF,5,84,0.5307575127940525,0.04845237731933594
ASTRA_AGF,25,84,0.6973350293442411,0.7615485191345215
Coordinate_RF,25,84,0.7033444475143102,0.7614943981170654
EXP010,25,84,0.6175937093396131,0.021715641021728516
EXPF,25,84,0.6446524709498973,0.09223532676696777
ASTRA_AGF,50,84,0.7044086143493767,0.8135991096496582
Coordinate_RF,50,84,0.7141783896192344,0.8289241790771484
EXP010,50,84,0.6199882919571114,0.02115488052368164
EXPF,50,84,0.6463753588473944,0.07442307472229004
ASTRA_AGF,100,84,0.7246974921851583,0.9626216888427734
Coordinate_RF,100,84,0.7368844347815192,0.8933742046356201
EXP010,100,84,0.619332605218725,0.02127528190612793
EXPF,100,84,0.6504855111721541,0.07095146179199219
ASTRA_AGF,200,84,0.7361513799349927,1.0771596431732178
Coordinate_RF,200,84,0.7528624599432301,1.1142127513885498
EXP010,200,84,0.6208394828108307,0.022233009338378906
EXPF,200,84,0.6550901508726947,0.07977104187011719
ASTRA_AGF,5,85,0.6746508890911967,0.6340174674987793
Coordinate_RF,5,85,0.6756543844264837,0.7146499156951904
EXP010,5,85,0.5938572164243286,0.023996829986572266
EXPF,5,85,0.5810437243221527,0.047684669494628906
ASTRA_AGF,25,85,0.6980396170850993,0.8442802429199219
Coordinate_RF,25,85,0.7011727803010298,0.7790553569793701
EXP010,25,85,0.6260035547073528,0.02760171890258789
EXPF,25,85,0.6488953142244464,0.08251476287841797
ASTRA_AGF,50,85,0.704752657661949,0.8125336170196533
Coordinate_RF,50,85,0.7148729427912052,0.8163104057312012
EXP010,50,85,0.6254676335977161,0.02027750015258789
EXPF,50,85,0.6496117100777925,0.07364726066589355
ASTRA_AGF,100,85,0.7276445370985298,0.8978331089019775
Coordinate_RF,100,85,0.7380429092120131,1.0333633422851562
EXP010,100,85,0.6253536911075066,0.02720785140991211
EXPF,100,85,0.6545426977953452,0.07442092895507812
ASTRA_AGF,200,85,0.7366261384045452,1.1004109382629395
Coordinate_RF,200,85,0.750672966322999,1.0920429229736328
EXP010,200,85,0.6251311122287473,0.021286964416503906
EXPF,200,85,0.6553558494210215,0.07661914825439453
ASTRA_AGF,5,86,0.6454784055840204,0.6699907779693604
Coordinate_RF,5,86,0.6469872838429765,0.662287712097168
EXP010,5,86,0.5932565411881434,0.017503738403320312
EXPF,5,86,0.5825463957058972,0.04868125915527344
ASTRA_AGF,25,86,0.6773745888233464,0.8605754375457764
Coordinate_RF,25,86,0.6835086093579724,0.8137021064758301
EXP010,25,86,0.621835997769089,0.02683424949645996
EXPF,25,86,0.6399611725261177,0.06731963157653809
ASTRA_AGF,50,86,0.70763655285452,0.8219203948974609
Coordinate_RF,50,86,0.7166877173275996,0.9036579132080078
EXP010,50,86,0.6275821731003297,0.022558927536010742
EXPF,50,86,0.6685611351324376,0.0871577262878418
ASTRA_AGF,100,86,0.7166991908881613,0.8962070941925049
Coordinate_RF,100,86,0.7276251748872763,0.940464973449707
EXP010,100,86,0.6259830780633374,0.022758960723876953
EXPF,100,86,0.6659747227907422,0.06334829330444336
ASTRA_AGF,200,86,0.7352425620372023,1.132357120513916
Coordinate_RF,200,86,0.7528873334845891,1.0813682079315186
EXP010,200,86,0.631245921055613,0.02277851104736328
EXPF,200,86,0.6679614410699843,0.0818929672241211
ASTRA_AGF,5,87,0.6404807268755758,0.656235933303833
Coordinate_RF,5,87,0.6408154283305338,0.6622662544250488
EXP010,5,87,0.5549708502749469,0.027995586395263672
EXPF,5,87,0.4448582157538833,0.0507357120513916
ASTRA_AGF,25,87,0.6829382710766995,0.770941972732544
Coordinate_RF,25,87,0.6779579698804236,0.8670871257781982
EXP010,25,87,0.6120754210453547,0.02157449722290039
EXPF,25,87,0.652166809289811,0.07587265968322754
ASTRA_AGF,50,87,0.6929161050005314,0.8343369960784912
Coordinate_RF,50,87,0.6991951073338332,0.8590719699859619
EXP010,50,87,0.6190896364223746,0.024921655654907227
EXPF,50,87,0.6510950945953045,0.07073569297790527
ASTRA_AGF,100,87,0.7194612615125441,0.8818359375
Coordinate_RF,100,87,0.7289308791150457,0.8942224979400635
EXP010,100,87,0.6195720095777452,0.024680614471435547
EXPF,100,87,0.6588690656767211,0.07771587371826172
ASTRA_AGF,200,87,0.7386230878329308,1.1666960716247559
Coordinate_RF,200,87,0.7545514166928209,1.0905845165252686
EXP010,200,87,0.6252271720447504,0.03821706771850586
EXPF,200,87,0.6685228734653059,0.090301513671875
ASTRA_AGF,5,88,0.6620026284283829,0.6720008850097656
Coordinate_RF,5,88,0.661933524069976,0.7077629566192627
EXP010,5,88,0.6092528628780736,0.020066499710083008
EXPF,5,88,0.5674621719004282,0.04543900489807129
ASTRA_AGF,25,88,0.6825111786367187,0.7609446048736572
Coordinate_RF,25,88,0.6820916579305684,0.8016490936279297
EXP010,25,88,0.6238787904865432,0.022740840911865234
EXPF,25,88,0.6256606236619064,0.06540918350219727
ASTRA_AGF,50,88,0.7027271336871074,0.8690621852874756
Coordinate_RF,50,88,0.708158790363026,0.8213388919830322
EXP010,50,88,0.622599764161166,0.027027606964111328
EXPF,50,88,0.6538863705316115,0.0684514045715332
ASTRA_AGF,100,88,0.7307431142499017,0.8978354930877686
Coordinate_RF,100,88,0.7425185598558603,0.8977768421173096
EXP010,100,88,0.6339072180986186,0.021920204162597656
EXPF,100,88,0.6634666477782256,0.07714724540710449
ASTRA_AGF,200,88,0.739911952636471,1.112637996673584
Coordinate_RF,200,88,0.7531906933360707,1.1309223175048828
EXP010,200,88,0.6273187161735666,0.021146535873413086
EXPF,200,88,0.6620983809997629,0.07882523536682129
ASTRA_AGF,5,89,0.6348323125967087,0.6553101539611816
Coordinate_RF,5,89,0.6347352271648227,0.6843118667602539
EXP010,5,89,0.5442830243389936,0.0246734619140625
EXPF,5,89,0.4701947494910088,0.04768037796020508
ASTRA_AGF,25,89,0.6738849727318207,0.7880604267120361
Coordinate_RF,25,89,0.6757079289752923,0.7913808822631836
EXP010,25,89,0.6232300105984514,0.026879549026489258
EXPF,25,89,0.6552018617490947,0.08005166053771973
ASTRA_AGF,50,89,0.7088894614459429,0.8878438472747803
Coordinate_RF,50,89,0.7118098355939326,0.866391658782959
EXP010,50,89,0.6311331662841667,0.023703575134277344
EXPF,50,89,0.6730346750592763,0.06601619720458984
ASTRA_AGF,100,89,0.7168393918475942,0.8991091251373291
Coordinate_RF,100,89,0.7322426796597084,0.8796994686126709
EXP010,100,89,0.618324921876038,0.026914358139038086
EXPF,100,89,0.6678719474455231,0.07650160789489746
ASTRA_AGF,200,89,0.7392729389808235,1.124793291091919
Coordinate_RF,200,89,0.7506095231633347,1.1121370792388916
EXP010,200,89,0.6219351288184022,0.03630876541137695
EXPF,200,89,0.6665650488437205,0.0749657154083252
ASTRA_AGF,5,90,0.6561602881217903,0.6700742244720459
Coordinate_RF,5,90,0.6554729623469521,0.7182297706604004
EXP010,5,90,0.5870974312328777,0.019339799880981445
EXPF,5,90,0.5836706727630281,0.04475808143615723
ASTRA_AGF,25,90,0.6603631442140778,0.7701735496520996
Coordinate_RF,25,90,0.667653310175279,0.768528938293457
EXP010,25,90,0.6112441251981646,0.021159648895263672
EXPF,25,90,0.6322981248793976,0.0709078311920166
ASTRA_AGF,50,90,0.6850072939671017,0.8155803680419922
Coordinate_RF,50,90,0.6894165043922216,0.8707089424133301
EXP010,50,90,0.6150620842879875,0.02739119529724121
EXPF,50,90,0.6502017683882981,0.11131858825683594
ASTRA_AGF,100,90,0.7200938547477297,0.8791286945343018
Coordinate_RF,100,90,0.7307344065619021,0.8833565711975098
EXP010,100,90,0.6226636462071267,0.02557849884033203
EXPF,100,90,0.6629096341633953,0.07829570770263672
ASTRA_AGF,200,90,0.7315594977916975,1.108262300491333
Coordinate_RF,200,90,0.747303591142257,1.0813655853271484
EXP010,200,90,0.6213231993473449,0.024602174758911133
EXPF,200,90,0.6562078156055987,0.0849449634552002
ASTRA_AGF,5,91,0.6390115708610098,0.728524923324585
Coordinate_RF,5,91,0.6404698896761609,0.6963937282562256
EXP010,5,91,0.5527001795088711,0.015909910202026367
EXPF,5,91,0.5892963098565195,0.047788381576538086
ASTRA_AGF,25,91,0.6734787351113705,0.7549011707305908
Coordinate_RF,25,91,0.6797390797303473,0.7894549369812012
EXP010,25,91,0.6094451027505193,0.0502927303314209
EXPF,25,91,0.6267885521602147,0.07496261596679688
ASTRA_AGF,50,91,0.6952410990437113,0.9049427509307861
Coordinate_RF,50,91,0.713674263774279,0.8945164680480957
EXP010,50,91,0.6286772227974486,0.02353811264038086
EXPF,50,91,0.6508249620432565,0.07144284248352051
ASTRA_AGF,100,91,0.7016236646655407,0.9814631938934326
Coordinate_RF,100,91,0.7123466351745615,0.9967174530029297
EXP010,100,91,0.6243395619449149,0.026979446411132812
EXPF,100,91,0.6456491741809589,0.07878971099853516
ASTRA_AGF,200,91,0.7273354930252338,1.1840991973876953
Coordinate_RF,200,91,0.740439581979023,1.1645872592926025
EXP010,200,91,0.6219564597097944,0.028360605239868164
EXPF,200,91,0.6557063471468331,0.07670783996582031
ASTRA_AGF,5,92,0.6577369981960046,0.7338004112243652
Coordinate_RF,5,92,0.6574138929725748,0.7098057270050049
EXP010,5,92,0.6140461409258886,0.025818586349487305
EXPF,5,92,0.6011708421731082,0.050000667572021484
ASTRA_AGF,25,92,0.6727420111901232,0.803077220916748
Coordinate_RF,25,92,0.6760927702049503,0.8467638492584229
EXP010,25,92,0.619993231734336,0.031123876571655273
EXPF,25,92,0.6315034863205627,0.08196687698364258
ASTRA_AGF,50,92,0.6859984197156087,0.8658504486083984
Coordinate_RF,50,92,0.7001140456344126,0.8623390197753906
EXP010,50,92,0.6180152033723946,0.02251744270324707
EXPF,50,92,0.638092248449468,0.07273507118225098
ASTRA_AGF,100,92,0.7016973351849619,1.016878604888916
Coordinate_RF,100,92,0.720599954197978,0.9354701042175293
EXP010,100,92,0.6217237183837381,0.025069475173950195
EXPF,100,92,0.6437674104597723,0.08150243759155273
ASTRA_AGF,200,92,0.7311259928334111,1.1721165180206299
Coordinate_RF,200,92,0.7467030934609327,1.0617852210998535
EXP010,200,92,0.6204432363246538,0.02778792381286621
EXPF,200,92,0.648378017531983,0.07748913764953613
ASTRA_AGF,5,93,0.6656300580843605,0.6781024932861328
Coordinate_RF,5,93,0.6640753288465457,0.7797539234161377
EXP010,5,93,0.6180244577552104,0.020281314849853516
EXPF,5,93,0.6017811289211572,0.04660367965698242
ASTRA_AGF,25,93,0.6789792897683664,0.7904534339904785
Coordinate_RF,25,93,0.6860100641342695,0.7998206615447998
EXP010,25,93,0.624112703124134,0.026414871215820312
EXPF,25,93,0.6389580873536631,0.07461071014404297
ASTRA_AGF,50,93,0.6891355518110444,0.8272862434387207
Coordinate_RF,50,93,0.6981191436609533,0.8192884922027588
EXP010,50,93,0.6230887587297778,0.031769514083862305
EXPF,50,93,0.646903459618206,0.0872342586517334
ASTRA_AGF,100,93,0.7212726975160444,0.9298036098480225
Coordinate_RF,100,93,0.7306424450057798,0.9760708808898926
EXP010,100,93,0.621113236603802,0.02438640594482422
EXPF,100,93,0.6534861736462693,0.08716511726379395
ASTRA_AGF,200,93,0.732561015242698,1.1194992065429688
Coordinate_RF,200,93,0.7530578722077044,1.139281988143921
EXP010,200,93,0.6183597501455469,0.02789163589477539
EXPF,200,93,0.6530377949197997,0.09215807914733887
ASTRA_AGF,5,94,0.6566127938015371,0.7488734722137451
Coordinate_RF,5,94,0.6548131555484852,0.7589216232299805
EXP010,5,94,0.6096498363314928,0.021155118942260742
EXPF,5,94,0.5802724260991343,0.05814337730407715
ASTRA_AGF,25,94,0.6912060490202965,0.8434493541717529
Coordinate_RF,25,94,0.6968844171855471,0.8592453002929688
EXP010,25,94,0.6337778535134019,0.02584075927734375
EXPF,25,94,0.6614912616344858,0.10144639015197754
ASTRA_AGF,50,94,0.7034814205275122,0.8686666488647461
Coordinate_RF,50,94,0.7148298894957964,0.8547937870025635
EXP010,50,94,0.6231335103777441,0.028359413146972656
EXPF,50,94,0.6473781206300416,0.06757140159606934
ASTRA_AGF,100,94,0.7183199850790969,0.8952436447143555
Coordinate_RF,100,94,0.7332032163905802,0.9510653018951416
EXP010,100,94,0.6238933004534761,0.03468132019042969
EXPF,100,94,0.65237442654221,0.08213543891906738
ASTRA_AGF,200,94,0.729552596334276,1.0974922180175781
Coordinate_RF,200,94,0.7464800034387831,1.07167387008667
EXP010,200,94,0.6243737194893506,0.025633573532104492
EXPF,200,94,0.652673323852058,0.10407519340515137
ASTRA_AGF,5,95,0.6561494548540608,0.7067813873291016
Coordinate_RF,5,95,0.652567079994,0.7115797996520996
EXP010,5,95,0.6059378536268905,0.020269393920898438
EXPF,5,95,0.5481209840818031,0.04612088203430176
ASTRA_AGF,25,95,0.6861845399757442,0.8687891960144043
Coordinate_RF,25,95,0.688419297642937,0.8408606052398682
EXP010,25,95,0.6169055794487375,0.03167128562927246
EXPF,25,95,0.6452354415654096,0.07460546493530273
ASTRA_AGF,50,95,0.7123236828867792,0.8842313289642334
Coordinate_RF,50,95,0.718621525190259,0.881446361541748
EXP010,50,95,0.6280793541826384,0.02390575408935547
EXPF,50,95,0.6640811089507741,0.07222294807434082
ASTRA_AGF,100,95,0.7157177821387154,0.9133074283599854
Coordinate_RF,100,95,0.7290018703568707,0.9785358905792236
EXP010,100,95,0.616764698890709,0.0417630672454834
EXPF,100,95,0.6462645061632187,0.10659980773925781
ASTRA_AGF,200,95,0.7364075138574111,1.1234259605407715
Coordinate_RF,200,95,0.7530379179152393,1.156538724899292
EXP010,200,95,0.6234772455191928,0.02635359764099121
EXPF,200,95,0.6584640995692244,0.08084583282470703
ASTRA_AGF,5,96,0.650836286252438,0.6861293315887451
Coordinate_RF,5,96,0.6537995435903283,0.6937191486358643
EXP010,5,96,0.5924196694218664,0.01669144630432129
EXPF,5,96,0.5496676842378668,0.04757046699523926
ASTRA_AGF,25,96,0.6729223766708556,0.8767318725585938
Coordinate_RF,25,96,0.6748599879497486,0.7985234260559082
EXP010,25,96,0.6124102153983434,0.03542160987854004
EXPF,25,96,0.6308162482191298,0.09159517288208008
ASTRA_AGF,50,96,0.7043174732866185,0.870999813079834
Coordinate_RF,50,96,0.7145144262679257,0.8135395050048828
EXP010,50,96,0.6157794712332305,0.021564245223999023
EXPF,50,96,0.6423352222426661,0.08416199684143066
ASTRA_AGF,100,96,0.7178460066188016,0.8891384601593018
Coordinate_RF,100,96,0.7326976667826842,0.9569902420043945
EXP010,100,96,0.6158171875290134,0.025603771209716797
EXPF,100,96,0.6406562546017933,0.06514191627502441
ASTRA_AGF,200,96,0.7333062135026096,1.130577564239502
Coordinate_RF,200,96,0.7548590438291752,1.1257224082946777
EXP010,200,96,0.6168545080486821,0.02924799919128418
EXPF,200,96,0.6519747955717384,0.08284926414489746
ASTRA_AGF,5,97,0.6355455172385855,0.6579651832580566
Coordinate_RF,5,97,0.6334457842730721,0.6812534332275391
EXP010,5,97,0.5705977750724056,0.028039932250976562
EXPF,5,97,0.550744496110545,0.051009416580200195
ASTRA_AGF,25,97,0.6772617410872253,0.8372125625610352
Coordinate_RF,25,97,0.6711591247720097,0.8514542579650879
EXP010,25,97,0.6129385731966859,0.0277554988861084
EXPF,25,97,0.6388885844148904,0.09187150001525879
ASTRA_AGF,50,97,0.6867780736980007,0.8917326927185059
Coordinate_RF,50,97,0.695124666697334,0.8704442977905273
EXP010,50,97,0.6163959992765607,0.03444075584411621
EXPF,50,97,0.6437646787709675,0.07845544815063477
ASTRA_AGF,100,97,0.7118075446184448,0.9024977684020996
Coordinate_RF,100,97,0.719903113240118,0.9361741542816162
EXP010,100,97,0.6222517868449702,0.028884172439575195
EXPF,100,97,0.6504774451121038,0.0864708423614502
ASTRA_AGF,200,97,0.722860988360912,1.156996250152588
Coordinate_RF,200,97,0.7410716553097848,1.152472972869873
EXP010,200,97,0.6221414817536002,0.03775143623352051
EXPF,200,97,0.6489657562547281,0.09532713890075684
ASTRA_AGF,5,98,0.6341965050654774,0.7042369842529297
Coordinate_RF,5,98,0.6336616902913784,0.6990871429443359
EXP010,5,98,0.5586307422390033,0.02500438690185547
EXPF,5,98,0.5418699126210994,0.05253434181213379
ASTRA_AGF,25,98,0.6641886448034289,0.8314535617828369
Coordinate_RF,25,98,0.6863148011126662,0.8589580059051514
EXP010,25,98,0.6075460129048402,0.025214195251464844
EXPF,25,98,0.6282637040693527,0.1020658016204834
ASTRA_AGF,50,98,0.6955815816794092,0.8799123764038086
Coordinate_RF,50,98,0.7060567563274797,0.8631303310394287
EXP010,50,98,0.6100669918242625,0.0407259464263916
EXPF,50,98,0.6404636639278398,0.0943913459777832
ASTRA_AGF,100,98,0.7211879471719622,0.8933796882629395
Coordinate_RF,100,98,0.7366383857746166,0.9847762584686279
EXP010,100,98,0.6260655737482451,0.02468085289001465
EXPF,100,98,0.6630830668871495,0.0922689437866211
ASTRA_AGF,200,98,0.7397589766546158,1.206167221069336
Coordinate_RF,200,98,0.7549615979932599,1.151698350906372
EXP010,200,98,0.6213235754963223,0.0350034236907959
EXPF,200,98,0.6612526787683582,0.09359502792358398
ASTRA_AGF,5,99,0.6435773019310401,0.6937947273254395
Coordinate_RF,5,99,0.6403756482532309,0.6976170539855957
EXP010,5,99,0.5945035795999611,0.018535614013671875
EXPF,5,99,0.5579246197099437,0.05563664436340332
ASTRA_AGF,25,99,0.6703882994621654,0.8931756019592285
Coordinate_RF,25,99,0.6781070924976829,0.8423330783843994
EXP010,25,99,0.6081176554857117,0.02985978126525879
EXPF,25,99,0.618563138121095,0.08953237533569336
ASTRA_AGF,50,99,0.7003830830319085,0.8823027610778809
Coordinate_RF,50,99,0.7037858679028959,0.8415088653564453
EXP010,50,99,0.6221803981228359,0.025608301162719727
EXPF,50,99,0.6414816741784375,0.08184266090393066
ASTRA_AGF,100,99,0.7234164094702015,0.8915226459503174
Coordinate_RF,100,99,0.7352501591898877,0.9091970920562744
EXP010,100,99,0.6227210190959979,0.07081842422485352
EXPF,100,99,0.6465234141832057,0.08069396018981934
ASTRA_AGF,200,99,0.7337233796442402,1.1402902603149414
Coordinate_RF,200,99,0.7494234949695298,1.107074499130249
EXP010,200,99,0.6236670620156282,0.027493953704833984
EXPF,200,99,0.6498740388960154,0.07957768440246582
ASTRA_AGF,5,100,0.6613868027294271,0.6765646934509277
Coordinate_RF,5,100,0.6617205796740937,0.6863045692443848
EXP010,5,100,0.5547457545823627,0.024251461029052734
EXPF,5,100,0.6069405110647335,0.0563201904296875
ASTRA_AGF,25,100,0.7102835112992067,0.8645751476287842
Coordinate_RF,25,100,0.7138560191743528,0.7822771072387695
EXP010,25,100,0.617507738278415,0.03473973274230957
EXPF,25,100,0.6526929878742169,0.0853264331817627
ASTRA_AGF,50,100,0.6952498734949164,0.8860361576080322
Coordinate_RF,50,100,0.7143510454739734,0.8064749240875244
EXP010,50,100,0.6251963749302484,0.031491756439208984
EXPF,50,100,0.6542016121025539,0.08902525901794434
ASTRA_AGF,100,100,0.7004875970275276,0.9074311256408691
Coordinate_RF,100,100,0.7119521310962887,0.9023077487945557
EXP010,100,100,0.6222061705324526,0.02670454978942871
EXPF,100,100,0.6529391710089048,0.08904600143432617
ASTRA_AGF,200,100,0.720933513301615,1.1441748142242432
Coordinate_RF,200,100,0.7430049497298192,1.2021288871765137
EXP010,200,100,0.6249144619261767,0.03135991096496582
EXPF,200,100,0.6553050434771244,0.08048605918884277
ASTRA_AGF,5,101,0.6653605838935265,0.6656708717346191
Coordinate_RF,5,101,0.6670150123330805,0.6614258289337158
EXP010,5,101,0.5379997070583689,0.019959211349487305
EXPF,5,101,0.5472571789312862,0.05364513397216797
ASTRA_AGF,25,101,0.6909726581003077,0.813328742980957
Coordinate_RF,25,101,0.6852945405264883,0.8398466110229492
EXP010,25,101,0.6146809463272848,0.025760173797607422
EXPF,25,101,0.6312697701725445,0.0859067440032959
ASTRA_AGF,50,101,0.7100757221402115,0.8833751678466797
Coordinate_RF,50,101,0.7187469608524246,0.8920068740844727
EXP010,50,101,0.6213195786031683,0.0213930606842041
EXPF,50,101,0.658066761798181,0.07279396057128906
ASTRA_AGF,100,101,0.7194348722603726,0.9108576774597168
Coordinate_RF,100,101,0.7323426273168698,0.89656662940979
EXP010,100,101,0.6244488192290993,0.023713350296020508
EXPF,100,101,0.6575500489385943,0.06878137588500977
ASTRA_AGF,200,101,0.7282344344696838,1.082165002822876
Coordinate_RF,200,101,0.744385101181186,1.205338716506958
EXP010,200,101,0.6275527913495031,0.02639174461364746
EXPF,200,101,0.6599672787576033,0.08111071586608887
ASTRA_AGF,5,102,0.6595100860530998,0.6603450775146484
Coordinate_RF,5,102,0.6592608736252984,0.6711347103118896
EXP010,5,102,0.5543228173655066,0.01911163330078125
EXPF,5,102,0.579384024754415,0.050052642822265625
ASTRA_AGF,25,102,0.6736716391246527,0.7534306049346924
Coordinate_RF,25,102,0.6770528612816633,0.7698235511779785
EXP010,25,102,0.567333366281669,0.034708261489868164
EXPF,25,102,0.6187059141096947,0.09644579887390137
ASTRA_AGF,50,102,0.6974573379206209,0.8237149715423584
Coordinate_RF,50,102,0.70982682119301,0.8504157066345215
EXP010,50,102,0.6108786369246016,0.02356886863708496
EXPF,50,102,0.6499534961792666,0.08873558044433594
ASTRA_AGF,100,102,0.7129697908738222,0.9424571990966797
Coordinate_RF,100,102,0.7310910395115281,0.9008924961090088
EXP010,100,102,0.6232240157975866,0.03211188316345215
EXPF,100,102,0.6552607412715296,0.07631349563598633
ASTRA_AGF,200,102,0.7380943675026888,1.0938875675201416
Coordinate_RF,200,102,0.7537372372377853,1.1039161682128906
EXP010,200,102,0.6252088888424868,0.024183988571166992
EXPF,200,102,0.6697293403637454,0.09076118469238281
ASTRA_AGF,5,103,0.6613681472746744,0.7002222537994385
Coordinate_RF,5,103,0.660815891168744,0.7548086643218994
EXP010,5,103,0.5050291798492645,0.02271294593811035
EXPF,5,103,0.44284629682416277,0.06171751022338867
ASTRA_AGF,25,103,0.6756395818451177,0.7991387844085693
Coordinate_RF,25,103,0.688642257365422,0.792248010635376
EXP010,25,103,0.623730412513711,0.026563167572021484
EXPF,25,103,0.6478050634096523,0.1004190444946289
ASTRA_AGF,50,103,0.7051227749851989,0.8634293079376221
Coordinate_RF,50,103,0.7221345832781779,0.8650760650634766
EXP010,50,103,0.6225434885312049,0.0415492057800293
EXPF,50,103,0.6583281597249173,0.08875656127929688
ASTRA_AGF,100,103,0.7136594303761834,0.9492781162261963
Coordinate_RF,100,103,0.7330630258039803,0.9116618633270264
EXP010,100,103,0.629448722730999,0.03945589065551758
EXPF,100,103,0.6581348474084017,0.08770895004272461
ASTRA_AGF,200,103,0.7281243512151406,1.1314117908477783
Coordinate_RF,200,103,0.7490424488874508,1.1002871990203857
EXP010,200,103,0.6243212395714314,0.03514218330383301
EXPF,200,103,0.6510660738657413,0.08445596694946289
ASTRA_AGF,5,104,0.6621460334085575,0.744560956954956
Coordinate_RF,5,104,0.6617342819826384,0.73649001121521
EXP010,5,104,0.5299854255810613,0.029726266860961914
EXPF,5,104,0.5961073729506968,0.059664011001586914
ASTRA_AGF,25,104,0.6989543791721904,0.7657961845397949
Coordinate_RF,25,104,0.7042118970977145,0.7749593257904053
EXP010,25,104,0.6227501133435278,0.02193474769592285
EXPF,25,104,0.654329955457113,0.07930326461791992
ASTRA_AGF,50,104,0.6990370652521645,0.9493176937103271
Coordinate_RF,50,104,0.7173740909868505,0.874783992767334
EXP010,50,104,0.6145175983674176,0.02687215805053711
EXPF,50,104,0.6582281659293288,0.09000658988952637
ASTRA_AGF,100,104,0.71380614500668,0.9711899757385254
Coordinate_RF,100,104,0.7321690159762083,0.9205842018127441
EXP010,100,104,0.6238956344115054,0.03731822967529297
EXPF,100,104,0.6549029852786978,0.09767270088195801
ASTRA_AGF,200,104,0.7364387087726104,1.1015539169311523
Coordinate_RF,200,104,0.7524094381208364,1.1282737255096436
EXP010,200,104,0.6188412941288907,0.036873817443847656
EXPF,200,104,0.6534260893847326,0.0941317081451416
ASTRA_AGF,5,105,0.6454539381469082,0.7198927402496338
Coordinate_RF,5,105,0.6457380158199341,0.7946465015411377
EXP010,5,105,0.5777426769787656,0.025114059448242188
EXPF,5,105,0.6016742057971253,0.061705827713012695
ASTRA_AGF,25,105,0.6958338467006576,0.8023600578308105
Coordinate_RF,25,105,0.7028540562419514,0.8259885311126709
EXP010,25,105,0.6391504658064885,0.026976346969604492
EXPF,25,105,0.6672980279657782,0.0946955680847168
ASTRA_AGF,50,105,0.7071876136567706,0.8837907314300537
Coordinate_RF,50,105,0.7267128992541043,0.8365437984466553
EXP010,50,105,0.6297787907149217,0.026388168334960938
EXPF,50,105,0.6664344831503655,0.10090279579162598
ASTRA_AGF,100,105,0.7183003323890818,0.9795916080474854
Coordinate_RF,100,105,0.741678580638681,0.9308338165283203
EXP010,100,105,0.6327980090967958,0.03638887405395508
EXPF,100,105,0.6639730518400155,0.11073780059814453
ASTRA_AGF,200,105,0.7294280254813661,1.1285383701324463
Coordinate_RF,200,105,0.7521365542190863,1.1476306915283203
EXP010,200,105,0.6299437255533645,0.03455018997192383
EXPF,200,105,0.6608277833940768,0.11251258850097656
ASTRA_AGF,5,106,0.6401033244266302,0.7102644443511963
Coordinate_RF,5,106,0.6419968338840224,0.7316937446594238
EXP010,5,106,0.4823502432233938,0.028821229934692383
EXPF,5,106,0.39728942606111617,0.06333708763122559
ASTRA_AGF,25,106,0.6883799156624345,0.7987408638000488
Coordinate_RF,25,106,0.6905699907314236,0.7802119255065918
EXP010,25,106,0.6075023864824193,0.029190540313720703
EXPF,25,106,0.6232246942999814,0.10011172294616699
ASTRA_AGF,50,106,0.6930596362683004,0.8814151287078857
Coordinate_RF,50,106,0.7086030157378028,0.8587737083435059
EXP010,50,106,0.617802448477467,0.02241230010986328
EXPF,50,106,0.6394906469860163,0.0956413745880127
ASTRA_AGF,100,106,0.7269188606532113,0.9876773357391357
Coordinate_RF,100,106,0.7360594337216144,0.8776063919067383
EXP010,100,106,0.6244308614207555,0.024739742279052734
EXPF,100,106,0.6578921250053598,0.07712507247924805
ASTRA_AGF,200,106,0.7435609162211055,1.1025092601776123
Coordinate_RF,200,106,0.7559803058949459,1.0754435062408447
EXP010,200,106,0.6279400169881563,0.02888631820678711
EXPF,200,106,0.6624752109508347,0.07505679130554199
ASTRA_AGF,5,107,0.6285222304216049,0.6448469161987305
Coordinate_RF,5,107,0.6274255864666869,0.7275526523590088
EXP010,5,107,0.559456016613794,0.016827821731567383
EXPF,5,107,0.4582281818593654,0.13009905815124512
ASTRA_AGF,25,107,0.6930350405058974,0.7697503566741943
Coordinate_RF,25,107,0.6961293981528264,0.7736771106719971
EXP010,25,107,0.6147249223575804,0.027242183685302734
EXPF,25,107,0.6577976350430441,0.06366276741027832
ASTRA_AGF,50,107,0.6948575363506657,0.81290602684021
Coordinate_RF,50,107,0.7034916945483999,0.8773694038391113
EXP010,50,107,0.6202728667366659,0.028125286102294922
EXPF,50,107,0.6591063804199665,0.07610106468200684
ASTRA_AGF,100,107,0.7154586284349007,0.9008970260620117
Coordinate_RF,100,107,0.7328936866796437,0.952502965927124
EXP010,100,107,0.6316447992402457,0.03219318389892578
EXPF,100,107,0.6681097027575703,0.07216000556945801
ASTRA_AGF,200,107,0.7292148121199888,1.0891542434692383
Coordinate_RF,200,107,0.7480319526360746,1.080176591873169
EXP010,200,107,0.6249127861104221,0.027783632278442383
EXPF,200,107,0.6610898666993303,0.0758364200592041
ASTRA_AGF,5,108,0.6522927663540503,0.6665008068084717
Coordinate_RF,5,108,0.6597773190027949,0.7426083087921143
EXP010,5,108,0.6145816403428321,0.017993688583374023
EXPF,5,108,0.5910643223811041,0.051757097244262695
ASTRA_AGF,25,108,0.6711661422156144,0.8272347450256348
Coordinate_RF,25,108,0.6757843217600469,0.8456311225891113
EXP010,25,108,0.6004931290627364,0.024323463439941406
EXPF,25,108,0.6184464843890606,0.07764458656311035
ASTRA_AGF,50,108,0.6740406047266396,0.8266439437866211
Coordinate_RF,50,108,0.6723333880949534,0.8355011940002441
EXP010,50,108,0.6136298553212416,0.021906137466430664
EXPF,50,108,0.6357960062204053,0.08947038650512695
ASTRA_AGF,100,108,0.6943451931185924,0.9581048488616943
Coordinate_RF,100,108,0.7107323154807557,0.9654521942138672
EXP010,100,108,0.6186669569288928,0.03077530860900879
EXPF,100,108,0.6444284360713987,0.0815742015838623
ASTRA_AGF,200,108,0.7189756492529595,1.112144947052002
Coordinate_RF,200,108,0.7345434525725466,1.0792369842529297
EXP010,200,108,0.620577434483135,0.02414679527282715
EXPF,200,108,0.6502020419650072,0.10184645652770996
ASTRA_AGF,5,109,0.651239785845258,0.6537766456604004
Coordinate_RF,5,109,0.6517467777493039,0.7916560173034668
EXP010,5,109,0.5866674476621061,0.018645286560058594
EXPF,5,109,0.5997088543375622,0.04459071159362793
ASTRA_AGF,25,109,0.6938311971976476,0.845653772354126
Coordinate_RF,25,109,0.7038050775786311,0.9203755855560303
EXP010,25,109,0.6177100056567745,0.0239255428314209
EXPF,25,109,0.6493331058385442,0.07370495796203613
ASTRA_AGF,50,109,0.7132187171084389,0.8116569519042969
Coordinate_RF,50,109,0.7221703856670737,0.8248109817504883
EXP010,50,109,0.6169567548260827,0.020174264907836914
EXPF,50,109,0.6547635182410639,0.07259225845336914
ASTRA_AGF,100,109,0.7114067264847304,0.954904317855835
Coordinate_RF,100,109,0.7370140905055015,0.9194014072418213
EXP010,100,109,0.6171086391800813,0.024641036987304688
EXPF,100,109,0.6580144406059698,0.07375097274780273
ASTRA_AGF,200,109,0.73437711012949,1.1543076038360596
Coordinate_RF,200,109,0.748050728046999,1.1132960319519043
EXP010,200,109,0.6195976063322007,0.027303695678710938
EXPF,200,109,0.6589126715757312,0.07317709922790527
ASTRA_AGF,5,110,0.6551049802140784,0.6796479225158691
Coordinate_RF,5,110,0.6563439261017341,0.664353609085083
EXP010,5,110,0.628022553693432,0.021442413330078125
EXPF,5,110,0.5683898541838781,0.1344912052154541
ASTRA_AGF,25,110,0.6651550002758191,0.7955012321472168
Coordinate_RF,25,110,0.6729480188812809,0.829639196395874
EXP010,25,110,0.6270418331619539,0.027543306350708008
EXPF,25,110,0.6671265353010242,0.08735537528991699
ASTRA_AGF,50,110,0.68885183775853,0.8212845325469971
Coordinate_RF,50,110,0.6992897644150148,0.8264715671539307
EXP010,50,110,0.6158530737349068,0.029684066772460938
EXPF,50,110,0.6415343379271772,0.07129573822021484
ASTRA_AGF,100,110,0.7226338453738574,0.879619836807251
Coordinate_RF,100,110,0.7317899280097816,0.9708869457244873
EXP010,100,110,0.6242986420403125,0.029712677001953125
EXPF,100,110,0.6564132675941531,0.07512545585632324
ASTRA_AGF,200,110,0.7257888514654665,1.198211669921875
Coordinate_RF,200,110,0.741657467891722,1.075998306274414
EXP010,200,110,0.6249058905718553,0.024847030639648438
EXPF,200,110,0.6521020826601185,0.0819859504699707
ASTRA_AGF,5,111,0.6612022619515148,0.6654574871063232
Coordinate_RF,5,111,0.6620462870185152,0.6864447593688965
EXP010,5,111,0.5923592702896778,0.01591038703918457
EXPF,5,111,0.5985989430740835,0.04606056213378906
ASTRA_AGF,25,111,0.6733909807137374,0.7639586925506592
Coordinate_RF,25,111,0.6711080340252726,0.8142738342285156
EXP010,25,111,0.6116049679937282,0.024488210678100586
EXPF,25,111,0.6369137547569438,0.07918715476989746
ASTRA_AGF,50,111,0.6685957186975366,0.8358197212219238
Coordinate_RF,50,111,0.66778908346163,0.8299264907836914
EXP010,50,111,0.6244393275329715,0.029103994369506836
EXPF,50,111,0.6509630607107427,0.07965660095214844
ASTRA_AGF,100,111,0.6816362796412988,0.901984453201294
Coordinate_RF,100,111,0.7006360824927995,0.9427196979522705
EXP010,100,111,0.6280576973005002,0.02224111557006836
EXPF,100,111,0.6531523883476383,0.07272481918334961
ASTRA_AGF,200,111,0.7218506646868228,1.1275756359100342
Coordinate_RF,200,111,0.7376775762170477,1.1674487590789795
EXP010,200,111,0.6302682220294629,0.023405790328979492
EXPF,200,111,0.6593211042398026,0.07285785675048828
ASTRA_AGF,5,112,0.6555623363643077,0.663628101348877
Coordinate_RF,5,112,0.6531418727907341,0.6740140914916992
EXP010,5,112,0.6143630023503177,0.016210556030273438
EXPF,5,112,0.6005671901420631,0.05862617492675781
ASTRA_AGF,25,112,0.6968686613701297,0.8217172622680664
Coordinate_RF,25,112,0.6997181933781587,0.7946767807006836
EXP010,25,112,0.6204178192645737,0.02257061004638672
EXPF,25,112,0.6470448725214777,0.07586431503295898
ASTRA_AGF,50,112,0.7115263223673641,0.87434983253479
Coordinate_RF,50,112,0.7189382703245167,0.8266863822937012
EXP010,50,112,0.6248042291262832,0.024738550186157227
EXPF,50,112,0.6512436764872801,0.07411479949951172
ASTRA_AGF,100,112,0.724289723410924,0.9121754169464111
Coordinate_RF,100,112,0.7378365527613505,0.9006054401397705
EXP010,100,112,0.628992688541465,0.030449867248535156
EXPF,100,112,0.6630168410049635,0.12721657752990723
ASTRA_AGF,200,112,0.7319297287544051,1.1491782665252686
Coordinate_RF,200,112,0.7503316529801809,1.1521031856536865
EXP010,200,112,0.6251821453252909,0.02219986915588379
EXPF,200,112,0.6635991225160668,0.0668022632598877
ASTRA_AGF,5,113,0.6535272169175563,0.6752347946166992
Coordinate_RF,5,113,0.656193664753603,0.685366153717041
EXP010,5,113,0.5834115673992495,0.0223386287689209
EXPF,5,113,0.5283271967116916,0.0480341911315918
ASTRA_AGF,25,113,0.6956246049212547,0.8466246128082275
Coordinate_RF,25,113,0.7007327984213989,0.8004064559936523
EXP010,25,113,0.6230969095168857,0.020543813705444336
EXPF,25,113,0.6563475225012185,0.06593990325927734
ASTRA_AGF,50,113,0.7028335287120173,0.8965113162994385
Coordinate_RF,50,113,0.7133305688929866,0.8903770446777344
EXP010,50,113,0.6179522065943917,0.027338027954101562
EXPF,50,113,0.6432058319982135,0.07492518424987793
ASTRA_AGF,100,113,0.7182712810646956,0.8901345729827881
Coordinate_RF,100,113,0.7298752797872756,0.8948619365692139
EXP010,100,113,0.6151479860114625,0.02818465232849121
EXPF,100,113,0.6517704923445624,0.07909154891967773
ASTRA_AGF,200,113,0.7385708677379669,1.0653042793273926
Coordinate_RF,200,113,0.7570714967392393,1.1766908168792725
EXP010,200,113,0.6226664428585469,0.023431777954101562
EXPF,200,113,0.654798085718068,0.0733025074005127
ASTRA_AGF,5,114,0.6530033582355155,0.6685595512390137
Coordinate_RF,5,114,0.6505592566525853,0.6780416965484619
EXP010,5,114,0.6157960183135107,0.02036762237548828
EXPF,5,114,0.5782321980058217,0.057329416275024414
ASTRA_AGF,25,114,0.6693170971545901,0.7894735336303711
Coordinate_RF,25,114,0.6726457073751513,0.8115496635437012
EXP010,25,114,0.6112692442507608,0.03190040588378906
EXPF,25,114,0.6430370739938907,0.0760335922241211
ASTRA_AGF,50,114,0.69429839829098,0.8649494647979736
Coordinate_RF,50,114,0.7136776594985313,0.948089599609375
EXP010,50,114,0.6209819693274587,0.028543710708618164
EXPF,50,114,0.6581724322729443,0.06931138038635254
ASTRA_AGF,100,114,0.7038163255080635,0.9076981544494629
Coordinate_RF,100,114,0.7280315993274757,0.8984358310699463
EXP010,100,114,0.6208602439816939,0.032140493392944336
EXPF,100,114,0.6532272668892375,0.0774996280670166
ASTRA_AGF,200,114,0.7278641415697857,1.1006832122802734
Coordinate_RF,200,114,0.7444901345629015,1.1325969696044922
EXP010,200,114,0.6217182669081656,0.02359795570373535
EXPF,200,114,0.6571329106594513,0.06839942932128906
ASTRA_AGF,5,115,0.6343876373695319,0.7397222518920898
Coordinate_RF,5,115,0.6301911098770235,0.6878631114959717
EXP010,5,115,0.5014312339608489,0.0263364315032959
EXPF,5,115,0.5248055745840321,0.0428621768951416
ASTRA_AGF,25,115,0.6709605351556301,0.7845237255096436
Coordinate_RF,25,115,0.6779525846640374,0.8009138107299805
EXP010,25,115,0.595348055144403,0.0234372615814209
EXPF,25,115,0.6235999589561556,0.12392210960388184
ASTRA_AGF,50,115,0.7118327149974505,0.8492486476898193
Coordinate_RF,50,115,0.7294840779167007,0.925788164138794
EXP010,50,115,0.6256048457956311,0.024631738662719727
EXPF,50,115,0.6591308503222282,0.12115263938903809
ASTRA_AGF,100,115,0.7260188718495605,0.9251065254211426
Coordinate_RF,100,115,0.7376954920115717,0.9081623554229736
EXP010,100,115,0.6239627673099781,0.023789644241333008
EXPF,100,115,0.6642563292830976,0.08015823364257812
ASTRA_AGF,200,115,0.7338901800223713,1.20003342628479
Coordinate_RF,200,115,0.751336444720834,1.076636552810669
EXP010,200,115,0.6199259605794385,0.02711796760559082
EXPF,200,115,0.6578250004675484,0.09547185897827148
ASTRA_AGF,5,116,0.6567737066134351,0.7197456359863281
Coordinate_RF,5,116,0.6546323081952683,0.680274248123169
EXP010,5,116,0.5887243466162986,0.016625642776489258
EXPF,5,116,0.6134130379792597,0.05354022979736328
ASTRA_AGF,25,116,0.6771433004835583,0.760530948638916
Coordinate_RF,25,116,0.6866923433784564,0.7741775512695312
EXP010,25,116,0.6173112936904659,0.029610395431518555
EXPF,25,116,0.6472516858747478,0.07702445983886719
ASTRA_AGF,50,116,0.7042665754658886,0.8580715656280518
Coordinate_RF,50,116,0.719892285223432,0.87001633644104
EXP010,50,116,0.6178877984425112,0.0233919620513916
EXPF,50,116,0.6482072738893407,0.06866741180419922
ASTRA_AGF,100,116,0.7105952709297123,0.9363269805908203
Coordinate_RF,100,116,0.7274626264041665,0.8975491523742676
EXP010,100,116,0.6229908200849509,0.03230690956115723
EXPF,100,116,0.659509084325302,0.07903265953063965
ASTRA_AGF,200,116,0.7378751410059471,1.107912302017212
Coordinate_RF,200,116,0.7523905390519889,1.103985071182251
EXP010,200,116,0.6243971050495016,0.027155160903930664
EXPF,200,116,0.662607424125367,0.08275699615478516
ASTRA_AGF,5,117,0.663040862834558,0.711428165435791
Coordinate_RF,5,117,0.6636464860600211,0.729337215423584
EXP010,5,117,0.5558506388115791,0.020084381103515625
EXPF,5,117,0.5617881968910614,0.04185819625854492
ASTRA_AGF,25,117,0.6877814131637617,0.7808184623718262
Coordinate_RF,25,117,0.6927105974863578,0.7792656421661377
EXP010,25,117,0.6009506749989207,0.03175640106201172
EXPF,25,117,0.639848298174448,0.08710169792175293
ASTRA_AGF,50,117,0.696636648055412,0.888397216796875
Coordinate_RF,50,117,0.7042443890167817,0.8262288570404053
EXP010,50,117,0.6121003809598649,0.022131681442260742
EXPF,50,117,0.638226727601504,0.07631731033325195
ASTRA_AGF,100,117,0.7116242566926412,0.9697916507720947
Coordinate_RF,100,117,0.7176753346151309,0.9021952152252197
EXP010,100,117,0.6137479074856342,0.034035682678222656
EXPF,100,117,0.6472842001979326,0.07505989074707031
ASTRA_AGF,200,117,0.7243586720245974,1.1032359600067139
Coordinate_RF,200,117,0.7407103080494881,1.1537868976593018
EXP010,200,117,0.6182002909700592,0.02641606330871582
EXPF,200,117,0.6560738287516232,0.08182764053344727
ASTRA_AGF,5,118,0.6547892565421882,0.6534512042999268
Coordinate_RF,5,118,0.6566388308297578,0.7414669990539551
EXP010,5,118,0.6033301078788905,0.022902965545654297
EXPF,5,118,0.6021802931620657,0.1192934513092041
ASTRA_AGF,25,118,0.6904175580424718,0.7695028781890869
Coordinate_RF,25,118,0.6923127622180074,0.7837169170379639
EXP010,25,118,0.6205062579534735,0.03197050094604492
EXPF,25,118,0.6454587180819564,0.0808103084564209
ASTRA_AGF,50,118,0.6927246508658336,0.8298754692077637
Coordinate_RF,50,118,0.7113608027097915,0.9229848384857178
EXP010,50,118,0.6151607365122433,0.02922654151916504
EXPF,50,118,0.6528488410825697,0.07715654373168945
ASTRA_AGF,100,118,0.7173315090952179,0.9421772956848145
Coordinate_RF,100,118,0.7324510576767158,0.9638397693634033
EXP010,100,118,0.6256321560411002,0.022594690322875977
EXPF,100,118,0.6533213701108705,0.07654786109924316
ASTRA_AGF,200,118,0.731508416703348,1.1042070388793945
Coordinate_RF,200,118,0.7498658432861453,1.14638352394104
EXP010,200,118,0.6243378626005166,0.024480819702148438
EXPF,200,118,0.6528921196042814,0.08207130432128906
ASTRA_AGF,5,119,0.6536414843378318,0.6825575828552246
Coordinate_RF,5,119,0.6532185306178518,0.6998770236968994
EXP010,5,119,0.6048339202992822,0.020105361938476562
EXPF,5,119,0.6005876003744086,0.042736053466796875
ASTRA_AGF,25,119,0.6720281055653351,0.8547272682189941
Coordinate_RF,25,119,0.6696340515115559,0.8012781143188477
EXP010,25,119,0.5974471144541449,0.03425240516662598
EXPF,25,119,0.6269891743925051,0.06865715980529785
ASTRA_AGF,50,119,0.7027160429195115,0.8502798080444336
Coordinate_RF,50,119,0.7058637305014636,0.9267494678497314
EXP010,50,119,0.6172126263016238,0.026366233825683594
EXPF,50,119,0.6461712250970317,0.07736325263977051
ASTRA_AGF,100,119,0.722134055909456,0.9164013862609863
Coordinate_RF,100,119,0.7395311262747037,0.9835400581359863
EXP010,100,119,0.6089153432085508,0.02597975730895996
EXPF,100,119,0.6516783063510972,0.08433055877685547
ASTRA_AGF,200,119,0.7357920094156063,1.1176786422729492
Coordinate_RF,200,119,0.7489065722903743,1.0718605518341064
EXP010,200,119,0.6191340183957036,0.03225207328796387
EXPF,200,119,0.65636697903231,0.07853937149047852
ASTRA_AGF,5,120,0.657298051314642,0.7153630256652832
Coordinate_RF,5,120,0.6550645279653416,0.7018847465515137
EXP010,5,120,0.5813404265849067,0.022081851959228516
EXPF,5,120,0.5623888444986572,0.04723381996154785
ASTRA_AGF,25,120,0.6916644765576342,0.8471851348876953
Coordinate_RF,25,120,0.7013899156153535,0.7821662425994873
EXP010,25,120,0.63176604611431,0.03262209892272949
EXPF,25,120,0.6430470259829228,0.07514762878417969
ASTRA_AGF,50,120,0.7002773915378164,0.8335394859313965
Coordinate_RF,50,120,0.7109576464610042,0.8505542278289795
EXP010,50,120,0.6181406586249221,0.020853519439697266
EXPF,50,120,0.6538612990859933,0.07622599601745605
ASTRA_AGF,100,120,0.7139244271078857,0.9077541828155518
Coordinate_RF,100,120,0.7241532344839706,0.9801311492919922
EXP010,100,120,0.6193332083287981,0.05390477180480957
EXPF,100,120,0.6605808082081441,0.08774662017822266
ASTRA_AGF,200,120,0.7274911007310486,1.1053714752197266
Coordinate_RF,200,120,0.743463167469172,1.1119163036346436
EXP010,200,120,0.6239571852290442,0.03311300277709961
EXPF,200,120,0.6658152687444934,0.08712196350097656
ASTRA_AGF,5,121,0.6506767172075878,0.7658984661102295
Coordinate_RF,5,121,0.6502340469906952,0.6971077919006348
EXP010,5,121,0.5639512177673808,0.017102956771850586
EXPF,5,121,0.570533640864038,0.047354698181152344
ASTRA_AGF,25,121,0.6937443538551811,0.9143075942993164
Coordinate_RF,25,121,0.6998192074258958,0.8018515110015869
EXP010,25,121,0.6042173921698663,0.030443668365478516
EXPF,25,121,0.6337767920424309,0.08205723762512207
ASTRA_AGF,50,121,0.7115446716101462,0.829657793045044
Coordinate_RF,50,121,0.7187604147112912,0.8490252494812012
EXP010,50,121,0.6085017759013251,0.0561823844909668
EXPF,50,121,0.6390624517502893,0.08480477333068848
ASTRA_AGF,100,121,0.712640787095129,0.9297928810119629
Coordinate_RF,100,121,0.7213252510960908,0.9539315700531006
EXP010,100,121,0.6177198222333556,0.023295879364013672
EXPF,100,121,0.6413375928104142,0.08234357833862305
ASTRA_AGF,200,121,0.7321942353143726,1.119985818862915
Coordinate_RF,200,121,0.7502991286136484,1.0761711597442627
EXP010,200,121,0.625058358169253,0.022656917572021484
EXPF,200,121,0.6606052890377669,0.08592700958251953
ASTRA_AGF,5,122,0.6534423019041543,0.6807413101196289
Coordinate_RF,5,122,0.6493630531006537,0.7146389484405518
EXP010,5,122,0.6026430047229674,0.033338069915771484
EXPF,5,122,0.5199440331458975,0.05303359031677246
ASTRA_AGF,25,122,0.7091925656847133,0.7838764190673828
Coordinate_RF,25,122,0.7114915936398811,0.8974759578704834
EXP010,25,122,0.6129416230104835,0.02956247329711914
EXPF,25,122,0.6485491691031265,0.09009671211242676
ASTRA_AGF,50,122,0.7089657955216977,0.8275542259216309
Coordinate_RF,50,122,0.7162901604486144,0.8575229644775391
EXP010,50,122,0.620562007837186,0.026710987091064453
EXPF,50,122,0.6566727883247082,0.08538222312927246
ASTRA_AGF,100,122,0.711020100555766,0.8812148571014404
Coordinate_RF,100,122,0.7259567559863164,0.9635488986968994
EXP010,100,122,0.6228080286490743,0.030872106552124023
EXPF,100,122,0.6596514259916132,0.08581328392028809
ASTRA_AGF,200,122,0.7298604501992869,1.1998648643493652
Coordinate_RF,200,122,0.7455229215649977,1.0921413898468018
EXP010,200,122,0.6210208061688928,0.029599905014038086
EXPF,200,122,0.6492841820813957,0.11129403114318848
ASTRA_AGF,5,123,0.6552464199022328,0.6707637310028076
Coordinate_RF,5,123,0.6534644060380143,0.674893856048584
EXP010,5,123,0.6179831817713567,0.023047924041748047
EXPF,5,123,0.5936038342870713,0.05351686477661133
ASTRA_AGF,25,123,0.685064926148421,0.8167903423309326
Coordinate_RF,25,123,0.6950172941379116,0.8288958072662354
EXP010,25,123,0.618526173790601,0.026691198348999023
EXPF,25,123,0.6361098236382469,0.08997988700866699
ASTRA_AGF,50,123,0.6962173686782135,0.8462376594543457
Coordinate_RF,50,123,0.7104496002701274,0.8714392185211182
EXP010,50,123,0.615199357868548,0.02884840965270996
EXPF,50,123,0.6445286696285555,0.08685851097106934
ASTRA_AGF,100,123,0.705551218090147,0.9305672645568848
Coordinate_RF,100,123,0.7264526700769426,0.9355771541595459
EXP010,100,123,0.6244036555581438,0.030038118362426758
EXPF,100,123,0.6475331946992566,0.09481644630432129
ASTRA_AGF,200,123,0.7334728382837146,1.1565821170806885
Coordinate_RF,200,123,0.7476243090907846,1.0735008716583252
EXP010,200,123,0.6227032782524694,0.0390625
EXPF,200,123,0.6578307661197543,0.10332798957824707
ASTRA_AGF,5,124,0.6536206967878593,0.6809825897216797
Coordinate_RF,5,124,0.6514616703214848,0.6638357639312744
EXP010,5,124,0.6061955846557885,0.026778697967529297
EXPF,5,124,0.5839260878046846,0.06735849380493164
ASTRA_AGF,25,124,0.6574059921467312,0.7975020408630371
Coordinate_RF,25,124,0.6665842190258032,0.8882067203521729
EXP010,25,124,0.5937523888635379,0.04592537879943848
EXPF,25,124,0.6353142478543666,0.10214757919311523
ASTRA_AGF,50,124,0.6890640938148471,0.856065034866333
Coordinate_RF,50,124,0.6955567627008434,0.8783061504364014
EXP010,50,124,0.6115346902482957,0.03246188163757324
EXPF,50,124,0.648065132813805,0.07340359687805176
ASTRA_AGF,100,124,0.723433694082295,0.9398288726806641
Coordinate_RF,100,124,0.7394563787514851,0.8881640434265137
EXP010,100,124,0.6195082253849208,0.022661447525024414
EXPF,100,124,0.6588017916607972,0.0669853687286377
ASTRA_AGF,200,124,0.7346466240107005,1.1367976665496826
Coordinate_RF,200,124,0.752481177011879,1.0997111797332764
EXP010,200,124,0.6225340571040097,0.025027751922607422
EXPF,200,124,0.6539953125924629,0.06806659698486328
ASTRA_AGF,5,125,0.6551166757147819,0.6610946655273438
Coordinate_RF,5,125,0.6543284181977039,0.6468074321746826
EXP010,5,125,0.6055736492427415,0.022420167922973633
EXPF,5,125,0.577803903942874,0.048329830169677734
ASTRA_AGF,25,125,0.6789439585848532,0.7699832916259766
Coordinate_RF,25,125,0.6815806847730184,0.8560686111450195
EXP010,25,125,0.625473585406298,0.02603769302368164
EXPF,25,125,0.6303141956154972,0.06952381134033203
ASTRA_AGF,50,125,0.6878401293235387,0.8590219020843506
Coordinate_RF,50,125,0.6931523870107225,0.8193964958190918
EXP010,50,125,0.6169086998451853,0.027880191802978516
EXPF,50,125,0.6325736116201988,0.0822000503540039
ASTRA_AGF,100,125,0.7034984003120218,0.8995141983032227
Coordinate_RF,100,125,0.7123343574057693,0.9084193706512451
EXP010,100,125,0.6223824075204076,0.024432897567749023
EXPF,100,125,0.6484982815125364,0.07025933265686035
ASTRA_AGF,200,125,0.736491459554647,1.1151759624481201
Coordinate_RF,200,125,0.7453547210257091,1.1860551834106445
EXP010,200,125,0.6209225910238798,0.025774002075195312
EXPF,200,125,0.6571772707592336,0.08088898658752441
ASTRA_AGF,5,126,0.660493084970618,0.6826212406158447
Coordinate_RF,5,126,0.6612761391490123,0.766167402267456
EXP010,5,126,0.574000069084311,0.016834497451782227
EXPF,5,126,0.5012573172036878,0.05107998847961426
ASTRA_AGF,25,126,0.6844514520349201,0.7805085182189941
Coordinate_RF,25,126,0.6961640494564632,0.7902352809906006
EXP010,25,126,0.6071935153436665,0.02388763427734375
EXPF,25,126,0.6351531637045668,0.07925724983215332
ASTRA_AGF,50,126,0.6934126987370582,0.9355685710906982
Coordinate_RF,50,126,0.7025384856561208,0.8474321365356445
EXP010,50,126,0.6198221070556944,0.02065253257751465
EXPF,50,126,0.6462718148889365,0.07515788078308105
ASTRA_AGF,100,126,0.7115391711525357,0.8804426193237305
Coordinate_RF,100,126,0.7274635444910755,0.9022200107574463
EXP010,100,126,0.6241432738849133,0.026768207550048828
EXPF,100,126,0.6493720208653051,0.0629270076751709
ASTRA_AGF,200,126,0.7289730342770799,1.1295032501220703
Coordinate_RF,200,126,0.7472412946620444,1.160337209701538
EXP010,200,126,0.624496012488117,0.02327275276184082
EXPF,200,126,0.6542283586405102,0.08748936653137207
ASTRA_AGF,5,127,0.6551747038735094,0.6605041027069092
Coordinate_RF,5,127,0.6617036812150808,0.6501548290252686
EXP010,5,127,0.527817609232296,0.030440807342529297
EXPF,5,127,0.563630472105344,0.05078601837158203
ASTRA_AGF,25,127,0.6922580869439265,0.7760329246520996
Coordinate_RF,25,127,0.6966589444910907,0.799436092376709
EXP010,25,127,0.6257624197244405,0.026421546936035156
EXPF,25,127,0.6434791797393533,0.07110452651977539
ASTRA_AGF,50,127,0.7090711669288283,0.8755736351013184
Coordinate_RF,50,127,0.7223952907807154,0.980729341506958
EXP010,50,127,0.6140681447065942,0.024774789810180664
EXPF,50,127,0.6526769167874908,0.07715940475463867
ASTRA_AGF,100,127,0.7247631469426274,0.9538769721984863
Coordinate_RF,100,127,0.7387459928920701,0.9644114971160889
EXP010,100,127,0.6124853085919973,0.026408910751342773
EXPF,100,127,0.6502871220048664,0.089111328125
ASTRA_AGF,200,127,0.7293503076146297,1.161825180053711
Coordinate_RF,200,127,0.7472991002742578,1.1447079181671143
EXP010,200,127,0.6247941510478179,0.043280601501464844
EXPF,200,127,0.6524260503461884,0.1393294334411621
ASTRA_AGF,5,128,0.6390761513309022,0.6763982772827148
Coordinate_RF,5,128,0.6405770126776922,0.7509317398071289
EXP010,5,128,0.5399345574007555,0.03157448768615723
EXPF,5,128,0.5311662358224555,0.06676602363586426
ASTRA_AGF,25,128,0.700008469105531,0.7993993759155273
Coordinate_RF,25,128,0.6986961783834138,0.8432157039642334
EXP010,25,128,0.5774098085040978,0.034801483154296875
EXPF,25,128,0.6000014604255339,0.10271549224853516
ASTRA_AGF,50,128,0.7071564672430476,0.8701331615447998
Coordinate_RF,50,128,0.7174490152245967,0.9181926250457764
EXP010,50,128,0.6027625789369984,0.031177997589111328
EXPF,50,128,0.6188970908924132,0.10554718971252441
ASTRA_AGF,100,128,0.7268152662045048,0.9251143932342529
Coordinate_RF,100,128,0.740813299308331,0.9436526298522949
EXP010,100,128,0.6231092330574456,0.03314042091369629
EXPF,100,128,0.6450754379930955,0.0992124080657959
ASTRA_AGF,200,128,0.7298120969545303,1.0681841373443604
Coordinate_RF,200,128,0.7479435767403654,1.1817958354949951
EXP010,200,128,0.6272335852573586,0.0401918888092041
EXPF,200,128,0.6572410735957769,0.11648678779602051
ASTRA_AGF,5,129,0.6521632750168733,0.6976993083953857
Coordinate_RF,5,129,0.6553233758505185,0.7320148944854736
EXP010,5,129,0.5808647485108085,0.029887914657592773
EXPF,5,129,0.5686252249757728,0.06148386001586914
ASTRA_AGF,25,129,0.6719877253127384,0.8043723106384277
Coordinate_RF,25,129,0.6819153422213482,0.7718565464019775
EXP010,25,129,0.6108907621204244,0.020110607147216797
EXPF,25,129,0.6399554963550579,0.08186554908752441
ASTRA_AGF,50,129,0.7027257331414734,0.8608276844024658
Coordinate_RF,50,129,0.7106700308015594,0.881455659866333
EXP010,50,129,0.6112757225758365,0.033965110778808594
EXPF,50,129,0.6553046818878314,0.07224035263061523
ASTRA_AGF,100,129,0.7207966485944708,0.9361944198608398
Coordinate_RF,100,129,0.7363192856956265,0.9233629703521729
EXP010,100,129,0.6154159795215132,0.020592927932739258
EXPF,100,129,0.6554294621221303,0.06835365295410156
ASTRA_AGF,200,129,0.7398422455820596,1.0832836627960205
Coordinate_RF,200,129,0.7566383462227104,1.095916748046875
EXP010,200,129,0.617460636744157,0.023203611373901367
EXPF,200,129,0.6583878663338751,0.07437396049499512
ASTRA_AGF,5,130,0.6572759616654702,0.7032134532928467
Coordinate_RF,5,130,0.6603649629027473,0.7132863998413086
EXP010,5,130,0.5755172164893301,0.02426934242248535
EXPF,5,130,0.543266350039083,0.05133700370788574
ASTRA_AGF,25,130,0.7006984873602022,0.7770414352416992
Coordinate_RF,25,130,0.7102833989341761,0.7850043773651123
EXP010,25,130,0.6074731890756209,0.020836591720581055
EXPF,25,130,0.6460394936315486,0.07340645790100098
ASTRA_AGF,50,130,0.7102599690505896,0.892493724822998
Coordinate_RF,50,130,0.7206691139279082,0.8624670505523682
EXP010,50,130,0.6212489501119451,0.02572941780090332
EXPF,50,130,0.6624785176205306,0.07189321517944336
ASTRA_AGF,100,130,0.7173254087747869,0.9783051013946533
Coordinate_RF,100,130,0.7351709797507947,0.9178848266601562
EXP010,100,130,0.619169957218189,0.03098297119140625
EXPF,100,130,0.6540102878079905,0.07843613624572754
ASTRA_AGF,200,130,0.7420170679434046,1.0899033546447754
Coordinate_RF,200,130,0.7593514446102532,1.154463291168213
EXP010,200,130,0.6288630412805676,0.019973278045654297
EXPF,200,130,0.6698093600410839,0.08073306083679199
ASTRA_AGF,5,131,0.6528949358446994,0.7637069225311279
Coordinate_RF,5,131,0.6526226639853726,0.7199137210845947
EXP010,5,131,0.5997437306559686,0.024553537368774414
EXPF,5,131,0.5822792716864102,0.04882502555847168
ASTRA_AGF,25,131,0.6907631443121641,0.7549660205841064
Coordinate_RF,25,131,0.7006312516284289,0.7832431793212891
EXP010,25,131,0.6111972467239121,0.029038429260253906
EXPF,25,131,0.6307880945669888,0.07964468002319336
ASTRA_AGF,50,131,0.7057502493553957,0.8294177055358887
Coordinate_RF,50,131,0.7141502867229125,0.8349535465240479
EXP010,50,131,0.6149128057965358,0.022700071334838867
EXPF,50,131,0.6342517799061381,0.0715479850769043
ASTRA_AGF,100,131,0.7258822800557269,0.9797446727752686
Coordinate_RF,100,131,0.7374813212841006,0.9662270545959473
EXP010,100,131,0.6179965555579021,0.034407615661621094
EXPF,100,131,0.6526239048110187,0.09148097038269043
ASTRA_AGF,200,131,0.7403879723716151,1.1034915447235107
Coordinate_RF,200,131,0.7557700427671705,1.1758625507354736
EXP010,200,131,0.6185402129410073,0.04215216636657715
EXPF,200,131,0.6550758542568055,0.09615969657897949
ASTRA_AGF,5,132,0.6334632654097213,0.7015390396118164
Coordinate_RF,5,132,0.6355171440469601,0.8038861751556396
EXP010,5,132,0.48705777351509094,0.027317285537719727
EXPF,5,132,0.5497884274196851,0.05511593818664551
ASTRA_AGF,25,132,0.6757725194871997,0.79473876953125
Coordinate_RF,25,132,0.6754606146734408,0.808025598526001
EXP010,25,132,0.6017404690991144,0.04038548469543457
EXPF,25,132,0.6441189518485095,0.10046029090881348
ASTRA_AGF,50,132,0.6848144533194999,0.887371301651001
Coordinate_RF,50,132,0.698400711219642,0.8473343849182129
EXP010,50,132,0.6132742949975081,0.03322124481201172
EXPF,50,132,0.63207286422436,0.11453819274902344
ASTRA_AGF,100,132,0.7127493339204508,1.0114991664886475
Coordinate_RF,100,132,0.716788033631595,0.912968635559082
EXP010,100,132,0.6227847754016629,0.04372406005859375
EXPF,100,132,0.6535502726680749,0.10587430000305176
ASTRA_AGF,200,132,0.7264711024156754,1.1102426052093506
Coordinate_RF,200,132,0.7427146397470982,1.1387453079223633
EXP010,200,132,0.6247075929110766,0.03690361976623535
EXPF,200,132,0.6595637402921997,0.09001708030700684
ASTRA_AGF,5,133,0.6473305503152351,0.72711181640625
Coordinate_RF,5,133,0.6441475916898933,0.7143785953521729
EXP010,5,133,0.5177900724191045,0.015256404876708984
EXPF,5,133,0.5403690570349219,0.03931450843811035
ASTRA_AGF,25,133,0.6642069971108774,0.7729666233062744
Coordinate_RF,25,133,0.6622736079806961,0.7650036811828613
EXP010,25,133,0.600349146451344,0.0310213565826416
EXPF,25,133,0.628178098772503,0.07677626609802246
ASTRA_AGF,50,133,0.6818839622916613,0.8096606731414795
Coordinate_RF,50,133,0.6912695131917068,0.8238832950592041
EXP010,50,133,0.6058798897540573,0.02104806900024414
EXPF,50,133,0.6404918145026647,0.0722663402557373
ASTRA_AGF,100,133,0.7182730773693573,1.003650426864624
Coordinate_RF,100,133,0.7308402800777476,0.923229455947876
EXP010,100,133,0.6182105107860779,0.029479026794433594
EXPF,100,133,0.6574419792582353,0.08569884300231934
ASTRA_AGF,200,133,0.7412729640884417,1.151909589767456
Coordinate_RF,200,133,0.7594385802523459,1.0845065116882324
EXP010,200,133,0.6233702008960408,0.03252363204956055
EXPF,200,133,0.6669557554331195,0.0914759635925293
ASTRA_AGF,5,134,0.6552926198137372,0.6650195121765137
Coordinate_RF,5,134,0.6539591357162753,0.7501826286315918
EXP010,5,134,0.5772219236746577,0.02188706398010254
EXPF,5,134,0.6204862365209097,0.05321907997131348
ASTRA_AGF,25,134,0.6642193050751446,0.793220043182373
Coordinate_RF,25,134,0.6658851519246853,0.8521678447723389
EXP010,25,134,0.618463397019527,0.02847456932067871
EXPF,25,134,0.6539051129478336,0.08820891380310059
ASTRA_AGF,50,134,0.699458426902941,0.834357500076294
Coordinate_RF,50,134,0.7031180161890975,0.8756823539733887
EXP010,50,134,0.6177462174703313,0.03334498405456543
EXPF,50,134,0.6585558573907577,0.08650875091552734
ASTRA_AGF,100,134,0.707771044290515,1.0006396770477295
Coordinate_RF,100,134,0.7178189187272308,1.0003561973571777
EXP010,100,134,0.6261634638625987,0.027387380599975586
EXPF,100,134,0.657382349217623,0.09635090827941895
ASTRA_AGF,200,134,0.7277373810988821,1.1481120586395264
Coordinate_RF,200,134,0.7446138486197423,1.0961542129516602
EXP010,200,134,0.6241792790221923,0.02809619903564453
EXPF,200,134,0.6578424895753179,0.08638548851013184
ASTRA_AGF,5,135,0.6466979317529995,0.6757280826568604
Coordinate_RF,5,135,0.6506253107530635,0.7491843700408936
EXP010,5,135,0.5998024999865748,0.018847942352294922
EXPF,5,135,0.47077532459603794,0.05980229377746582
ASTRA_AGF,25,135,0.6664652096551285,0.781524658203125
Coordinate_RF,25,135,0.6747958630210096,0.850332498550415
EXP010,25,135,0.5938575175128229,0.03866147994995117
EXPF,25,135,0.6124990229713805,0.11017131805419922
ASTRA_AGF,50,135,0.6908661547337055,0.8585383892059326
Coordinate_RF,50,135,0.695652316377029,0.8473992347717285
EXP010,50,135,0.6154485764529716,0.033011436462402344
EXPF,50,135,0.6447344629837476,0.09339308738708496
ASTRA_AGF,100,135,0.7173145358058999,0.9615187644958496
Coordinate_RF,100,135,0.7298742293129277,0.9483664035797119
EXP010,100,135,0.6180994817791152,0.03348946571350098
EXPF,100,135,0.6561380007038926,0.14765596389770508
ASTRA_AGF,200,135,0.7273954061640486,1.1718018054962158
Coordinate_RF,200,135,0.7447675500876411,1.1117041110992432
EXP010,200,135,0.6170846202210587,0.03643965721130371
EXPF,200,135,0.6531730685273875,0.10147428512573242
ASTRA_AGF,5,136,0.6653796210191112,0.7116820812225342
Coordinate_RF,5,136,0.6661521668985025,0.7499980926513672
EXP010,5,136,0.5759770646511928,0.02299785614013672
EXPF,5,136,0.5943887747644733,0.0551755428314209
ASTRA_AGF,25,136,0.6644394398879976,0.837782621383667
Coordinate_RF,25,136,0.6797234260687095,0.8091728687286377
EXP010,25,136,0.5803696954686374,0.03104686737060547
EXPF,25,136,0.6261440399523914,0.09498357772827148
ASTRA_AGF,50,136,0.6873386787299494,0.8454799652099609
Coordinate_RF,50,136,0.688048492529026,0.8514249324798584
EXP010,50,136,0.5845814297134428,0.03412008285522461
EXPF,50,136,0.6289785717952294,0.09182143211364746
ASTRA_AGF,100,136,0.7159800261029643,0.9627654552459717
Coordinate_RF,100,136,0.7317728286872248,0.9270594120025635
EXP010,100,136,0.5996618336691424,0.025946378707885742
EXPF,100,136,0.6378766913589713,0.08089923858642578
ASTRA_AGF,200,136,0.7448627948035,1.126819372177124
Coordinate_RF,200,136,0.7604462140116648,1.1149046421051025
EXP010,200,136,0.6121588885075043,0.03285861015319824
EXPF,200,136,0.6532004751141846,0.08495783805847168
ASTRA_AGF,5,137,0.6418788767743069,0.6380772590637207
Coordinate_RF,5,137,0.6455790340970065,0.7527921199798584
EXP010,5,137,0.5308537503564368,0.025377273559570312
EXPF,5,137,0.5302760135153313,0.0562746524810791
ASTRA_AGF,25,137,0.6928463926748147,0.8549180030822754
Coordinate_RF,25,137,0.6960944807472939,0.8129663467407227
EXP010,25,137,0.6203379353328302,0.020473718643188477
EXPF,25,137,0.6616349139472439,0.07487010955810547
ASTRA_AGF,50,137,0.7159042283629905,0.833519458770752
Coordinate_RF,50,137,0.7255446076212537,0.8683404922485352
EXP010,50,137,0.6212715721148794,0.024812936782836914
EXPF,50,137,0.6560781829459822,0.078277587890625
ASTRA_AGF,100,137,0.7279375269745859,0.9104955196380615
Coordinate_RF,100,137,0.7387284297250053,0.9752025604248047
EXP010,100,137,0.6228450309930751,0.03020334243774414
EXPF,100,137,0.6492587884780935,0.07507944107055664
ASTRA_AGF,200,137,0.7347445692221131,1.1491684913635254
Coordinate_RF,200,137,0.749458258353958,1.093843698501587
EXP010,200,137,0.6253679943258712,0.021761417388916016
EXPF,200,137,0.6595947113356724,0.07169795036315918
ASTRA_AGF,5,138,0.6256225541325771,0.707921028137207
Coordinate_RF,5,138,0.6263382309407874,0.6707520484924316
EXP010,5,138,0.5353012096453637,0.016058683395385742
EXPF,5,138,0.4596017403753506,0.055094242095947266
ASTRA_AGF,25,138,0.6829643782482266,0.8614156246185303
Coordinate_RF,25,138,0.6879228343296553,0.841580867767334
EXP010,25,138,0.5936878256293247,0.028052568435668945
EXPF,25,138,0.6226262921127741,0.07061505317687988
ASTRA_AGF,50,138,0.7073735881863045,0.8687906265258789
Coordinate_RF,50,138,0.7178055559745369,0.8645546436309814
EXP010,50,138,0.6081280744570703,0.021472454071044922
EXPF,50,138,0.6529104565834299,0.06869816780090332
ASTRA_AGF,100,138,0.7337566221516434,0.9177689552307129
Coordinate_RF,100,138,0.7478757364613502,0.950230598449707
EXP010,100,138,0.621002645188839,0.028864145278930664
EXPF,100,138,0.6534558649123485,0.07923698425292969
ASTRA_AGF,200,138,0.7402053323951782,1.0822012424468994
Coordinate_RF,200,138,0.7555458701886507,1.0969367027282715
EXP010,200,138,0.6189880846299596,0.03292250633239746
EXPF,200,138,0.660203514142447,0.0714418888092041
ASTRA_AGF,5,139,0.6422453479377874,0.6618847846984863
Coordinate_RF,5,139,0.6424881831176636,0.6844229698181152
EXP010,5,139,0.5698676770974851,0.015871286392211914
EXPF,5,139,0.5491981049777501,0.0537722110748291
ASTRA_AGF,25,139,0.6982820022338128,0.8282666206359863
Coordinate_RF,25,139,0.7026360413474778,0.8277349472045898
EXP010,25,139,0.6203366667787309,0.0231783390045166
EXPF,25,139,0.6470847261708551,0.06896853446960449
ASTRA_AGF,50,139,0.7103516432104944,0.8618109226226807
Coordinate_RF,50,139,0.7141111153455688,0.8444299697875977
EXP010,50,139,0.6019346106475406,0.02187824249267578
EXPF,50,139,0.6367618790910743,0.06738781929016113
ASTRA_AGF,100,139,0.7198234341271285,0.8927972316741943
Coordinate_RF,100,139,0.7281067158107825,0.921328067779541
EXP010,100,139,0.6194098038862867,0.025165796279907227
EXPF,100,139,0.647990182316359,0.07309722900390625
ASTRA_AGF,200,139,0.7328122807177985,1.128143548965454
Coordinate_RF,200,139,0.7484735741135383,1.057948350906372
EXP010,200,139,0.623173479248517,0.021892070770263672
EXPF,200,139,0.6619940520878759,0.08472371101379395
ASTRA_AGF,5,140,0.659520388633593,0.664900541305542
Coordinate_RF,5,140,0.6621563216844403,0.6724190711975098
EXP010,5,140,0.5747414477568701,0.018175363540649414
EXPF,5,140,0.5173749297079443,0.04549121856689453
ASTRA_AGF,25,140,0.6983611271832568,0.8150434494018555
Coordinate_RF,25,140,0.6964601653794846,0.8643569946289062
EXP010,25,140,0.6136890243269217,0.019738197326660156
EXPF,25,140,0.6167336078099821,0.07661080360412598
ASTRA_AGF,50,140,0.7027732088285252,0.8267412185668945
Coordinate_RF,50,140,0.7097097506330302,0.8436508178710938
EXP010,50,140,0.6212097145393798,0.022840261459350586
EXPF,50,140,0.6412505979742129,0.07107830047607422
ASTRA_AGF,100,140,0.7223183492819482,0.8976345062255859
Coordinate_RF,100,140,0.7341520783411926,0.9590847492218018
EXP010,100,140,0.6247953291979389,0.028209686279296875
EXPF,100,140,0.6578265744724294,0.07650446891784668
ASTRA_AGF,200,140,0.7350915305207554,1.1899495124816895
Coordinate_RF,200,140,0.7437311679193435,1.0876295566558838
EXP010,200,140,0.6270796823062389,0.027932167053222656
EXPF,200,140,0.6608252374234189,0.07058930397033691
ASTRA_AGF,5,141,0.6430892664344949,0.739631175994873
Coordinate_RF,5,141,0.6423148188737724,0.7048580646514893
EXP010,5,141,0.6028776647476506,0.020778656005859375
EXPF,5,141,0.6163517811267197,0.04694652557373047
ASTRA_AGF,25,141,0.6812981343650479,0.8803279399871826
Coordinate_RF,25,141,0.6919503370219027,0.8686635494232178
EXP010,25,141,0.6009555513338029,0.023659229278564453
EXPF,25,141,0.6314620783611058,0.07854437828063965
ASTRA_AGF,50,141,0.6917453966471929,0.8535401821136475
Coordinate_RF,50,141,0.6989742470141327,0.8866322040557861
EXP010,50,141,0.6264444019752675,0.02354264259338379
EXPF,50,141,0.6528304228806829,0.06996726989746094
ASTRA_AGF,100,141,0.7029077424910949,0.9329521656036377
Coordinate_RF,100,141,0.7212053279744264,0.9417564868927002
EXP010,100,141,0.6248799085567741,0.02973771095275879
EXPF,100,141,0.6496767904733687,0.07632946968078613
ASTRA_AGF,200,141,0.7281693057187769,1.2079787254333496
Coordinate_RF,200,141,0.7467905075401465,1.109588861465454
EXP010,200,141,0.6228888783774235,0.03297567367553711
EXPF,200,141,0.6545822814340322,0.07668900489807129
ASTRA_AGF,5,142,0.6535262475317005,0.6677494049072266
Coordinate_RF,5,142,0.6478284098737356,0.6880016326904297
EXP010,5,142,0.5815746869354246,0.016674041748046875
EXPF,5,142,0.6083548253927681,0.05248665809631348
ASTRA_AGF,25,142,0.6900101114398308,0.8009614944458008
Coordinate_RF,25,142,0.6923054544442488,0.838270902633667
EXP010,25,142,0.5749734161510353,0.02251148223876953
EXPF,25,142,0.6159324859398734,0.06850337982177734
ASTRA_AGF,50,142,0.7117937167006534,0.9712009429931641
Coordinate_RF,50,142,0.7256360240272132,0.8847763538360596
EXP010,50,142,0.6121193181959546,0.027322769165039062
EXPF,50,142,0.6459051241522706,0.07261109352111816
ASTRA_AGF,100,142,0.7252368189706921,0.9089927673339844
Coordinate_RF,100,142,0.7319917394196565,0.9744343757629395
EXP010,100,142,0.6149907734586174,0.025716781616210938
EXPF,100,142,0.6567099415217719,0.07689023017883301
ASTRA_AGF,200,142,0.7464459142457898,1.2196722030639648
Coordinate_RF,200,142,0.7617320761946561,1.091888189315796
EXP010,200,142,0.6194497305672942,0.02557682991027832
EXPF,200,142,0.6568251303593586,0.07779383659362793
ASTRA_AGF,5,143,0.6616545027535256,0.685671329498291
Coordinate_RF,5,143,0.6606737440099888,0.679426908493042
EXP010,5,143,0.5043689036508714,0.017321348190307617
EXPF,5,143,0.5510988246553039,0.04714655876159668
ASTRA_AGF,25,143,0.6636471379197333,0.8427209854125977
Coordinate_RF,25,143,0.6736644028549258,0.811652421951294
EXP010,25,143,0.6066894456629254,0.022872209548950195
EXPF,25,143,0.6370032822000289,0.06607174873352051
ASTRA_AGF,50,143,0.6770132350352953,0.8908050060272217
Coordinate_RF,50,143,0.6897848516440959,0.8901786804199219
EXP010,50,143,0.620989539283923,0.022532224655151367
EXPF,50,143,0.6551268006113795,0.07587218284606934
ASTRA_AGF,100,143,0.7115879605745021,0.9110026359558105
Coordinate_RF,100,143,0.7184541422287587,0.9094545841217041
EXP010,100,143,0.6209492703404752,0.02097916603088379
EXPF,100,143,0.6522329213818081,0.08459305763244629
ASTRA_AGF,200,143,0.7386358364278461,1.184802770614624
Coordinate_RF,200,143,0.7557469314113406,1.1652801036834717
EXP010,200,143,0.6223617814651777,0.024342775344848633
EXPF,200,143,0.6594505550211537,0.08095574378967285
ASTRA_AGF,5,144,0.6399178047861117,0.715040922164917
Coordinate_RF,5,144,0.6387564893931962,0.6540482044219971
EXP010,5,144,0.5738384667653291,0.017258167266845703
EXPF,5,144,0.537479500857089,0.053583621978759766
ASTRA_AGF,25,144,0.6786145677723653,0.7827510833740234
Coordinate_RF,25,144,0.6827071185887056,0.8610868453979492
EXP010,25,144,0.6259325870572657,0.031013965606689453
EXPF,25,144,0.6437550114099917,0.0785210132598877
ASTRA_AGF,50,144,0.6862133693526187,0.8696863651275635
Coordinate_RF,50,144,0.6964030772414427,0.8245627880096436
EXP010,50,144,0.6156443709231767,0.0218350887298584
EXPF,50,144,0.6486426799902162,0.08080053329467773
ASTRA_AGF,100,144,0.7026137569700163,0.9103686809539795
Coordinate_RF,100,144,0.7074163311214982,0.9363114833831787
EXP010,100,144,0.6200585134303405,0.020479679107666016
EXPF,100,144,0.6560993559165939,0.09795355796813965
ASTRA_AGF,200,144,0.7161170282724593,1.053471326828003
Coordinate_RF,200,144,0.7313769960680865,1.1111361980438232
EXP010,200,144,0.6200777959350428,0.03263974189758301
EXPF,200,144,0.6519483117753677,0.08390617370605469
ASTRA_AGF,5,145,0.6519897973516193,0.7447512149810791
Coordinate_RF,5,145,0.652466414183702,0.7214183807373047
EXP010,5,145,0.6177060940225123,0.016223669052124023
EXPF,5,145,0.6272385877219813,0.04662966728210449
ASTRA_AGF,25,145,0.687854934790617,0.8554329872131348
Coordinate_RF,25,145,0.6959959295363003,0.8603620529174805
EXP010,25,145,0.6106491720364848,0.021472454071044922
EXPF,25,145,0.6419627675169517,0.06774044036865234
ASTRA_AGF,50,145,0.6892596258104674,0.897794246673584
Coordinate_RF,50,145,0.6999887242843424,0.8894939422607422
EXP010,50,145,0.6218601594681622,0.023821592330932617
EXPF,50,145,0.6589095220573228,0.07806682586669922
ASTRA_AGF,100,145,0.7066991850223843,0.8916282653808594
Coordinate_RF,100,145,0.71763701389367,0.9126346111297607
EXP010,100,145,0.6191478701781885,0.03264570236206055
EXPF,100,145,0.6528768603305612,0.08260250091552734
ASTRA_AGF,200,145,0.7239490287487141,1.1510515213012695
Coordinate_RF,200,145,0.7427157077179773,1.1222925186157227
EXP010,200,145,0.6223232462820003,0.029204607009887695
EXPF,200,145,0.6562882728773358,0.08200478553771973
ASTRA_AGF,5,146,0.6419550280137841,0.708855152130127
Coordinate_RF,5,146,0.6454969985079521,0.6832044124603271
EXP010,5,146,0.5469945296989456,0.015475749969482422
EXPF,5,146,0.56061183286543,0.04048514366149902
ASTRA_AGF,25,146,0.6891841876135236,0.763718843460083
Coordinate_RF,25,146,0.6841119836747711,0.7546594142913818
EXP010,25,146,0.6198839983908841,0.029279708862304688
EXPF,25,146,0.6496840165171507,0.0664663314819336
ASTRA_AGF,50,146,0.6930944741590084,0.8623902797698975
Coordinate_RF,50,146,0.7014025906604079,0.8830649852752686
EXP010,50,146,0.6289092305252817,0.024741411209106445
EXPF,50,146,0.6468953958531336,0.06972193717956543
ASTRA_AGF,100,146,0.7019688943339587,0.868920087814331
Coordinate_RF,100,146,0.7159335199732503,0.8529958724975586
EXP010,100,146,0.6233466591695372,0.03146672248840332
EXPF,100,146,0.6438466968451357,0.08327388763427734
ASTRA_AGF,200,146,0.7200545269224281,1.1322500705718994
Coordinate_RF,200,146,0.7356246145330636,1.083082914352417
EXP010,200,146,0.623469065795732,0.03526115417480469
EXPF,200,146,0.6495344240612753,0.07105827331542969
ASTRA_AGF,5,147,0.6515208142769509,0.6719002723693848
Coordinate_RF,5,147,0.658812449176313,0.701934814453125
EXP010,5,147,0.6155239611385148,0.01961970329284668
EXPF,5,147,0.568822700974104,0.04890704154968262
ASTRA_AGF,25,147,0.6875948736440013,0.7886970043182373
Coordinate_RF,25,147,0.6969574645673434,0.8335959911346436
EXP010,25,147,0.6194627383937055,0.020444393157958984
EXPF,25,147,0.6605736121274106,0.06755328178405762
ASTRA_AGF,50,147,0.692178858211749,0.8533508777618408
Coordinate_RF,50,147,0.6972223782410489,0.9371883869171143
EXP010,50,147,0.6143579945671802,0.024111509323120117
EXPF,50,147,0.6465677600503975,0.07186698913574219
ASTRA_AGF,100,147,0.7118419594493614,0.8848166465759277
Coordinate_RF,100,147,0.7179828515486896,0.910454273223877
EXP010,100,147,0.6178822520076866,0.02868175506591797
EXPF,100,147,0.6489092709681081,0.07218003273010254
ASTRA_AGF,200,147,0.7287439420664232,1.1166911125183105
Coordinate_RF,200,147,0.7434634278029324,1.0892553329467773
EXP010,200,147,0.618140302566374,0.024742603302001953
EXPF,200,147,0.6545968977113298,0.06598687171936035
ASTRA_AGF,5,148,0.6244394575902837,0.7133166790008545
Coordinate_RF,5,148,0.6258167700024517,0.6828832626342773
EXP010,5,148,0.5301437129221558,0.019340038299560547
EXPF,5,148,0.5030978306855107,0.04367661476135254
ASTRA_AGF,25,148,0.6793331131649453,0.7659525871276855
Coordinate_RF,25,148,0.6822620253555319,0.7912716865539551
EXP010,25,148,0.6197091837466557,0.021941661834716797
EXPF,25,148,0.6526118864328542,0.11078238487243652
ASTRA_AGF,50,148,0.6903169289278019,0.8328373432159424
Coordinate_RF,50,148,0.6982208147392662,0.8587291240692139
EXP010,50,148,0.6149762759264463,0.03032970428466797
EXPF,50,148,0.6498236356274543,0.07910537719726562
ASTRA_AGF,100,148,0.7175334119536538,0.884810209274292
Coordinate_RF,100,148,0.729718752872929,0.9132447242736816
EXP010,100,148,0.6219289719089035,0.01995849609375
EXPF,100,148,0.6583618720751929,0.07463717460632324
ASTRA_AGF,200,148,0.7318873569542138,1.1684765815734863
Coordinate_RF,200,148,0.7510540681316136,1.0729358196258545
EXP010,200,148,0.6193799335124268,0.02451348304748535
EXPF,200,148,0.6524998834323387,0.08433842658996582
ASTRA_AGF,5,149,0.6654450650282173,0.7304348945617676
Coordinate_RF,5,149,0.6642878027587461,0.6547975540161133
EXP010,5,149,0.5977099403696917,0.018992185592651367
EXPF,5,149,0.5754935712795225,0.04635810852050781
ASTRA_AGF,25,149,0.6853826551311013,0.7746810913085938
Coordinate_RF,25,149,0.6904983081648751,0.8032467365264893
EXP010,25,149,0.60881239376057,0.025908946990966797
EXPF,25,149,0.6421078823804525,0.0748138427734375
ASTRA_AGF,50,149,0.6928943210331908,0.9057683944702148
Coordinate_RF,50,149,0.713732306648454,0.8475055694580078
EXP010,50,149,0.6156330286407772,0.026026487350463867
EXPF,50,149,0.648334255614999,0.06840991973876953
ASTRA_AGF,100,149,0.7179111234045049,0.957988977432251
Coordinate_RF,100,149,0.7367329198115496,0.89640212059021
EXP010,100,149,0.6239565710092321,0.028057098388671875
EXPF,100,149,0.6517522184730079,0.06696152687072754
ASTRA_AGF,200,149,0.7372820233031159,1.0969629287719727
Coordinate_RF,200,149,0.7520385785088051,1.0843560695648193
EXP010,200,149,0.6281296441238492,0.033743858337402344
EXPF,200,149,0.6593169244179151,0.078857421875
ASTRA_AGF,5,150,0.657989941206662,0.7411167621612549
Coordinate_RF,5,150,0.6600691430699175,0.7331140041351318
EXP010,5,150,0.5802017455116955,0.01938462257385254
EXPF,5,150,0.504597790930519,0.04665946960449219
ASTRA_AGF,25,150,0.6853557441041616,0.7606410980224609
Coordinate_RF,25,150,0.6873165665161061,0.7647476196289062
EXP010,25,150,0.6318779974226366,0.02600240707397461
EXPF,25,150,0.6481148153178508,0.07049322128295898
ASTRA_AGF,50,150,0.6963584942824579,0.8786256313323975
Coordinate_RF,50,150,0.7122594038660734,0.9132132530212402
EXP010,50,150,0.6157207547164077,0.02696514129638672
EXPF,50,150,0.6566010385868469,0.0719454288482666
ASTRA_AGF,100,150,0.726459358378848,1.0234200954437256
Coordinate_RF,100,150,0.7389086062900199,0.9179644584655762
EXP010,100,150,0.6200713022755066,0.021423816680908203
EXPF,100,150,0.6580385848208624,0.08014202117919922
ASTRA_AGF,200,150,0.7408510016871647,1.1100564002990723
Coordinate_RF,200,150,0.756203239870381,1.09321928024292
EXP010,200,150,0.625068314988458,0.024851083755493164
EXPF,200,150,0.6618758519084481,0.07804751396179199
ASTRA_AGF,5,151,0.6640972984885872,0.7242739200592041
Coordinate_RF,5,151,0.6645430348429638,0.6876366138458252
EXP010,5,151,0.5907729029113223,0.025143861770629883
EXPF,5,151,0.5706451579049546,0.051894187927246094
ASTRA_AGF,25,151,0.6695870795444564,0.7928128242492676
Coordinate_RF,25,151,0.6769871011033303,0.8129591941833496
EXP010,25,151,0.6006019974954946,0.02179098129272461
EXPF,25,151,0.6342611386065757,0.0664212703704834
ASTRA_AGF,50,151,0.6981114728372366,0.9252245426177979
Coordinate_RF,50,151,0.7166207129180834,0.8973140716552734
EXP010,50,151,0.6209831911906346,0.026335954666137695
EXPF,50,151,0.654609254997892,0.07326126098632812
ASTRA_AGF,100,151,0.716989466879057,0.974884033203125
Coordinate_RF,100,151,0.7333206875790601,0.9020378589630127
EXP010,100,151,0.6192096309757322,0.022803306579589844
EXPF,100,151,0.6520565433721583,0.0813302993774414
ASTRA_AGF,200,151,0.7401664398469896,1.1303131580352783
Coordinate_RF,200,151,0.7590686647828578,1.0932104587554932
EXP010,200,151,0.6293675322354788,0.021190881729125977
EXPF,200,151,0.6638010574874531,0.0859224796295166
ASTRA_AGF,5,152,0.664982764301224,0.722909688949585
Coordinate_RF,5,152,0.6627370941269818,0.7172956466674805
EXP010,5,152,0.5717737722720562,0.024541378021240234
EXPF,5,152,0.5694595268936,0.05123257637023926
ASTRA_AGF,25,152,0.690570522989622,0.844475269317627
Coordinate_RF,25,152,0.6989739410480983,0.8162128925323486
EXP010,25,152,0.6174000889454929,0.01986241340637207
EXPF,25,152,0.6492985415977596,0.0727076530456543
ASTRA_AGF,50,152,0.7040411907555356,0.8499488830566406
Coordinate_RF,50,152,0.7132297631457181,0.8205440044403076
EXP010,50,152,0.6162665170990695,0.024061203002929688
EXPF,50,152,0.6456488055874108,0.08578944206237793
ASTRA_AGF,100,152,0.7174844060455118,0.948218822479248
Coordinate_RF,100,152,0.7284575238145341,0.9297745227813721
EXP010,100,152,0.6184022161022122,0.03539443016052246
EXPF,100,152,0.6520878010481006,0.08027386665344238
ASTRA_AGF,200,152,0.7274736641845075,1.0821056365966797
Coordinate_RF,200,152,0.7428745764476313,1.078110694885254
EXP010,200,152,0.6250149473654395,0.020006656646728516
EXPF,200,152,0.6600125617833891,0.07888197898864746
ASTRA_AGF,5,153,0.6335602750757661,0.71639084815979
Coordinate_RF,5,153,0.6290268486745147,0.7096924781799316
EXP010,5,153,0.5441129076230834,0.024869441986083984
EXPF,5,153,0.4674926066907275,0.04974770545959473
ASTRA_AGF,25,153,0.6804064516460321,0.8063979148864746
Coordinate_RF,25,153,0.6768074687822621,0.7823295593261719
EXP010,25,153,0.5971674147308478,0.02455449104309082
EXPF,25,153,0.6099800332274404,0.08118796348571777
ASTRA_AGF,50,153,0.6895059551266373,0.8175764083862305
Coordinate_RF,50,153,0.6939519882929391,0.8450112342834473
EXP010,50,153,0.6092000513787409,0.024342060089111328
EXPF,50,153,0.6245719217815121,0.08304119110107422
ASTRA_AGF,100,153,0.7165958538660145,0.9213740825653076
Coordinate_RF,100,153,0.7408650101008436,0.9882137775421143
EXP010,100,153,0.6215170359722361,0.041359663009643555
EXPF,100,153,0.6527593849935389,0.10764360427856445
ASTRA_AGF,200,153,0.7328571197101679,1.098440408706665
Coordinate_RF,200,153,0.7563343610898221,1.0663669109344482
EXP010,200,153,0.6232735639205571,0.02923130989074707
EXPF,200,153,0.6598565164603767,0.09289765357971191
ASTRA_AGF,5,154,0.6554111819743683,0.6539247035980225
Coordinate_RF,5,154,0.6555239954410392,0.7292327880859375
EXP010,5,154,0.5605548542409211,0.01814889907836914
EXPF,5,154,0.5819770330284864,0.047731876373291016
ASTRA_AGF,25,154,0.6876904972299986,0.8309650421142578
Coordinate_RF,25,154,0.6880380863692164,0.7825586795806885
EXP010,25,154,0.608345666721274,0.03597116470336914
EXPF,25,154,0.6396713142260123,0.0879371166229248
ASTRA_AGF,50,154,0.7042487345753747,0.846717357635498
Coordinate_RF,50,154,0.7185180467036116,0.8486001491546631
EXP010,50,154,0.6205696532384739,0.029048681259155273
EXPF,50,154,0.6509365182343443,0.0848536491394043
ASTRA_AGF,100,154,0.7083152339866169,0.9341034889221191
Coordinate_RF,100,154,0.7232578476616616,0.9750721454620361
EXP010,100,154,0.6260717317833261,0.02996039390563965
EXPF,100,154,0.6612969942967494,0.10098528861999512
ASTRA_AGF,200,154,0.7280855332969604,1.1308956146240234
Coordinate_RF,200,154,0.7431982472337918,1.0995378494262695
EXP010,200,154,0.6247294483605069,0.026082515716552734
EXPF,200,154,0.6624013897748309,0.08144164085388184
ASTRA_AGF,5,155,0.6474995630827614,0.6692800521850586
Coordinate_RF,5,155,0.6555900672545028,0.7217748165130615
EXP010,5,155,0.6211868218467886,0.01620197296142578
EXPF,5,155,0.5544671833850201,0.05619382858276367
ASTRA_AGF,25,155,0.6831200854254198,0.830054759979248
Coordinate_RF,25,155,0.6886249297405365,0.8544747829437256
EXP010,25,155,0.6117843198369902,0.02911853790283203
EXPF,25,155,0.6286375622848636,0.08073544502258301
ASTRA_AGF,50,155,0.6894729575415449,0.8257193565368652
Coordinate_RF,50,155,0.6974103144167576,0.8253214359283447
EXP010,50,155,0.6183405541985094,0.021964073181152344
EXPF,50,155,0.6398139801130942,0.07793307304382324
ASTRA_AGF,100,155,0.7090164108716623,0.9577269554138184
Coordinate_RF,100,155,0.7191048990521802,0.9736926555633545
EXP010,100,155,0.6179516629970137,0.01992940902709961
EXPF,100,155,0.6468028371022541,0.07192373275756836
ASTRA_AGF,200,155,0.7304735073598897,1.101050615310669
Coordinate_RF,200,155,0.7511255147284962,1.0963830947875977
EXP010,200,155,0.6115631653561566,0.0257112979888916
EXPF,200,155,0.6497253759578591,0.08179020881652832
ASTRA_AGF,5,156,0.6390054341060322,0.6668305397033691
Coordinate_RF,5,156,0.6398408081473518,0.7767436504364014
EXP010,5,156,0.5962760300848089,0.02201676368713379
EXPF,5,156,0.49952307171683485,0.040975093841552734
ASTRA_AGF,25,156,0.6707626174409775,0.8972492218017578
Coordinate_RF,25,156,0.6730164999764112,0.8129913806915283
EXP010,25,156,0.6031435340690748,0.02856731414794922
EXPF,25,156,0.6263911202129278,0.06960892677307129
ASTRA_AGF,50,156,0.6806210814523357,0.8720996379852295
Coordinate_RF,50,156,0.6906540739638705,0.8383283615112305
EXP010,50,156,0.6098173656181693,0.027942419052124023
EXPF,50,156,0.6457358777981941,0.08124494552612305
ASTRA_AGF,100,156,0.6934913730418135,0.9016079902648926
Coordinate_RF,100,156,0.7134999840823804,0.9521775245666504
EXP010,100,156,0.6220290515186754,0.025835037231445312
EXPF,100,156,0.6500604108399782,0.07623434066772461
ASTRA_AGF,200,156,0.7396578007823048,1.064640998840332
Coordinate_RF,200,156,0.7509104514181938,1.0851304531097412
EXP010,200,156,0.624620935356303,0.0342860221862793
EXPF,200,156,0.6616601115363477,0.08082318305969238
ASTRA_AGF,5,157,0.6422433279768038,0.7222459316253662
Coordinate_RF,5,157,0.6401149271126972,0.6635358333587646
EXP010,5,157,0.5130411191900849,0.01625204086303711
EXPF,5,157,0.5813778865081431,0.04702472686767578
ASTRA_AGF,25,157,0.6811372423261155,0.8528344631195068
Coordinate_RF,25,157,0.6881934152215825,0.8528165817260742
EXP010,25,157,0.5960725385483031,0.0212709903717041
EXPF,25,157,0.639107443434576,0.07535290718078613
ASTRA_AGF,50,157,0.7029835613273816,0.8241932392120361
Coordinate_RF,50,157,0.696175858744399,0.8240790367126465
EXP010,50,157,0.6147738517655464,0.024436473846435547
EXPF,50,157,0.6437944778030236,0.07690048217773438
ASTRA_AGF,100,157,0.7108939471972069,0.9557805061340332
Coordinate_RF,100,157,0.7185013792174209,0.8942577838897705
EXP010,100,157,0.6156108495109437,0.02218770980834961
EXPF,100,157,0.6467763217706244,0.08114767074584961
ASTRA_AGF,200,157,0.7328227305854613,1.1447219848632812
Coordinate_RF,200,157,0.7470476635651926,1.0820930004119873
EXP010,200,157,0.6234252344024818,0.02601337432861328
EXPF,200,157,0.6590767418507615,0.08071041107177734
ASTRA_AGF,5,158,0.6345617074959498,0.6696596145629883
Coordinate_RF,5,158,0.634126648364098,0.7277333736419678
EXP010,5,158,0.526105853012362,0.023166894912719727
EXPF,5,158,0.46469724338895047,0.046274423599243164
ASTRA_AGF,25,158,0.6531071366312908,0.8127491474151611
Coordinate_RF,25,158,0.654054573240307,0.8548648357391357
EXP010,25,158,0.6158301059090041,0.028264760971069336
EXPF,25,158,0.6216431064878571,0.07707810401916504
ASTRA_AGF,50,158,0.6951694987832707,0.8228602409362793
Coordinate_RF,50,158,0.7021405824704356,0.839972972869873
EXP010,50,158,0.6238762971832578,0.021147966384887695
EXPF,50,158,0.639844921645088,0.06983256340026855
ASTRA_AGF,100,158,0.7176296647297978,0.9085209369659424
Coordinate_RF,100,158,0.7336798469081955,0.879688024520874
EXP010,100,158,0.6278042102509548,0.03301215171813965
EXPF,100,158,0.6504958573899595,0.07453417778015137
ASTRA_AGF,200,158,0.7421300377367759,1.139383316040039
Coordinate_RF,200,158,0.7566569553940126,1.053807020187378
EXP010,200,158,0.6232609823124244,0.02314162254333496
EXPF,200,158,0.6566446361961689,0.07874107360839844
ASTRA_AGF,5,159,0.6405278375213349,0.6532695293426514
Coordinate_RF,5,159,0.6420299188888854,0.6633365154266357
EXP010,5,159,0.5663077085808372,0.0233156681060791
EXPF,5,159,0.5444373582469508,0.0399317741394043
ASTRA_AGF,25,159,0.6782484984719395,0.8093612194061279
Coordinate_RF,25,159,0.6849439853451293,0.8280370235443115
EXP010,25,159,0.5752435724551643,0.019835233688354492
EXPF,25,159,0.6094762522320462,0.07800817489624023
ASTRA_AGF,50,159,0.6914909471956621,0.8663082122802734
Coordinate_RF,50,159,0.6977820770521325,0.833195686340332
EXP010,50,159,0.5853707269099964,0.02106189727783203
EXPF,50,159,0.625889833640737,0.07342028617858887
ASTRA_AGF,100,159,0.7169612460873224,0.8795878887176514
Coordinate_RF,100,159,0.7294011977559481,0.9500207901000977
EXP010,100,159,0.6063259094364113,0.02317023277282715
EXPF,100,159,0.6524459872324538,0.06895995140075684
ASTRA_AGF,200,159,0.7360109139217513,1.0862536430358887
Coordinate_RF,200,159,0.74868773107442,1.1218540668487549
EXP010,200,159,0.6181794398130739,0.027724027633666992
EXPF,200,159,0.6632207450850091,0.07267141342163086
ASTRA_AGF,5,160,0.661411690670821,0.6688389778137207
Coordinate_RF,5,160,0.6613090055554148,0.6907908916473389
EXP010,5,160,0.6064300123463379,0.01564931869506836
EXPF,5,160,0.5492051065594572,0.04105544090270996
ASTRA_AGF,25,160,0.6707441184548495,0.8180499076843262
Coordinate_RF,25,160,0.6825053064858638,0.8093583583831787
EXP010,25,160,0.6260022472230413,0.025337934494018555
EXPF,25,160,0.6373285657754779,0.07277178764343262
ASTRA_AGF,50,160,0.6981949216462464,0.8817360401153564
Coordinate_RF,50,160,0.7009803731409759,0.8575401306152344
EXP010,50,160,0.625220013084095,0.027446985244750977
EXPF,50,160,0.6442179642559485,0.07307577133178711
ASTRA_AGF,100,160,0.7142694069698222,0.8913910388946533
Coordinate_RF,100,160,0.7284014894620823,0.9073660373687744
EXP010,100,160,0.625745249049165,0.0231781005859375
EXPF,100,160,0.6565821211356707,0.0850214958190918
ASTRA_AGF,200,160,0.7269837988089709,1.1335604190826416
Coordinate_RF,200,160,0.7443443275878496,1.1322059631347656
EXP010,200,160,0.6220675176296099,0.02828526496887207
EXPF,200,160,0.6574652907014109,0.07354331016540527
ASTRA_AGF,5,161,0.6578136684561505,0.6826493740081787
Coordinate_RF,5,161,0.6597620400978436,0.6766946315765381
EXP010,5,161,0.5826838445677152,0.015292644500732422
EXPF,5,161,0.5909469532192495,0.04671788215637207
ASTRA_AGF,25,161,0.6598786829015899,0.7781383991241455
Coordinate_RF,25,161,0.6738526913493503,0.81870436668396
EXP010,25,161,0.6295193246088413,0.026939868927001953
EXPF,25,161,0.6531826074974061,0.07275605201721191
ASTRA_AGF,50,161,0.689783318806278,0.9231400489807129
Coordinate_RF,50,161,0.6931668252621972,0.8514747619628906
EXP010,50,161,0.6232478226097248,0.024109840393066406
EXPF,50,161,0.6506903285156135,0.06778621673583984
ASTRA_AGF,100,161,0.7056137233625881,0.9153659343719482
Coordinate_RF,100,161,0.7186856337317099,0.913916826248169
EXP010,100,161,0.6206296625480889,0.025607585906982422
EXPF,100,161,0.6483843628421837,0.07863140106201172
ASTRA_AGF,200,161,0.7327549096239147,1.1047823429107666
Coordinate_RF,200,161,0.7471703911031907,1.207468032836914
EXP010,200,161,0.6206732267932331,0.03053116798400879
EXPF,200,161,0.6577772111626924,0.0736696720123291
ASTRA_AGF,5,162,0.6553977498034071,0.660151481628418
Coordinate_RF,5,162,0.6544332261724884,0.6996679306030273
EXP010,5,162,0.6063045451240383,0.0158843994140625
EXPF,5,162,0.5920954684342825,0.04915452003479004
ASTRA_AGF,25,162,0.6694413597814003,0.8493590354919434
Coordinate_RF,25,162,0.669332467018747,0.8026208877563477
EXP010,25,162,0.589346737473911,0.025989770889282227
EXPF,25,162,0.6264767469314063,0.0831451416015625
ASTRA_AGF,50,162,0.6710066479766164,0.9658610820770264
Coordinate_RF,50,162,0.68566348023259,0.8498580455780029
EXP010,50,162,0.614592642570915,0.02582836151123047
EXPF,50,162,0.6308191549631695,0.08497858047485352
ASTRA_AGF,100,162,0.7071801545852319,0.9002842903137207
Coordinate_RF,100,162,0.7210692172925974,0.9909207820892334
EXP010,100,162,0.624952705125789,0.027926921844482422
EXPF,100,162,0.65404025395095,0.07068848609924316
ASTRA_AGF,200,162,0.7336728822864281,1.0739967823028564
Coordinate_RF,200,162,0.7471106074135204,1.173893928527832
EXP010,200,162,0.6261057072581336,0.03398394584655762
EXPF,200,162,0.6573382785718472,0.07233619689941406
ASTRA_AGF,5,163,0.6448309772605361,0.6710629463195801
Coordinate_RF,5,163,0.648929645642416,0.669886589050293
EXP010,5,163,0.5932807373592022,0.020107746124267578
EXPF,5,163,0.6090912747932774,0.05204415321350098
ASTRA_AGF,25,163,0.6818293535194536,0.7973573207855225
Coordinate_RF,25,163,0.6898574179494167,0.7874367237091064
EXP010,25,163,0.5886174742943084,0.027302026748657227
EXPF,25,163,0.6040990696404303,0.0773305892944336
ASTRA_AGF,50,163,0.6920379349749166,0.8632690906524658
Coordinate_RF,50,163,0.7041897030733472,0.9015202522277832
EXP010,50,163,0.5959704920537748,0.026042699813842773
EXPF,50,163,0.6335123062610993,0.08252716064453125
ASTRA_AGF,100,163,0.712111668308302,0.8999791145324707
Coordinate_RF,100,163,0.7292686744136692,0.9076075553894043
EXP010,100,163,0.6231737507235948,0.020859479904174805
EXPF,100,163,0.6643748200332974,0.07232332229614258
ASTRA_AGF,200,163,0.7337134692865157,1.0819475650787354
Coordinate_RF,200,163,0.749970302895005,1.1702890396118164
EXP010,200,163,0.6247046867426239,0.027913331985473633
EXPF,200,163,0.662028681240014,0.07045769691467285
ASTRA_AGF,5,164,0.6422342472223791,0.6638915538787842
Coordinate_RF,5,164,0.6410064906503432,0.6866974830627441
EXP010,5,164,0.579778664841713,0.017373323440551758
EXPF,5,164,0.5205422470378851,0.04524970054626465
ASTRA_AGF,25,164,0.6821940367024015,0.7915434837341309
Coordinate_RF,25,164,0.6848077345033505,0.8425211906433105
EXP010,25,164,0.6150026531880228,0.022684574127197266
EXPF,25,164,0.6372904528686637,0.07530689239501953
ASTRA_AGF,50,164,0.7087308737235148,0.8631882667541504
Coordinate_RF,50,164,0.7125911028365061,0.8905696868896484
EXP010,50,164,0.6159769148687776,0.034275054931640625
EXPF,50,164,0.6453566579902854,0.0932164192199707
ASTRA_AGF,100,164,0.7150338288189922,0.8795313835144043
Coordinate_RF,100,164,0.7284659083285441,0.8979125022888184
EXP010,100,164,0.6150598467276984,0.026553869247436523
EXPF,100,164,0.6527513018812919,0.07625102996826172
ASTRA_AGF,200,164,0.7414856545433135,1.1018052101135254
Coordinate_RF,200,164,0.7596078747361426,1.1004140377044678
EXP010,200,164,0.62267100273053,0.02094435691833496
EXPF,200,164,0.6581621335572077,0.07842707633972168
ASTRA_AGF,5,165,0.6598090585769325,0.6783521175384521
Coordinate_RF,5,165,0.6601349603574018,0.6622228622436523
EXP010,5,165,0.5675256962587063,0.02237224578857422
EXPF,5,165,0.5990693222937056,0.04909253120422363
ASTRA_AGF,25,165,0.6663949406043661,0.7912898063659668
Coordinate_RF,25,165,0.6781737637761374,0.8920936584472656
EXP010,25,165,0.6154589529238268,0.030462265014648438
EXPF,25,165,0.6361111325415348,0.07844781875610352
ASTRA_AGF,50,165,0.7027747954942881,0.8278193473815918
Coordinate_RF,50,165,0.7218951637236922,0.9548141956329346
EXP010,50,165,0.6273919605315597,0.023067712783813477
EXPF,50,165,0.656430755122182,0.07325530052185059
ASTRA_AGF,100,165,0.7219236182325397,0.8952353000640869
Coordinate_RF,100,165,0.7351512121102092,0.8956539630889893
EXP010,100,165,0.6292398420541994,0.027053117752075195
EXPF,100,165,0.657712644525544,0.07807421684265137
ASTRA_AGF,200,165,0.7427790761799251,1.1330986022949219
Coordinate_RF,200,165,0.753300486930658,1.1099021434783936
EXP010,200,165,0.6286764651975456,0.023207902908325195
EXPF,200,165,0.6630173480339339,0.08166146278381348
ASTRA_AGF,5,166,0.6488515895918581,0.7512199878692627
Coordinate_RF,5,166,0.6480661389149367,0.693861722946167
EXP010,5,166,0.5983100283868844,0.016560792922973633
EXPF,5,166,0.5007092355294556,0.05588698387145996
ASTRA_AGF,25,166,0.6809235693611875,0.7846212387084961
Coordinate_RF,25,166,0.6928336183449546,0.846860408782959
EXP010,25,166,0.6250809311130233,0.027855873107910156
EXPF,25,166,0.6446947979102989,0.09853434562683105
ASTRA_AGF,50,166,0.682223963922421,0.8188447952270508
Coordinate_RF,50,166,0.6907021367401337,0.8777689933776855
EXP010,50,166,0.619866697168464,0.03197479248046875
EXPF,50,166,0.6402612455371044,0.143937349319458
ASTRA_AGF,100,166,0.6966170489854522,0.8779563903808594
Coordinate_RF,100,166,0.720676070694839,0.898190975189209
EXP010,100,166,0.6220627444522029,0.03192496299743652
EXPF,100,166,0.6414292591907844,0.07542681694030762
ASTRA_AGF,200,166,0.7298353515144816,1.1012206077575684
Coordinate_RF,200,166,0.7511920825455526,1.1645753383636475
EXP010,200,166,0.6244146946326747,0.025626182556152344
EXPF,200,166,0.652134036589413,0.0825347900390625
ASTRA_AGF,5,167,0.6373632101430771,0.7408766746520996
Coordinate_RF,5,167,0.6324964623201613,0.7091348171234131
EXP010,5,167,0.5961493931047872,0.024404525756835938
EXPF,5,167,0.5652315109488301,0.0632319450378418
ASTRA_AGF,25,167,0.6722287129499883,0.8238601684570312
Coordinate_RF,25,167,0.6669114925244428,0.8028395175933838
EXP010,25,167,0.6162580175934103,0.03403282165527344
EXPF,25,167,0.6322308371760899,0.10361623764038086
ASTRA_AGF,50,167,0.6940372368472023,0.8164999485015869
Coordinate_RF,50,167,0.6981304330040232,0.8448657989501953
EXP010,50,167,0.6208493024676349,0.027437210083007812
EXPF,50,167,0.6460492335150156,0.08074569702148438
ASTRA_AGF,100,167,0.719175666646104,0.8949601650238037
Coordinate_RF,100,167,0.7343598010389215,0.9010653495788574
EXP010,100,167,0.6273366565488476,0.02705240249633789
EXPF,100,167,0.6575268562933332,0.08366751670837402
ASTRA_AGF,200,167,0.723884583155125,1.1444225311279297
Coordinate_RF,200,167,0.7426033495812315,1.0940651893615723
EXP010,200,167,0.6257817183335841,0.025014877319335938
EXPF,200,167,0.6585030157171514,0.07419085502624512
ASTRA_AGF,5,168,0.6448639430052993,0.7503583431243896
Coordinate_RF,5,168,0.648507636584255,0.6846344470977783
EXP010,5,168,0.6162590426377926,0.03061366081237793
EXPF,5,168,0.6210712951774968,0.05125927925109863
ASTRA_AGF,25,168,0.6829408767541901,0.7754566669464111
Coordinate_RF,25,168,0.6896577605514059,0.789618968963623
EXP010,25,168,0.6179482673643876,0.02564239501953125
EXPF,25,168,0.657665836720456,0.08568835258483887
ASTRA_AGF,50,168,0.7011349470732857,0.8782157897949219
Coordinate_RF,50,168,0.7109973047783879,0.8710203170776367
EXP010,50,168,0.6293407346639454,0.02592182159423828
EXPF,50,168,0.6631850529334422,0.08026719093322754
ASTRA_AGF,100,168,0.7199599821850986,0.9550533294677734
Coordinate_RF,100,168,0.740360893600161,0.8986413478851318
EXP010,100,168,0.6275295021126629,0.03669595718383789
EXPF,100,168,0.6599385136118928,0.09520316123962402
ASTRA_AGF,200,168,0.7311118949262065,1.0802712440490723
Coordinate_RF,200,168,0.7483794825850898,1.1108005046844482
EXP010,200,168,0.6248794396414002,0.026488542556762695
EXPF,200,168,0.6589401010898048,0.08734536170959473
ASTRA_AGF,5,169,0.620586084532149,0.7230253219604492
Coordinate_RF,5,169,0.6222085805727885,0.7067086696624756
EXP010,5,169,0.5434333282970767,0.01627349853515625
EXPF,5,169,0.4958394939323767,0.04546475410461426
ASTRA_AGF,25,169,0.6680303694870675,0.767564058303833
Coordinate_RF,25,169,0.6645368285424804,0.7986085414886475
EXP010,25,169,0.6109410775490152,0.020830154418945312
EXPF,25,169,0.6324904544742117,0.07828640937805176
ASTRA_AGF,50,169,0.6852913408642415,0.8738644123077393
Coordinate_RF,50,169,0.6984976269617406,0.8321974277496338
EXP010,50,169,0.6140041245942958,0.03273582458496094
EXPF,50,169,0.6376822589412579,0.07347393035888672
ASTRA_AGF,100,169,0.7148303417780985,0.9478962421417236
Coordinate_RF,100,169,0.7228335078516666,0.9111824035644531
EXP010,100,169,0.6188760975384979,0.03246474266052246
EXPF,100,169,0.6515415411386873,0.07622480392456055
ASTRA_AGF,200,169,0.7367459568407744,1.0663228034973145
Coordinate_RF,200,169,0.7563862501775656,1.119584083557129
EXP010,200,169,0.6241956539964091,0.02413177490234375
EXPF,200,169,0.6603924824283235,0.07003593444824219
ASTRA_AGF,5,170,0.6530961877868553,0.7052230834960938
Coordinate_RF,5,170,0.6551150733386063,0.688929557800293
EXP010,5,170,0.5844903382734493,0.020161867141723633
EXPF,5,170,0.5617161097358492,0.05581164360046387
ASTRA_AGF,25,170,0.6815710404089622,0.7826147079467773
Coordinate_RF,25,170,0.692181256482895,0.7992303371429443
EXP010,25,170,0.6216091152167333,0.02521657943725586
EXPF,25,170,0.6514352547229239,0.0885305404663086
ASTRA_AGF,50,170,0.7082043451714684,0.8985388278961182
Coordinate_RF,50,170,0.7165050864050984,0.80924391746521
EXP010,50,170,0.6225095689566187,0.03378605842590332
EXPF,50,170,0.6538480656792226,0.0770728588104248
ASTRA_AGF,100,170,0.7220908483200725,0.9961426258087158
Coordinate_RF,100,170,0.7375786594686391,0.8801000118255615
EXP010,100,170,0.6164544263474383,0.0211794376373291
EXPF,100,170,0.6528241735314084,0.07631564140319824
ASTRA_AGF,200,170,0.7333336165643979,1.054563045501709
Coordinate_RF,200,170,0.7488380700454101,1.1263642311096191
EXP010,200,170,0.6223539614208563,0.022648096084594727
EXPF,200,170,0.6581855149053822,0.07419824600219727
ASTRA_AGF,5,171,0.6373866735081795,0.679591178894043
Coordinate_RF,5,171,0.6360444590754553,0.7564413547515869
EXP010,5,171,0.5366125578837178,0.06676864624023438
EXPF,5,171,0.5074643338994881,0.05240917205810547
ASTRA_AGF,25,171,0.6732190526011101,0.7926058769226074
Coordinate_RF,25,171,0.6758868281230088,0.8095452785491943
EXP010,25,171,0.5984684569166855,0.02703261375427246
EXPF,25,171,0.6179136483992593,0.0774238109588623
ASTRA_AGF,50,171,0.6927672714346244,0.825244665145874
Coordinate_RF,50,171,0.6979135119884632,0.9663841724395752
EXP010,50,171,0.6175107630239327,0.027864456176757812
EXPF,50,171,0.6511665565817651,0.09215903282165527
ASTRA_AGF,100,171,0.7123547815698593,1.0012929439544678
Coordinate_RF,100,171,0.7222924164434342,0.9018826484680176
EXP010,100,171,0.6229061256894683,0.025928258895874023
EXPF,100,171,0.6555169634839093,0.10321426391601562
ASTRA_AGF,200,171,0.7345650874944273,1.114989995956421
Coordinate_RF,200,171,0.7482053239558859,1.1673758029937744
EXP010,200,171,0.6245864305164947,0.022942066192626953
EXPF,200,171,0.6585711887774014,0.07745718955993652
ASTRA_AGF,5,172,0.6611160222530921,0.6847777366638184
Coordinate_RF,5,172,0.6642649347625159,0.8457646369934082
EXP010,5,172,0.5916390041643287,0.02371048927307129
EXPF,5,172,0.5708159200910606,0.04486227035522461
ASTRA_AGF,25,172,0.6886184230077163,0.7689111232757568
Coordinate_RF,25,172,0.6972568282873093,0.7999351024627686
EXP010,25,172,0.6240102904739316,0.03130960464477539
EXPF,25,172,0.6430578659575656,0.08093547821044922
ASTRA_AGF,50,172,0.7123289655555767,0.8204562664031982
Coordinate_RF,50,172,0.7208952110202371,0.8946428298950195
EXP010,50,172,0.6255013661149602,0.027510881423950195
EXPF,50,172,0.6512173058362891,0.07490754127502441
ASTRA_AGF,100,172,0.7152937335956896,1.0606534481048584
Coordinate_RF,100,172,0.7349406098366602,0.8983020782470703
EXP010,100,172,0.6199218154205601,0.021116018295288086
EXPF,100,172,0.6467389137886645,0.07458758354187012
ASTRA_AGF,200,172,0.7356506421600263,1.0664377212524414
Coordinate_RF,200,172,0.7482075483969317,1.1398367881774902
EXP010,200,172,0.6255316390875633,0.0240933895111084
EXPF,200,172,0.6542450386963573,0.06340503692626953
ASTRA_AGF,5,173,0.6411362498865888,0.6813023090362549
Coordinate_RF,5,173,0.6392713787717297,0.748784065246582
EXP010,5,173,0.5864572949705573,0.024324893951416016
EXPF,5,173,0.5710972597928741,0.06816744804382324
ASTRA_AGF,25,173,0.6718936650091697,0.7821807861328125
Coordinate_RF,25,173,0.6747491127873929,0.8096151351928711
EXP010,25,173,0.6010846446010731,0.03381824493408203
EXPF,25,173,0.6369858172184827,0.0863656997680664
ASTRA_AGF,50,173,0.6822245037671874,0.897691011428833
Coordinate_RF,50,173,0.6992191739250303,0.8403151035308838
EXP010,50,173,0.6182261108593267,0.03607940673828125
EXPF,50,173,0.651132406469957,0.08811330795288086
ASTRA_AGF,100,173,0.7250723698991624,0.9529943466186523
Coordinate_RF,100,173,0.7374259219077275,0.9512953758239746
EXP010,100,173,0.6218595145184637,0.030243873596191406
EXPF,100,173,0.6535176028888496,0.07698678970336914
ASTRA_AGF,200,173,0.7379906801102855,1.132840633392334
Coordinate_RF,200,173,0.7564698158684421,1.1417689323425293
EXP010,200,173,0.6228127452530848,0.03102564811706543
EXPF,200,173,0.6596080526555705,0.08038687705993652
ASTRA_AGF,5,174,0.6663846024320091,0.7097783088684082
Coordinate_RF,5,174,0.6642863943746045,0.7656059265136719
EXP010,5,174,0.5910295614278299,0.019469738006591797
EXPF,5,174,0.613770507226412,0.07137751579284668
ASTRA_AGF,25,174,0.6980868682874823,0.7966108322143555
Coordinate_RF,25,174,0.7002594595193422,0.7993030548095703
EXP010,25,174,0.6169861038011589,0.02351975440979004
EXPF,25,174,0.6639634417401397,0.08213424682617188
ASTRA_AGF,50,174,0.6962117137734694,0.822650671005249
Coordinate_RF,50,174,0.6986511832900408,0.8714332580566406
EXP010,50,174,0.6242031812550612,0.024790287017822266
EXPF,50,174,0.6573365913290263,0.07383418083190918
ASTRA_AGF,100,174,0.7148351311598569,0.9054441452026367
Coordinate_RF,100,174,0.7276461422014928,0.9294764995574951
EXP010,100,174,0.621152047596828,0.02337050437927246
EXPF,100,174,0.6531253328229178,0.07726693153381348
ASTRA_AGF,200,174,0.7231621745260923,1.0948801040649414
Coordinate_RF,200,174,0.7432185655483322,1.1578898429870605
EXP010,200,174,0.6229628826581568,0.02171015739440918
EXPF,200,174,0.6564271014614358,0.07425165176391602
ASTRA_AGF,5,175,0.6439365512931156,0.6858320236206055
Coordinate_RF,5,175,0.6412312343426532,0.6767816543579102
EXP010,5,175,0.5516481540377813,0.023962974548339844
EXPF,5,175,0.46331942375964974,0.051361799240112305
ASTRA_AGF,25,175,0.7013669391567752,0.8297734260559082
Coordinate_RF,25,175,0.7103215069303688,0.8059406280517578
EXP010,25,175,0.6131631056072946,0.025293827056884766
EXPF,25,175,0.6631654072406913,0.08827948570251465
ASTRA_AGF,50,175,0.7088194744087635,0.8158102035522461
Coordinate_RF,50,175,0.7156985314053924,0.8895952701568604
EXP010,50,175,0.6157434207343038,0.02071380615234375
EXPF,50,175,0.651069685407261,0.07660222053527832
ASTRA_AGF,100,175,0.7147866063012409,0.8985531330108643
Coordinate_RF,100,175,0.7318556028219468,0.9470231533050537
EXP010,100,175,0.6187325469986834,0.030843734741210938
EXPF,100,175,0.6559495733903652,0.09740233421325684
ASTRA_AGF,200,175,0.72530643193476,1.1102001667022705
Coordinate_RF,200,175,0.7424894139155168,1.089719295501709
EXP010,200,175,0.6235166756571706,0.02915215492248535
EXPF,200,175,0.6532635460212934,0.08145308494567871
ASTRA_AGF,5,176,0.6212401907533749,0.6667373180389404
Coordinate_RF,5,176,0.6227442834907555,0.7128548622131348
EXP010,5,176,0.5072637220828893,0.024842262268066406
EXPF,5,176,0.4086094268610684,0.05289721488952637
ASTRA_AGF,25,176,0.6945839462747834,0.8443434238433838
Coordinate_RF,25,176,0.7063059660910382,0.7979614734649658
EXP010,25,176,0.6369690250986642,0.0505366325378418
EXPF,25,176,0.6433765508021163,0.09081554412841797
ASTRA_AGF,50,176,0.7162292080930814,0.8445694446563721
Coordinate_RF,50,176,0.7277611002075548,0.8290300369262695
EXP010,50,176,0.6359129335266587,0.024083852767944336
EXPF,50,176,0.6567813508381144,0.07614660263061523
ASTRA_AGF,100,176,0.7272454027996835,0.8862283229827881
Coordinate_RF,100,176,0.7450143196552552,1.009497880935669
EXP010,100,176,0.6340111352380532,0.0272524356842041
EXPF,100,176,0.6568157294655292,0.07476282119750977
ASTRA_AGF,200,176,0.7391514556955604,1.1211473941802979
Coordinate_RF,200,176,0.7556473318409165,1.087679386138916
EXP010,200,176,0.6265210062255618,0.0274813175201416
EXPF,200,176,0.655567442249626,0.07580852508544922
ASTRA_AGF,5,177,0.6518509834811407,0.7116312980651855
Coordinate_RF,5,177,0.651482571610263,0.6606738567352295
EXP010,5,177,0.6030791849825805,0.01876664161682129
EXPF,5,177,0.586987632730823,0.045017242431640625
ASTRA_AGF,25,177,0.6952679671841612,0.8348402976989746
Coordinate_RF,25,177,0.6948960779937311,0.7777268886566162
EXP010,25,177,0.618281752725185,0.020035743713378906
EXPF,25,177,0.6455569494378627,0.08480596542358398
ASTRA_AGF,50,177,0.7119995069797773,0.8084392547607422
Coordinate_RF,50,177,0.7255673959863677,0.8289570808410645
EXP010,50,177,0.618625977166874,0.028894901275634766
EXPF,50,177,0.6544306931634096,0.0802159309387207
ASTRA_AGF,100,177,0.7200055016149434,0.9007742404937744
Coordinate_RF,100,177,0.7358774707725437,0.9963080883026123
EXP010,100,177,0.6155583933357794,0.02287578582763672
EXPF,100,177,0.6508929692820369,0.06588339805603027
ASTRA_AGF,200,177,0.7383225929289118,1.1068129539489746
Coordinate_RF,200,177,0.7570769821728655,1.0990383625030518
EXP010,200,177,0.6244457343574941,0.0305020809173584
EXPF,200,177,0.6584299087156383,0.08710837364196777
ASTRA_AGF,5,178,0.6649044000743056,0.6725215911865234
Coordinate_RF,5,178,0.6657945900817401,0.6995539665222168
EXP010,5,178,0.5949948663588905,0.0206296443939209
EXPF,5,178,0.5843824653869576,0.049320220947265625
ASTRA_AGF,25,178,0.7077440506321644,0.8852572441101074
Coordinate_RF,25,178,0.7094390817747734,0.8075509071350098
EXP010,25,178,0.6093652328059375,0.025606870651245117
EXPF,25,178,0.6432906912571636,0.07869553565979004
ASTRA_AGF,50,178,0.7168107383296544,0.875070333480835
Coordinate_RF,50,178,0.7279774515237099,0.8307034969329834
EXP010,50,178,0.6191529484778964,0.021198749542236328
EXPF,50,178,0.6512378268507513,0.08730673789978027
ASTRA_AGF,100,178,0.7240284025679299,0.9014179706573486
Coordinate_RF,100,178,0.7383392095821051,0.9670133590698242
EXP010,100,178,0.6233360275344759,0.02485799789428711
EXPF,100,178,0.6576027969048918,0.08208894729614258
ASTRA_AGF,200,178,0.7321935634094312,1.1018905639648438
Coordinate_RF,200,178,0.751718346725365,1.0796689987182617
EXP010,200,178,0.6262657576177404,0.025168657302856445
EXPF,200,178,0.662456092339239,0.08005571365356445
ASTRA_AGF,5,179,0.657349898802259,0.6724956035614014
Coordinate_RF,5,179,0.6559347039784367,0.7234048843383789
EXP010,5,179,0.6001756951851238,0.021114110946655273
EXPF,5,179,0.567647800219713,0.048555612564086914
ASTRA_AGF,25,179,0.6815081006999366,0.8294312953948975
Coordinate_RF,25,179,0.6903900230281009,0.8738970756530762
EXP010,25,179,0.622941264520501,0.03216743469238281
EXPF,25,179,0.6455531164013566,0.08217978477478027
ASTRA_AGF,50,179,0.7122191140072482,0.8362846374511719
Coordinate_RF,50,179,0.728269289951158,0.8389921188354492
EXP010,50,179,0.6119681049829928,0.02527785301208496
EXPF,50,179,0.6454273103491452,0.07390093803405762
ASTRA_AGF,100,179,0.7271329763384531,0.9709115028381348
Coordinate_RF,100,179,0.7366782161114096,0.9442272186279297
EXP010,100,179,0.6167615903627925,0.02844691276550293
EXPF,100,179,0.653613046136727,0.06691694259643555
ASTRA_AGF,200,179,0.7391394580723232,1.1205084323883057
Coordinate_RF,200,179,0.7566163747795286,1.119067668914795
EXP010,200,179,0.6198545630637844,0.028474092483520508
EXPF,200,179,0.6624367656576535,0.08556151390075684
ASTRA_AGF,5,180,0.6615512416410056,0.6363208293914795
Coordinate_RF,5,180,0.6635525266680721,0.6730766296386719
EXP010,5,180,0.5847209569876521,0.024896860122680664
EXPF,5,180,0.5900200619684685,0.042252302169799805
ASTRA_AGF,25,180,0.6772763845796324,0.81854248046875
Coordinate_RF,25,180,0.6793786821372879,0.8495171070098877
EXP010,25,180,0.6219545619401631,0.031189680099487305
EXPF,25,180,0.6621513214460862,0.07446527481079102
ASTRA_AGF,50,180,0.7181242887905386,0.8038420677185059
Coordinate_RF,50,180,0.7264577236021487,0.8246638774871826
EXP010,50,180,0.6203595767112474,0.02289605140686035
EXPF,50,180,0.6608967709125853,0.08134579658508301
ASTRA_AGF,100,180,0.7298014166572077,0.8968298435211182
Coordinate_RF,100,180,0.748734073421292,0.9592223167419434
EXP010,100,180,0.6231441446776947,0.0276029109954834
EXPF,100,180,0.6630458101152217,0.07387995719909668
ASTRA_AGF,200,180,0.7438630988773905,1.1372790336608887
Coordinate_RF,200,180,0.7590214944644713,1.0526530742645264
EXP010,200,180,0.624032445571572,0.024869918823242188
EXPF,200,180,0.6595740708560771,0.08232307434082031
ASTRA_AGF,5,181,0.6631814766703577,0.65207839012146
Coordinate_RF,5,181,0.6638141635945825,0.683457612991333
EXP010,5,181,0.6032368146296669,0.019382476806640625
EXPF,5,181,0.5778017201075666,0.04946303367614746
ASTRA_AGF,25,181,0.677388271735497,0.8402061462402344
Coordinate_RF,25,181,0.6760877833714846,0.8440585136413574
EXP010,25,181,0.6150580719695605,0.02693033218383789
EXPF,25,181,0.6387837017647837,0.07808923721313477
ASTRA_AGF,50,181,0.6971493840694809,0.8272879123687744
Coordinate_RF,50,181,0.7067547939245298,0.834618091583252
EXP010,50,181,0.6221803058539261,0.02840399742126465
EXPF,50,181,0.66145503981607,0.07335138320922852
ASTRA_AGF,100,181,0.7138874031988387,0.8899447917938232
Coordinate_RF,100,181,0.7230162731696131,0.9488053321838379
EXP010,100,181,0.6246840641861229,0.02587127685546875
EXPF,100,181,0.6659953787441312,0.07143878936767578
ASTRA_AGF,200,181,0.7296621433981474,1.14162015914917
Coordinate_RF,200,181,0.7502770536354111,1.0700328350067139
EXP010,200,181,0.6262228024069256,0.023551225662231445
EXPF,200,181,0.6593612887956383,0.08597707748413086
ASTRA_AGF,5,182,0.6340859739780005,0.6749119758605957
Coordinate_RF,5,182,0.6361998774361262,0.6853101253509521
EXP010,5,182,0.6100562593630889,0.024974822998046875
EXPF,5,182,0.5590962664028607,0.0438845157623291
ASTRA_AGF,25,182,0.6558658368713088,0.7781510353088379
Coordinate_RF,25,182,0.6685030997119654,0.8383047580718994
EXP010,25,182,0.62580892992285,0.07460522651672363
EXPF,25,182,0.6392039431062163,0.08581185340881348
ASTRA_AGF,50,182,0.7128802203125866,0.8352270126342773
Coordinate_RF,50,182,0.7217677651137141,0.8425493240356445
EXP010,50,182,0.619721459020239,0.025946855545043945
EXPF,50,182,0.6534155029895345,0.08126711845397949
ASTRA_AGF,100,182,0.7210889880590456,0.8965742588043213
Coordinate_RF,100,182,0.7350031681089124,0.9646122455596924
EXP010,100,182,0.6218252484717449,0.028220415115356445
EXPF,100,182,0.6635138242762192,0.06997013092041016
ASTRA_AGF,200,182,0.7348538873477584,1.205827236175537
Coordinate_RF,200,182,0.7522159028372449,1.1036376953125
EXP010,200,182,0.6243471567953867,0.025589704513549805
EXPF,200,182,0.6634762152583036,0.08661365509033203
ASTRA_AGF,5,183,0.6656139442185575,0.6655941009521484
Coordinate_RF,5,183,0.6670369487335642,0.7004842758178711
EXP010,5,183,0.6013448212035915,0.064453125
EXPF,5,183,0.5970638398702263,0.08351945877075195
ASTRA_AGF,25,183,0.6675580926936757,0.7824456691741943
Coordinate_RF,25,183,0.6656915588636334,0.8160519599914551
EXP010,25,183,0.6181817149562827,0.022975683212280273
EXPF,25,183,0.6301997685292513,0.08535623550415039
ASTRA_AGF,50,183,0.7017940248795645,0.8472278118133545
Coordinate_RF,50,183,0.71193469228041,0.8418765068054199
EXP010,50,183,0.6218267519891111,0.026863813400268555
EXPF,50,183,0.6462751444949703,0.08293724060058594
ASTRA_AGF,100,183,0.7154012642311114,0.9716677665710449
Coordinate_RF,100,183,0.7336306149843901,0.9285311698913574
EXP010,100,183,0.624642014999593,0.029413938522338867
EXPF,100,183,0.6496492328576311,0.08756613731384277
ASTRA_AGF,200,183,0.7337027938213223,1.184645175933838
Coordinate_RF,200,183,0.7478355595242181,1.0772111415863037
EXP010,200,183,0.6236669510043987,0.030588388442993164
EXPF,200,183,0.6552319711562301,0.08550858497619629
ASTRA_AGF,5,184,0.6237082626501695,0.7064402103424072
Coordinate_RF,5,184,0.6222827767157909,0.6799066066741943
EXP010,5,184,0.46962194392456913,0.02890753746032715
EXPF,5,184,0.4775576749795512,0.04280376434326172
ASTRA_AGF,25,184,0.6616578767836908,0.7875370979309082
Coordinate_RF,25,184,0.6727897639773823,0.885261058807373
EXP010,25,184,0.5809794973615565,0.03354644775390625
EXPF,25,184,0.6321404349990446,0.11115264892578125
ASTRA_AGF,50,184,0.7019198114732252,0.8548109531402588
Coordinate_RF,50,184,0.7135795160355792,0.870297908782959
EXP010,50,184,0.5919780353889121,0.022853612899780273
EXPF,50,184,0.6474230385531647,0.08027362823486328
ASTRA_AGF,100,184,0.7180768085894497,0.9791793823242188
Coordinate_RF,100,184,0.7293474390551454,0.9026310443878174
EXP010,100,184,0.6096105909969209,0.036895751953125
EXPF,100,184,0.6456699229406351,0.08203697204589844
ASTRA_AGF,200,184,0.7370262264367238,1.213366985321045
Coordinate_RF,200,184,0.7539015684589118,1.1117608547210693
EXP010,200,184,0.6173794141855017,0.0297238826751709
EXPF,200,184,0.6560828129311964,0.09106564521789551
ASTRA_AGF,5,185,0.6574043560807732,0.6697816848754883
Coordinate_RF,5,185,0.659408830190077,0.6600561141967773
EXP010,5,185,0.5497332456015952,0.02149677276611328
EXPF,5,185,0.5337175335565262,0.04987049102783203
ASTRA_AGF,25,185,0.682611824996292,0.7653622627258301
Coordinate_RF,25,185,0.6907552425960592,0.8389356136322021
EXP010,25,185,0.6157741456002929,0.03428173065185547
EXPF,25,185,0.6436115277630018,0.09141016006469727
ASTRA_AGF,50,185,0.6930409792794661,0.8416132926940918
Coordinate_RF,50,185,0.6995435382466314,0.8247661590576172
EXP010,50,185,0.6183951427198571,0.02315974235534668
EXPF,50,185,0.6451256955473409,0.07505035400390625
ASTRA_AGF,100,185,0.7152912119608545,1.05572509765625
Coordinate_RF,100,185,0.7325803507542177,1.126462697982788
EXP010,100,185,0.6236841230003862,0.026623964309692383
EXPF,100,185,0.6483428319799438,0.08454632759094238
ASTRA_AGF,200,185,0.7334848674592382,1.2213902473449707
Coordinate_RF,200,185,0.7486542595167829,1.1121082305908203
EXP010,200,185,0.6272997007145696,0.03229022026062012
EXPF,200,185,0.6557202676458112,0.10352587699890137
ASTRA_AGF,5,186,0.6568214952745985,0.7486574649810791
Coordinate_RF,5,186,0.6532252221049901,0.9097495079040527
EXP010,5,186,0.4977597151739042,0.038611650466918945
EXPF,5,186,0.5391843996328257,0.07538580894470215
ASTRA_AGF,25,186,0.6994516866967598,0.8952317237854004
Coordinate_RF,25,186,0.7120524319316791,0.8563871383666992
EXP010,25,186,0.6007084104718459,0.03415727615356445
EXPF,25,186,0.6375640224598513,0.09943270683288574
ASTRA_AGF,50,186,0.7012441017699097,0.9152112007141113
Coordinate_RF,50,186,0.7140517726203858,0.8754229545593262
EXP010,50,186,0.6254404815721663,0.03664064407348633
EXPF,50,186,0.6673455850198602,0.09070372581481934
ASTRA_AGF,100,186,0.716017490042446,0.9751293659210205
Coordinate_RF,100,186,0.7327574348981781,0.9822006225585938
EXP010,100,186,0.6294427573608352,0.025390625
EXPF,100,186,0.6654333474764781,0.06975245475769043
ASTRA_AGF,200,186,0.7415537917559222,0.7919771671295166
Coordinate_RF,200,186,0.7583092395389666,0.7858555316925049
EXP010,200,186,0.6291972878040073,0.016512632369995117
EXPF,200,186,0.6575091259124506,0.04954123497009277
ASTRA_AGF,5,187,0.656452330980268,0.6710681915283203
Coordinate_RF,5,187,0.6583309898575361,0.6760821342468262
EXP010,5,187,0.6081324199042333,0.018584489822387695
EXPF,5,187,0.5693403025660186,0.04488039016723633
ASTRA_AGF,25,187,0.6876979774020879,0.8534080982208252
Coordinate_RF,25,187,0.7002529953986508,0.8097214698791504
EXP010,25,187,0.6029303372942699,0.024931669235229492
EXPF,25,187,0.6282019891234163,0.06755232810974121
ASTRA_AGF,50,187,0.7067029903346776,0.8526155948638916
Coordinate_RF,50,187,0.7126948620109461,0.8408341407775879
EXP010,50,187,0.6258773996147129,0.029742717742919922
EXPF,50,187,0.6532913712300308,0.06899738311767578
ASTRA_AGF,100,187,0.7194561943615345,0.9746432304382324
Coordinate_RF,100,187,0.7345341277486327,0.8928742408752441
EXP010,100,187,0.6332284692428584,0.024045705795288086
EXPF,100,187,0.664760752188092,0.06581401824951172
ASTRA_AGF,200,187,0.7340332988808943,1.0717523097991943
Coordinate_RF,200,187,0.7510163600560303,1.0939362049102783
EXP010,200,187,0.6313684428599935,0.022772550582885742
EXPF,200,187,0.6675608460467733,0.06882047653198242
ASTRA_AGF,5,188,0.6684777494652281,0.716468095779419
Coordinate_RF,5,188,0.6684741767053227,0.6790528297424316
EXP010,5,188,0.5997988124821542,0.016231775283813477
EXPF,5,188,0.6043155023310194,0.056650400161743164
ASTRA_AGF,25,188,0.6953239486249596,0.7995173931121826
Coordinate_RF,25,188,0.6964060141593086,0.77960205078125
EXP010,25,188,0.6181360017523994,0.01989436149597168
EXPF,25,188,0.642281988285645,0.06484627723693848
ASTRA_AGF,50,188,0.6995888852565091,0.9463040828704834
Coordinate_RF,50,188,0.7121842123724003,0.9523866176605225
EXP010,50,188,0.6208199386439037,0.024125337600708008
EXPF,50,188,0.6462011243896353,0.07664608955383301
ASTRA_AGF,100,188,0.7158886724907243,0.9488213062286377
Coordinate_RF,100,188,0.7341768681180071,0.9147136211395264
EXP010,100,188,0.6199186365364395,0.03005385398864746
EXPF,100,188,0.6532014136415835,0.07741570472717285
ASTRA_AGF,200,188,0.7309243651114363,1.235949993133545
Coordinate_RF,200,188,0.7493543013779296,1.1127073764801025
EXP010,200,188,0.6212982999561065,0.027680158615112305
EXPF,200,188,0.6531631941523681,0.06759262084960938
ASTRA_AGF,5,189,0.6505193114670524,0.6237666606903076
Coordinate_RF,5,189,0.648138780124702,0.6447536945343018
EXP010,5,189,0.5779763002940005,0.020127296447753906
EXPF,5,189,0.5603684850251811,0.04610729217529297
ASTRA_AGF,25,189,0.682779864902334,0.7909955978393555
Coordinate_RF,25,189,0.692042024805915,0.7851467132568359
EXP010,25,189,0.6096224251203998,0.021123647689819336
EXPF,25,189,0.6438535034966336,0.06595611572265625
ASTRA_AGF,50,189,0.7115096954699731,0.9151291847229004
Coordinate_RF,50,189,0.7173555173109406,0.9067332744598389
EXP010,50,189,0.6223330545562049,0.023600339889526367
EXPF,50,189,0.6663604676482477,0.07054376602172852
ASTRA_AGF,100,189,0.7188519217306956,0.9003922939300537
Coordinate_RF,100,189,0.720146805244051,0.9281501770019531
EXP010,100,189,0.6246505662319515,0.024985551834106445
EXPF,100,189,0.6656180772100031,0.07112503051757812
ASTRA_AGF,200,189,0.7276963900909358,1.121187448501587
Coordinate_RF,200,189,0.7444435927183283,1.0828425884246826
EXP010,200,189,0.623677190076914,0.022770404815673828
EXPF,200,189,0.6615379740088667,0.07071781158447266
ASTRA_AGF,5,190,0.6569961657234478,0.6616449356079102
Coordinate_RF,5,190,0.6583145831578273,0.6557071208953857
EXP010,5,190,0.5828384305212082,0.019254446029663086
EXPF,5,190,0.5538777146207026,0.050275325775146484
ASTRA_AGF,25,190,0.7022657607193296,0.7848327159881592
Coordinate_RF,25,190,0.7088095509430259,0.816016435623169
EXP010,25,190,0.6307984670332643,0.023421049118041992
EXPF,25,190,0.6525839209987815,0.06471753120422363
ASTRA_AGF,50,190,0.7097883415709018,0.9394059181213379
Coordinate_RF,50,190,0.7173625414636339,0.8370261192321777
EXP010,50,190,0.6311920633366611,0.021315574645996094
EXPF,50,190,0.6678828998730679,0.07410979270935059
ASTRA_AGF,100,190,0.7125830273472497,0.9209561347961426
Coordinate_RF,100,190,0.7306945310162316,1.0575993061065674
EXP010,100,190,0.6206691877764225,0.024266481399536133
EXPF,100,190,0.6607807120533866,0.07522201538085938
ASTRA_AGF,200,190,0.7307009590209342,1.1442103385925293
Coordinate_RF,200,190,0.7485859328936921,1.151303768157959
EXP010,200,190,0.6227263240200714,0.021444320678710938
EXPF,200,190,0.6569333282572201,0.07063674926757812
ASTRA_AGF,5,191,0.662469685102816,0.6824662685394287
Coordinate_RF,5,191,0.6668222371811042,0.6968722343444824
EXP010,5,191,0.5982729667606889,0.023848295211791992
EXPF,5,191,0.5840379003431936,0.04773545265197754
ASTRA_AGF,25,191,0.6761899264579028,0.7474298477172852
Coordinate_RF,25,191,0.6786101544411225,0.8351767063140869
EXP010,25,191,0.6115981453187878,0.02063298225402832
EXPF,25,191,0.6319627055570765,0.0738973617553711
ASTRA_AGF,50,191,0.6864119089197982,0.8094131946563721
Coordinate_RF,50,191,0.6971375800324506,0.8172852993011475
EXP010,50,191,0.6198108532164852,0.027431726455688477
EXPF,50,191,0.6411799222579939,0.0677649974822998
ASTRA_AGF,100,191,0.7113815095197296,0.8815276622772217
Coordinate_RF,100,191,0.7288835308855581,0.8571052551269531
EXP010,100,191,0.6230420137228694,0.02834939956665039
EXPF,100,191,0.6510578619169677,0.07101655006408691
ASTRA_AGF,200,191,0.7276924597737988,1.1050829887390137
Coordinate_RF,200,191,0.744865757792912,1.0441904067993164
EXP010,200,191,0.6214566032953971,0.021195411682128906
EXPF,200,191,0.6500436923282484,0.07906889915466309
ASTRA_AGF,5,192,0.6501076537022796,0.6322977542877197
Coordinate_RF,5,192,0.6525239832708312,0.6898899078369141
EXP010,5,192,0.5803173757500069,0.016441822052001953
EXPF,5,192,0.5903834117859368,0.04281473159790039
ASTRA_AGF,25,192,0.6903261323659641,0.7600252628326416
Coordinate_RF,25,192,0.6965021485564402,0.7623236179351807
EXP010,25,192,0.6102152301860362,0.03613638877868652
EXPF,25,192,0.6413201050602533,0.06468772888183594
ASTRA_AGF,50,192,0.6969577899803604,0.8396501541137695
Coordinate_RF,50,192,0.7017872582924546,0.807642936706543
EXP010,50,192,0.6116502678460255,0.02884697914123535
EXPF,50,192,0.6394251179740439,0.06768655776977539
ASTRA_AGF,100,192,0.70878800505937,0.8800246715545654
Coordinate_RF,100,192,0.7278581172445159,0.8805050849914551
EXP010,100,192,0.6192212250453767,0.02675795555114746
EXPF,100,192,0.649681339055731,0.06630086898803711
ASTRA_AGF,200,192,0.7278567459301064,1.0549802780151367
Coordinate_RF,200,192,0.7439021291490351,1.0624628067016602
EXP010,200,192,0.6222220893452194,0.021645307540893555
EXPF,200,192,0.6514897289431323,0.06872701644897461
ASTRA_AGF,5,193,0.6473575360615327,0.6591660976409912
Coordinate_RF,5,193,0.6537835596864444,0.665759801864624
EXP010,5,193,0.5878466007712828,0.01864457130432129
EXPF,5,193,0.49519335706956824,0.041875600814819336
ASTRA_AGF,25,193,0.6781438882150582,0.7905178070068359
Coordinate_RF,25,193,0.6759699608009548,0.7906146049499512
EXP010,25,193,0.6224022519529091,0.021584510803222656
EXPF,25,193,0.6429341122143171,0.06701278686523438
ASTRA_AGF,50,193,0.7084555202341016,0.8692374229431152
Coordinate_RF,50,193,0.7092352546394104,0.8337104320526123
EXP010,50,193,0.6180474138248369,0.023603200912475586
EXPF,50,193,0.6609470305669107,0.06432390213012695
ASTRA_AGF,100,193,0.7262827573073996,0.8753204345703125
Coordinate_RF,100,193,0.7381177490847849,0.8963100910186768
EXP010,100,193,0.6251086673268804,0.029761314392089844
EXPF,100,193,0.6673262782145479,0.07293272018432617
ASTRA_AGF,200,193,0.736595324941092,1.0975940227508545
Coordinate_RF,200,193,0.7495159916856758,1.1045918464660645
EXP010,200,193,0.6230609274226331,0.02299785614013672
EXPF,200,193,0.6611790797829927,0.07291007041931152
ASTRA_AGF,5,194,0.6480166581835428,0.616283655166626
Coordinate_RF,5,194,0.6439699106418764,0.6402285099029541
EXP010,5,194,0.5190662928323111,0.0277559757232666
EXPF,5,194,0.5236391179208004,0.04253125190734863
ASTRA_AGF,25,194,0.690251906270464,0.7549445629119873
Coordinate_RF,25,194,0.6973373151602289,0.799246072769165
EXP010,25,194,0.6216825198497797,0.025531530380249023
EXPF,25,194,0.6419329646899143,0.08149504661560059
ASTRA_AGF,50,194,0.703834958638627,0.8628900051116943
Coordinate_RF,50,194,0.7169937855240479,0.7853751182556152
EXP010,50,194,0.6281855685035314,0.024542570114135742
EXPF,50,194,0.6582872774410039,0.06613683700561523
ASTRA_AGF,100,194,0.7181782714794981,0.890084981918335
Coordinate_RF,100,194,0.7356354277065418,0.9120287895202637
EXP010,100,194,0.6233617202068313,0.02814197540283203
EXPF,100,194,0.6575801246562369,0.07481837272644043
ASTRA_AGF,200,194,0.7317119218866102,1.1192443370819092
Coordinate_RF,200,194,0.7491464368455942,1.080838918685913
EXP010,200,194,0.6233075221787824,0.025833606719970703
EXPF,200,194,0.6631961425826414,0.06952118873596191
ASTRA_AGF,5,195,0.6507223468153848,0.6596517562866211
Coordinate_RF,5,195,0.651203153414843,0.6483168601989746
EXP010,5,195,0.5761996488711186,0.02433156967163086
EXPF,5,195,0.552957472077474,0.04887199401855469
ASTRA_AGF,25,195,0.6838681315039753,0.7963428497314453
Coordinate_RF,25,195,0.6925952769740724,0.7665796279907227
EXP010,25,195,0.6137568587651778,0.02998661994934082
EXPF,25,195,0.6391845924600439,0.07978558540344238
ASTRA_AGF,50,195,0.6923325776930764,0.8666226863861084
Coordinate_RF,50,195,0.6950208365041752,0.8573281764984131
EXP010,50,195,0.6095232776749592,0.02176976203918457
EXPF,50,195,0.6424203132361237,0.07624030113220215
ASTRA_AGF,100,195,0.6983437475526363,0.8863224983215332
Coordinate_RF,100,195,0.7080031815770387,0.8691327571868896
EXP010,100,195,0.6196159436900064,0.028850793838500977
EXPF,100,195,0.6506554405684493,0.06695222854614258
ASTRA_AGF,200,195,0.7249850636487074,1.0555164813995361
Coordinate_RF,200,195,0.7441042145332906,1.096644401550293
EXP010,200,195,0.6188522849355773,0.026498794555664062
EXPF,200,195,0.6497032111926764,0.09999942779541016
ASTRA_AGF,5,196,0.6383239015661923,0.7819373607635498
Coordinate_RF,5,196,0.6395007614625942,0.7147862911224365
EXP010,5,196,0.5791487823746607,0.019438505172729492
EXPF,5,196,0.5032526968998983,0.04908108711242676
ASTRA_AGF,25,196,0.6831719505892043,0.8233511447906494
Coordinate_RF,25,196,0.6844215890073668,0.8708834648132324
EXP010,25,196,0.6186017135097656,0.02373528480529785
EXPF,25,196,0.6460998869192598,0.10445261001586914
ASTRA_AGF,50,196,0.7102453661444619,0.9554910659790039
Coordinate_RF,50,196,0.7171498964829406,0.8617503643035889
EXP010,50,196,0.6193320905667901,0.021578311920166016
EXPF,50,196,0.6477410087504636,0.08023333549499512
ASTRA_AGF,100,196,0.7175123466594574,0.9159936904907227
Coordinate_RF,100,196,0.7312895849268917,0.901623010635376
EXP010,100,196,0.6175143414607783,0.02417135238647461
EXPF,100,196,0.6477942686979079,0.07679009437561035
ASTRA_AGF,200,196,0.7389325731166259,1.123971939086914
Coordinate_RF,200,196,0.7547287087436294,1.1625547409057617
EXP010,200,196,0.6217861463270289,0.023433923721313477
EXPF,200,196,0.6524147038988932,0.07528996467590332
ASTRA_AGF,5,197,0.6300141860609814,0.7407753467559814
Coordinate_RF,5,197,0.625265979999465,0.7135865688323975
EXP010,5,197,0.5094358928098417,0.02225947380065918
EXPF,5,197,0.4572429446217873,0.061734914779663086
ASTRA_AGF,25,197,0.6647573956707059,1.0475256443023682
Coordinate_RF,25,197,0.6752820112317991,0.9363727569580078
EXP010,25,197,0.5727628674247978,0.031194686889648438
EXPF,25,197,0.583427587635567,0.0955967903137207
ASTRA_AGF,50,197,0.704433735426211,0.9175710678100586
Coordinate_RF,50,197,0.7171735978594741,1.0197241306304932
EXP010,50,197,0.6321759544724181,0.03292369842529297
EXPF,50,197,0.647297369857774,0.10435748100280762
ASTRA_AGF,100,197,0.7153464365341987,0.9584453105926514
Coordinate_RF,100,197,0.7261437816763239,1.106982946395874
EXP010,100,197,0.6277485427957047,0.03171133995056152
EXPF,100,197,0.6582890397924283,0.09360289573669434
ASTRA_AGF,200,197,0.7349229715171167,1.1507740020751953
Coordinate_RF,200,197,0.7476820154078093,1.0054702758789062
EXP010,200,197,0.6238911036630131,0.029488086700439453
EXPF,200,197,0.6575353460176395,0.07260417938232422
ASTRA_AGF,5,198,0.6546054046131686,0.5902750492095947
Coordinate_RF,5,198,0.6541884656259038,0.7422523498535156
EXP010,5,198,0.6025821355924056,0.029155731201171875
EXPF,5,198,0.5943512720010449,0.07229971885681152
ASTRA_AGF,25,198,0.6729930718157721,1.0131723880767822
Coordinate_RF,25,198,0.6774707679474469,0.8363721370697021
EXP010,25,198,0.5909594305704668,0.035043954849243164
EXPF,25,198,0.634308126673567,0.1912822723388672
ASTRA_AGF,50,198,0.7008246096063232,1.1806933879852295
Coordinate_RF,50,198,0.7106957571024198,1.6037662029266357
EXP010,50,198,0.6216479272422231,0.05395793914794922
EXPF,50,198,0.6599531200804502,0.10607266426086426
ASTRA_AGF,100,198,0.7278817169903299,1.2051653861999512
Coordinate_RF,100,198,0.7455879840397026,1.2179441452026367
EXP010,100,198,0.6264889631155319,0.02715325355529785
EXPF,100,198,0.6640666202256302,0.08809304237365723
ASTRA_AGF,200,198,0.7385645019355693,1.4434504508972168
Coordinate_RF,200,198,0.7574987737616372,1.1398637294769287
EXP010,200,198,0.6193744523060805,0.026930570602416992
EXPF,200,198,0.6599307525672802,0.08358430862426758
ASTRA_AGF,5,199,0.647971044881463,0.7014310359954834
Coordinate_RF,5,199,0.6467678978880764,0.7584137916564941
EXP010,5,199,0.6034754299597145,0.018584012985229492
EXPF,5,199,0.4978119992526462,0.05352592468261719
ASTRA_AGF,25,199,0.6946940460453229,0.9365150928497314
Coordinate_RF,25,199,0.7028328949134959,1.1638872623443604
EXP010,25,199,0.6117455371396143,0.03395557403564453
EXPF,25,199,0.6556732595331222,0.08184432983398438
ASTRA_AGF,50,199,0.7112314442821894,1.1963748931884766
Coordinate_RF,50,199,0.721171273235277,1.0856125354766846
EXP010,50,199,0.6213229299355794,0.037111759185791016
EXPF,50,199,0.6502238240072986,0.10547208786010742
ASTRA_AGF,100,199,0.7205742772589493,1.4370059967041016
Coordinate_RF,100,199,0.7377861647407435,1.1771574020385742
EXP010,100,199,0.6230986937082202,0.0352020263671875
EXPF,100,199,0.6534925647733342,0.09735441207885742
ASTRA_AGF,200,199,0.7378257002688967,1.2552802562713623
Coordinate_RF,200,199,0.7482427955823064,1.253443956375122
EXP010,200,199,0.6254211733983366,0.02405405044555664
EXPF,200,199,0.660328255380724,0.07591748237609863
