file,method,budget,episodes,mean,population_sd,repeat
adaptive_leaf2_audit.json,blend,5,10,0.6250658121587283,0.012150977252461564,False
adaptive_leaf2_audit.json,blend_gaussian,5,10,0.6349354266527055,0.012504728639571533,False
adaptive_leaf2_audit.json,local,5,10,0.5369408820385431,0.03708811370630893,False
adaptive_leaf2_audit.json,local_gaussian,5,10,0.5573357324079388,0.040022956290837026,False
adaptive_leaf2_audit.json,blend,25,10,0.6675405453364258,0.009863331526875649,False
adaptive_leaf2_audit.json,blend_gaussian,25,10,0.6912809324745047,0.009377300024203209,False
adaptive_leaf2_audit.json,local,25,10,0.645052959241659,0.009779008782989837,False
adaptive_leaf2_audit.json,local_gaussian,25,10,0.6751725374686236,0.008412722247973745,False
adaptive_leaf2_audit.json,blend,50,10,0.6739049778843769,0.00908290082995107,False
adaptive_leaf2_audit.json,blend_gaussian,50,10,0.701988473308459,0.008717038238066582,False
adaptive_leaf2_audit.json,local,50,10,0.6606465077189048,0.009985591006743644,False
adaptive_leaf2_audit.json,local_gaussian,50,10,0.6926800594957506,0.010244925168330223,False
adaptive_leaf2_audit.json,blend,100,10,0.6850333481687688,0.0078329333072788,False
adaptive_leaf2_audit.json,blend_gaussian,100,10,0.715939054699357,0.007734859009714815,False
adaptive_leaf2_audit.json,local,100,10,0.6792430763075967,0.008257486190821742,False
adaptive_leaf2_audit.json,local_gaussian,100,10,0.7115716274153762,0.008643610659552903,False
adaptive_leaf2_audit.json,blend,200,10,0.6959874289792354,0.0046109249693181975,False
adaptive_leaf2_audit.json,blend_gaussian,200,10,0.7300281715042949,0.007077903317222173,False
adaptive_leaf2_audit.json,local,200,10,0.6927837243230448,0.004972317056655173,False
adaptive_leaf2_audit.json,local_gaussian,200,10,0.7288190467634698,0.00734370049712663,False
adaptive_leaf2_audit_repeat.json,blend,5,10,0.6250658121587283,0.012150977252461564,True
adaptive_leaf2_audit_repeat.json,blend_gaussian,5,10,0.6349354266527055,0.012504728639571533,True
adaptive_leaf2_audit_repeat.json,local,5,10,0.5369408820385431,0.03708811370630893,True
adaptive_leaf2_audit_repeat.json,local_gaussian,5,10,0.5573357324079388,0.040022956290837026,True
adaptive_leaf2_audit_repeat.json,blend,25,10,0.6675405453364258,0.009863331526875649,True
adaptive_leaf2_audit_repeat.json,blend_gaussian,25,10,0.6912809324745047,0.009377300024203209,True
adaptive_leaf2_audit_repeat.json,local,25,10,0.645052959241659,0.009779008782989837,True
adaptive_leaf2_audit_repeat.json,local_gaussian,25,10,0.6751725374686236,0.008412722247973745,True
adaptive_leaf2_audit_repeat.json,blend,50,10,0.6739049778843769,0.00908290082995107,True
adaptive_leaf2_audit_repeat.json,blend_gaussian,50,10,0.701988473308459,0.008717038238066582,True
adaptive_leaf2_audit_repeat.json,local,50,10,0.6606465077189048,0.009985591006743644,True
adaptive_leaf2_audit_repeat.json,local_gaussian,50,10,0.6926800594957506,0.010244925168330223,True
adaptive_leaf2_audit_repeat.json,blend,100,10,0.6850333481687688,0.0078329333072788,True
adaptive_leaf2_audit_repeat.json,blend_gaussian,100,10,0.715939054699357,0.007734859009714815,True
adaptive_leaf2_audit_repeat.json,local,100,10,0.6792430763075967,0.008257486190821742,True
adaptive_leaf2_audit_repeat.json,local_gaussian,100,10,0.7115716274153762,0.008643610659552903,True
adaptive_leaf2_audit_repeat.json,blend,200,10,0.6959874289792354,0.0046109249693181975,True
adaptive_leaf2_audit_repeat.json,blend_gaussian,200,10,0.7300281715042949,0.007077903317222173,True
adaptive_leaf2_audit_repeat.json,local,200,10,0.6927837243230448,0.004972317056655173,True
adaptive_leaf2_audit_repeat.json,local_gaussian,200,10,0.7288190467634698,0.00734370049712663,True
adaptive_leaf2_fresh.json,blend,5,10,0.6315578819404426,0.011457895594196668,False
adaptive_leaf2_fresh.json,blend_gaussian,5,10,0.6415528418606027,0.011527731648781677,False
adaptive_leaf2_fresh.json,local,5,10,0.5537456035188022,0.03785777332223623,False
adaptive_leaf2_fresh.json,local_gaussian,5,10,0.5749700680688477,0.03891324105872408,False
adaptive_leaf2_fresh.json,blend,25,10,0.6631501474494754,0.009530357758318446,False
adaptive_leaf2_fresh.json,blend_gaussian,25,10,0.686297929491894,0.009171257190724355,False
adaptive_leaf2_fresh.json,local,25,10,0.6335246461974215,0.013104241673680591,False
adaptive_leaf2_fresh.json,local_gaussian,25,10,0.6641117558541396,0.014460071738892856,False
adaptive_leaf2_fresh.json,blend,50,10,0.6696130267704505,0.009377775077896269,False
adaptive_leaf2_fresh.json,blend_gaussian,50,10,0.6982732623966955,0.008950597257987207,False
adaptive_leaf2_fresh.json,local,50,10,0.6547610774340532,0.010746234512241905,False
adaptive_leaf2_fresh.json,local_gaussian,50,10,0.6875996702049105,0.01195840341725372,False
adaptive_leaf2_fresh.json,blend,100,10,0.6830911557019761,0.008256809729351054,False
adaptive_leaf2_fresh.json,blend_gaussian,100,10,0.7153427406589669,0.00986194964209754,False
adaptive_leaf2_fresh.json,local,100,10,0.6767949509071168,0.008235556534426149,False
adaptive_leaf2_fresh.json,local_gaussian,100,10,0.7114149985248209,0.010518790240518836,False
adaptive_leaf2_fresh.json,blend,200,10,0.6939355907287799,0.007000630840965324,False
adaptive_leaf2_fresh.json,blend_gaussian,200,10,0.7296657184850202,0.007462160096861958,False
adaptive_leaf2_fresh.json,local,200,10,0.6910268434999501,0.007050724983593457,False
adaptive_leaf2_fresh.json,local_gaussian,200,10,0.7279383537853639,0.008039485049256105,False
adaptive_leaf2_spatial.json,blend,5,10,0.6169991142675598,0.010558028675559307,False
adaptive_leaf2_spatial.json,blend_gaussian,5,10,0.626381530151742,0.012834414882635054,False
adaptive_leaf2_spatial.json,local,5,10,0.5027415517394134,0.04206447275780139,False
adaptive_leaf2_spatial.json,local_gaussian,5,10,0.5170923766115691,0.04667254310428978,False
adaptive_leaf2_spatial.json,blend,25,10,0.6595113764710516,0.021129330828477594,False
adaptive_leaf2_spatial.json,blend_gaussian,25,10,0.6800450962407376,0.023213965146994003,False
adaptive_leaf2_spatial.json,local,25,10,0.6210709293064944,0.025280753299279077,False
adaptive_leaf2_spatial.json,local_gaussian,25,10,0.6479510987730003,0.03042940047289154,False
adaptive_leaf2_spatial.json,blend,50,10,0.6573334722420123,0.019610398906468107,False
adaptive_leaf2_spatial.json,blend_gaussian,50,10,0.682500794728105,0.022163165770318186,False
adaptive_leaf2_spatial.json,local,50,10,0.6369397541695431,0.019419732759378958,False
adaptive_leaf2_spatial.json,local_gaussian,50,10,0.664867459609335,0.025422418878588874,False
adaptive_leaf2_spatial.json,blend,100,10,0.6606364180898546,0.021981203248792554,False
adaptive_leaf2_spatial.json,blend_gaussian,100,10,0.687690124616505,0.024764209833888884,False
adaptive_leaf2_spatial.json,local,100,10,0.6506932760764966,0.022373601427970593,False
adaptive_leaf2_spatial.json,local_gaussian,100,10,0.679821847388961,0.024696134809208223,False
adaptive_leaf2_spatial.json,blend,200,10,0.6620380722985901,0.019627458716559572,False
adaptive_leaf2_spatial.json,blend_gaussian,200,10,0.6898301561543956,0.021118955368909693,False
adaptive_leaf2_spatial.json,local,200,10,0.6572061098429345,0.019788859214606134,False
adaptive_leaf2_spatial.json,local_gaussian,200,10,0.686488433460839,0.02074048116488388,False
audit.json,EXP010,5,10,0.5524282512915606,0.05953945456097259,False
audit.json,EXPF,5,10,0.552745164528418,0.0364655502705781,False
audit.json,H_4k,5,10,0.5163813512378488,0.07157213247220826,False
audit.json,H_half,5,10,0.5426974688578831,0.04502271403408382,False
audit.json,H_k,5,10,0.53582450072864,0.0519077174421931,False
audit.json,H_mean,5,10,0.5652739813598718,0.04343059338590209,False
audit.json,LR60,5,10,0.546774279954254,0.031061638972229355,False
audit.json,LR60_smooth,5,10,0.5636364150327634,0.03601506708320061,False
audit.json,RF60,5,10,0.5369406246559877,0.03708823331776506,False
audit.json,RF60_smooth,5,10,0.5548264230214242,0.0400981856548064,False
audit.json,blend_0.00,5,10,0.5369406246559877,0.03708823331776506,False
audit.json,blend_0.25,5,10,0.5761189873680295,0.03348901831621735,False
audit.json,blend_0.50,5,10,0.6007830315422847,0.02391432257602247,False
audit.json,blend_0.75,5,10,0.5871549969823903,0.01588362440982541,False
audit.json,blend_1.00,5,10,0.529592329048082,7.423586774415969e-05,False
audit.json,pool_F,5,10,0.5323908522367942,0.041409205629225475,False
audit.json,pool_H,5,10,0.50940220900252,0.0585251034316249,False
audit.json,pool_RF60,5,10,0.511426860607185,0.03127486021605067,False
audit.json,pool_RF60_smooth,5,10,0.5398300598317296,0.03995974509198207,False
audit.json,pool_blend_0.00,5,10,0.511426860607185,0.03127486021605067,False
audit.json,pool_blend_0.25,5,10,0.5742509907629817,0.027887847712299588,False
audit.json,pool_blend_0.50,5,10,0.5922233486816821,0.018026309613625374,False
audit.json,pool_blend_0.75,5,10,0.5688575126723523,0.00838188862719111,False
audit.json,pool_blend_1.00,5,10,0.529592329048082,7.423586774415969e-05,False
audit.json,pool_metric,5,10,0.4999014801526469,0.06767969810692691,False
audit.json,EXP010,25,10,0.6121741816869667,0.013057264399624555,False
audit.json,EXPF,25,10,0.6380096808883864,0.014197329025392124,False
audit.json,H_4k,25,10,0.6204902912657795,0.013698416695338427,False
audit.json,H_half,25,10,0.6261566581357354,0.013794750479252557,False
audit.json,H_k,25,10,0.6326834814807001,0.013910829250932882,False
audit.json,H_mean,25,10,0.6382252227102334,0.01452363888321306,False
audit.json,LR60,25,10,0.6296320502611359,0.016244882976425186,False
audit.json,LR60_smooth,25,10,0.6534189097847128,0.015269252229607493,False
audit.json,RF60,25,10,0.6389018915202891,0.016987843097234633,False
audit.json,RF60_smooth,25,10,0.664676011058363,0.015333130731401096,False
audit.json,blend_0.00,25,10,0.6389018915202891,0.016987843097234633,False
audit.json,blend_0.25,25,10,0.6463452404078686,0.0152636771930591,False
audit.json,blend_0.50,25,10,0.6457917746171985,0.012485662056789219,False
audit.json,blend_0.75,25,10,0.6172311581779034,0.008795827214525547,False
audit.json,blend_1.00,25,10,0.5294160581907936,0.00019510374264940754,False
audit.json,pool_F,25,10,0.6376286425392108,0.01345131735809727,False
audit.json,pool_H,25,10,0.6339312460655158,0.013750466004962623,False
audit.json,pool_RF60,25,10,0.6360282547202611,0.012913243166479484,False
audit.json,pool_RF60_smooth,25,10,0.6679640075053587,0.012806277777793295,False
audit.json,pool_blend_0.00,25,10,0.6360282547202611,0.012913243166479484,False
audit.json,pool_blend_0.25,25,10,0.6504581336311491,0.012523431323244233,False
audit.json,pool_blend_0.50,25,10,0.6449472595782377,0.011824065312814401,False
audit.json,pool_blend_0.75,25,10,0.6028063947532143,0.008957902775025641,False
audit.json,pool_blend_1.00,25,10,0.5294160581907936,0.00019510374264940754,False
audit.json,pool_metric,25,10,0.6163912334286638,0.020928663820679157,False
audit.json,EXP010,50,10,0.6172730111272244,0.007838735449785847,False
audit.json,EXPF,50,10,0.6495378917537951,0.00941672578150858,False
audit.json,H_4k,50,10,0.642423073909772,0.010270578868125319,False
audit.json,H_half,50,10,0.6415200268985985,0.010472291187858552,False
audit.json,H_k,50,10,0.6484386177453629,0.010072826650087475,False
audit.json,H_mean,50,10,0.650895660163399,0.009698439696404625,False
audit.json,LR60,50,10,0.651204146440564,0.010910639983486915,False
audit.json,LR60_smooth,50,10,0.6703803940205266,0.013170124890562901,False
audit.json,RF60,50,10,0.6542319876824856,0.01086119327490589,False
audit.json,RF60_smooth,50,10,0.6823248077564034,0.012702441108581965,False
audit.json,blend_0.00,50,10,0.6542319876824856,0.01086119327490589,False
audit.json,blend_0.25,50,10,0.6593251127294227,0.009841175015753224,False
audit.json,blend_0.50,50,10,0.6557107000211108,0.007797722145995158,False
audit.json,blend_0.75,50,10,0.6232479608457834,0.005227339713646366,False
audit.json,blend_1.00,50,10,0.529186736425362,0.00040553743255472845,False
audit.json,pool_F,50,10,0.6541456845366709,0.009098825916769224,False
audit.json,pool_H,50,10,0.6533672064751028,0.010417144586891395,False
audit.json,pool_RF60,50,10,0.6530350474674218,0.006069491367631568,False
audit.json,pool_RF60_smooth,50,10,0.683541426538136,0.008668099127821292,False
audit.json,pool_blend_0.00,50,10,0.6530350474674218,0.006069491367631568,False
audit.json,pool_blend_0.25,50,10,0.6631651598052773,0.005805430665931977,False
audit.json,pool_blend_0.50,50,10,0.6550666115304369,0.00623855187418962,False
audit.json,pool_blend_0.75,50,10,0.6113267189875428,0.005504521410908935,False
audit.json,pool_blend_1.00,50,10,0.529186736425362,0.00040553743255472845,False
audit.json,pool_metric,50,10,0.6423137020662854,0.009807880906179916,False
audit.json,EXP010,100,10,0.6195128242719973,0.004769562795261893,False
audit.json,EXPF,100,10,0.653269495575731,0.0058105197012517885,False
audit.json,H_4k,100,10,0.6492159793391108,0.006650498957289903,False
audit.json,H_half,100,10,0.6444214406805304,0.007079033758595087,False
audit.json,H_k,100,10,0.6525498188141496,0.006095881201201091,False
audit.json,H_mean,100,10,0.6540121628305597,0.005918320189920532,False
audit.json,LR60,100,10,0.6692955997649882,0.007104207138216962,False
audit.json,LR60_smooth,100,10,0.6834409363576284,0.008129967433770332,False
audit.json,RF60,100,10,0.6734230501073231,0.006460030257336748,False
audit.json,RF60_smooth,100,10,0.7018778568187909,0.007380947480194265,False
audit.json,blend_0.00,100,10,0.6734230501073231,0.006460030257336748,False
audit.json,blend_0.25,100,10,0.6747221281879764,0.006256845604284032,False
audit.json,blend_0.50,100,10,0.6661057521297701,0.007204642708821029,False
audit.json,blend_0.75,100,10,0.6282859208223848,0.005183965520624615,False
audit.json,blend_1.00,100,10,0.5286756163511137,0.0005109003032926276,False
audit.json,pool_F,100,10,0.6619010882484377,0.006922320699593483,False
audit.json,pool_H,100,10,0.6616688895044438,0.0076134446282678635,False
audit.json,pool_RF60,100,10,0.6801688428074346,0.0049024149258543905,False
audit.json,pool_RF60_smooth,100,10,0.7072888307859858,0.005938976776890836,False
audit.json,pool_blend_0.00,100,10,0.6801688428074346,0.0049024149258543905,False
audit.json,pool_blend_0.25,100,10,0.6828408998163883,0.004846903285705889,False
audit.json,pool_blend_0.50,100,10,0.6694402805451023,0.005967960343950552,False
audit.json,pool_blend_0.75,100,10,0.6213786616096033,0.004883188286721007,False
audit.json,pool_blend_1.00,100,10,0.5286756163511137,0.0005109003032926276,False
audit.json,pool_metric,100,10,0.6501517660138261,0.006778632217027137,False
audit.json,EXP010,200,10,0.6239824550341563,0.003646326006963635,False
audit.json,EXPF,200,10,0.6586638928486178,0.004417220270085537,False
audit.json,H_4k,200,10,0.6563420633924667,0.0038758284080931907,False
audit.json,H_half,200,10,0.6490871951025553,0.003713949023743004,False
audit.json,H_k,200,10,0.6582452245455478,0.004046819393992734,False
audit.json,H_mean,200,10,0.6590916462258982,0.004085558180307973,False
audit.json,LR60,200,10,0.6832754015658893,0.006498761018422902,False
audit.json,LR60_smooth,200,10,0.6957633844226272,0.007895541269670478,False
audit.json,RF60,200,10,0.6897290842071313,0.004702825756916714,False
audit.json,RF60_smooth,200,10,0.7191926670186808,0.006286531768048763,False
audit.json,blend_0.00,200,10,0.6897290842071313,0.004702825756916714,False
audit.json,blend_0.25,200,10,0.6889268086319001,0.004388196053434311,False
audit.json,blend_0.50,200,10,0.677062021089697,0.004138615242136892,False
audit.json,blend_0.75,200,10,0.6360276454546421,0.0034710291252325266,False
audit.json,blend_1.00,200,10,0.527667027033351,0.0005816045677102266,False
audit.json,pool_F,200,10,0.6697696131141904,0.004339347140325607,False
audit.json,pool_H,200,10,0.669441359631774,0.004447588960844739,False
audit.json,pool_RF60,200,10,0.6949226001150491,0.00413739817598706,False
audit.json,pool_RF60_smooth,200,10,0.7226156106805931,0.007058324259328295,False
audit.json,pool_blend_0.00,200,10,0.6949226001150491,0.00413739817598706,False
audit.json,pool_blend_0.25,200,10,0.6951446761127656,0.003147501322908588,False
audit.json,pool_blend_0.50,200,10,0.6776152062225032,0.0035409864746043223,False
audit.json,pool_blend_0.75,200,10,0.6284056895347432,0.0035877948280709213,False
audit.json,pool_blend_1.00,200,10,0.527667027033351,0.0005816045677102266,False
audit.json,pool_metric,200,10,0.6565633049557289,0.004417462021109709,False
audit_repeat.json,EXP010,5,10,0.5524282512915606,0.05953945456097259,True
audit_repeat.json,EXPF,5,10,0.552745164528418,0.0364655502705781,True
audit_repeat.json,H_4k,5,10,0.5163813512378488,0.07157213247220826,True
audit_repeat.json,H_half,5,10,0.5426974688578831,0.04502271403408382,True
audit_repeat.json,H_k,5,10,0.53582450072864,0.0519077174421931,True
audit_repeat.json,H_mean,5,10,0.5652739813598718,0.04343059338590209,True
audit_repeat.json,LR60,5,10,0.546774279954254,0.031061638972229355,True
audit_repeat.json,LR60_smooth,5,10,0.5636364150327634,0.03601506708320061,True
audit_repeat.json,RF60,5,10,0.5369408820385431,0.03708811370630893,True
audit_repeat.json,RF60_smooth,5,10,0.5548264230214242,0.0400981856548064,True
audit_repeat.json,blend_0.00,5,10,0.5369408820385431,0.03708811370630893,True
audit_repeat.json,blend_0.25,5,10,0.5761192357113838,0.033489198815448616,True
audit_repeat.json,blend_0.50,5,10,0.6007830315422847,0.02391432257602247,True
audit_repeat.json,blend_0.75,5,10,0.5871549969823903,0.01588362440982541,True
audit_repeat.json,blend_1.00,5,10,0.529592329048082,7.423586774415969e-05,True
audit_repeat.json,pool_F,5,10,0.5323908522367942,0.041409205629225475,True
audit_repeat.json,pool_H,5,10,0.50940220900252,0.0585251034316249,True
audit_repeat.json,pool_RF60,5,10,0.511426860607185,0.03127486021605067,True
audit_repeat.json,pool_RF60_smooth,5,10,0.5398300598317296,0.03995974509198207,True
audit_repeat.json,pool_blend_0.00,5,10,0.511426860607185,0.03127486021605067,True
audit_repeat.json,pool_blend_0.25,5,10,0.5742509907629817,0.027887847712299588,True
audit_repeat.json,pool_blend_0.50,5,10,0.5922233486816821,0.018026309613625374,True
audit_repeat.json,pool_blend_0.75,5,10,0.5688575126723523,0.00838188862719111,True
audit_repeat.json,pool_blend_1.00,5,10,0.529592329048082,7.423586774415969e-05,True
audit_repeat.json,pool_metric,5,10,0.4999014801526469,0.06767969810692691,True
audit_repeat.json,EXP010,25,10,0.6121741816869667,0.013057264399624555,True
audit_repeat.json,EXPF,25,10,0.6380096808883864,0.014197329025392124,True
audit_repeat.json,H_4k,25,10,0.6204902912657795,0.013698416695338427,True
audit_repeat.json,H_half,25,10,0.6261566581357354,0.013794750479252557,True
audit_repeat.json,H_k,25,10,0.6326834814807001,0.013910829250932882,True
audit_repeat.json,H_mean,25,10,0.6382252227102334,0.01452363888321306,True
audit_repeat.json,LR60,25,10,0.6296320502611359,0.016244882976425186,True
audit_repeat.json,LR60_smooth,25,10,0.6534189097847128,0.015269252229607493,True
audit_repeat.json,RF60,25,10,0.6389018240130351,0.0169799509579301,True
audit_repeat.json,RF60_smooth,25,10,0.664676011058363,0.015333130731401096,True
audit_repeat.json,blend_0.00,25,10,0.6389018240130351,0.0169799509579301,True
audit_repeat.json,blend_0.25,25,10,0.6463452404078686,0.0152636771930591,True
audit_repeat.json,blend_0.50,25,10,0.6457917746171985,0.012485662056789219,True
audit_repeat.json,blend_0.75,25,10,0.6172311581779034,0.008795827214525547,True
audit_repeat.json,blend_1.00,25,10,0.5294160581907936,0.00019510374264940754,True
audit_repeat.json,pool_F,25,10,0.6376286425392108,0.01345131735809727,True
audit_repeat.json,pool_H,25,10,0.6339312460655158,0.013750466004962623,True
audit_repeat.json,pool_RF60,25,10,0.6360244282589818,0.012916636952969117,True
audit_repeat.json,pool_RF60_smooth,25,10,0.6679640075053587,0.012806277777793295,True
audit_repeat.json,pool_blend_0.00,25,10,0.6360244282589818,0.012916636952969117,True
audit_repeat.json,pool_blend_0.25,25,10,0.6504581336311491,0.012523431323244233,True
audit_repeat.json,pool_blend_0.50,25,10,0.6449472595782377,0.011824065312814401,True
audit_repeat.json,pool_blend_0.75,25,10,0.6028063947532143,0.008957902775025641,True
audit_repeat.json,pool_blend_1.00,25,10,0.5294160581907936,0.00019510374264940754,True
audit_repeat.json,pool_metric,25,10,0.6163912334286638,0.020928663820679157,True
audit_repeat.json,EXP010,50,10,0.6172730111272244,0.007838735449785847,True
audit_repeat.json,EXPF,50,10,0.6495378917537951,0.00941672578150858,True
audit_repeat.json,H_4k,50,10,0.642423073909772,0.010270578868125319,True
audit_repeat.json,H_half,50,10,0.6415200268985985,0.010472291187858552,True
audit_repeat.json,H_k,50,10,0.6484386177453629,0.010072826650087475,True
audit_repeat.json,H_mean,50,10,0.650895660163399,0.009698439696404625,True
audit_repeat.json,LR60,50,10,0.651204146440564,0.010910639983486915,True
audit_repeat.json,LR60_smooth,50,10,0.6703803940205266,0.013170124890562901,True
audit_repeat.json,RF60,50,10,0.6542319876824856,0.01086119327490589,True
audit_repeat.json,RF60_smooth,50,10,0.6823248077564034,0.012702441108581965,True
audit_repeat.json,blend_0.00,50,10,0.6542319876824856,0.01086119327490589,True
audit_repeat.json,blend_0.25,50,10,0.6593283307340534,0.009840914194963416,True
audit_repeat.json,blend_0.50,50,10,0.6557107000211108,0.007797722145995158,True
audit_repeat.json,blend_0.75,50,10,0.6232479608457834,0.005227339713646366,True
audit_repeat.json,blend_1.00,50,10,0.529186736425362,0.00040553743255472845,True
audit_repeat.json,pool_F,50,10,0.6541456845366709,0.009098825916769224,True
audit_repeat.json,pool_H,50,10,0.6533672064751028,0.010417144586891395,True
audit_repeat.json,pool_RF60,50,10,0.6530350474674218,0.006069491367631568,True
audit_repeat.json,pool_RF60_smooth,50,10,0.683541426538136,0.008668099127821292,True
audit_repeat.json,pool_blend_0.00,50,10,0.6530350474674218,0.006069491367631568,True
audit_repeat.json,pool_blend_0.25,50,10,0.6631651598052773,0.005805430665931977,True
audit_repeat.json,pool_blend_0.50,50,10,0.6550666115304369,0.00623855187418962,True
audit_repeat.json,pool_blend_0.75,50,10,0.6113267189875428,0.005504521410908935,True
audit_repeat.json,pool_blend_1.00,50,10,0.529186736425362,0.00040553743255472845,True
audit_repeat.json,pool_metric,50,10,0.6423137020662854,0.009807880906179916,True
audit_repeat.json,EXP010,100,10,0.6195128242719973,0.004769562795261893,True
audit_repeat.json,EXPF,100,10,0.653269495575731,0.0058105197012517885,True
audit_repeat.json,H_4k,100,10,0.6492159793391108,0.006650498957289903,True
audit_repeat.json,H_half,100,10,0.6444214406805304,0.007079033758595087,True
audit_repeat.json,H_k,100,10,0.6525498188141496,0.006095881201201091,True
audit_repeat.json,H_mean,100,10,0.6540121628305597,0.005918320189920532,True
audit_repeat.json,LR60,100,10,0.6692955997649882,0.007104207138216962,True
audit_repeat.json,LR60_smooth,100,10,0.6834409363576284,0.008129967433770332,True
audit_repeat.json,RF60,100,10,0.6734247192447201,0.006462428056540176,True
audit_repeat.json,RF60_smooth,100,10,0.7018778568187909,0.007380947480194265,True
audit_repeat.json,blend_0.00,100,10,0.6734247192447201,0.006462428056540176,True
audit_repeat.json,blend_0.25,100,10,0.6747221281879764,0.006256845604284032,True
audit_repeat.json,blend_0.50,100,10,0.6661057521297701,0.007204642708821029,True
audit_repeat.json,blend_0.75,100,10,0.6282859208223848,0.005183965520624615,True
audit_repeat.json,blend_1.00,100,10,0.5286756163511137,0.0005109003032926276,True
audit_repeat.json,pool_F,100,10,0.6619010882484377,0.006922320699593483,True
audit_repeat.json,pool_H,100,10,0.6616688895044438,0.0076134446282678635,True
audit_repeat.json,pool_RF60,100,10,0.6801688428074346,0.0049024149258543905,True
audit_repeat.json,pool_RF60_smooth,100,10,0.7072888307859858,0.005938976776890836,True
audit_repeat.json,pool_blend_0.00,100,10,0.6801688428074346,0.0049024149258543905,True
audit_repeat.json,pool_blend_0.25,100,10,0.6828408998163883,0.004846903285705889,True
audit_repeat.json,pool_blend_0.50,100,10,0.6694402805451023,0.005967960343950552,True
audit_repeat.json,pool_blend_0.75,100,10,0.6213786616096033,0.004883188286721007,True
audit_repeat.json,pool_blend_1.00,100,10,0.5286756163511137,0.0005109003032926276,True
audit_repeat.json,pool_metric,100,10,0.6501517660138261,0.006778632217027137,True
audit_repeat.json,EXP010,200,10,0.6239824550341563,0.003646326006963635,True
audit_repeat.json,EXPF,200,10,0.6586638928486178,0.004417220270085537,True
audit_repeat.json,H_4k,200,10,0.6563420633924667,0.0038758284080931907,True
audit_repeat.json,H_half,200,10,0.6490871951025553,0.003713949023743004,True
audit_repeat.json,H_k,200,10,0.6582452245455478,0.004046819393992734,True
audit_repeat.json,H_mean,200,10,0.6590916462258982,0.004085558180307973,True
audit_repeat.json,LR60,200,10,0.6832754015658893,0.006498761018422902,True
audit_repeat.json,LR60_smooth,200,10,0.6957633844226272,0.007895541269670478,True
audit_repeat.json,RF60,200,10,0.6897290842071313,0.004702825756916714,True
audit_repeat.json,RF60_smooth,200,10,0.7191926670186808,0.006286531768048763,True
audit_repeat.json,blend_0.00,200,10,0.6897290842071313,0.004702825756916714,True
audit_repeat.json,blend_0.25,200,10,0.6889268086319001,0.004388196053434311,True
audit_repeat.json,blend_0.50,200,10,0.677062021089697,0.004138615242136892,True
audit_repeat.json,blend_0.75,200,10,0.6360276454546421,0.0034710291252325266,True
audit_repeat.json,blend_1.00,200,10,0.527667027033351,0.0005816045677102266,True
audit_repeat.json,pool_F,200,10,0.6697696131141904,0.004339347140325607,True
audit_repeat.json,pool_H,200,10,0.669441359631774,0.004447588960844739,True
audit_repeat.json,pool_RF60,200,10,0.6949226001150491,0.00413739817598706,True
audit_repeat.json,pool_RF60_smooth,200,10,0.7226156106805931,0.007058324259328295,True
audit_repeat.json,pool_blend_0.00,200,10,0.6949226001150491,0.00413739817598706,True
audit_repeat.json,pool_blend_0.25,200,10,0.6951446761127656,0.003147501322908588,True
audit_repeat.json,pool_blend_0.50,200,10,0.6776152062225032,0.0035409864746043223,True
audit_repeat.json,pool_blend_0.75,200,10,0.6284056895347432,0.0035877948280709213,True
audit_repeat.json,pool_blend_1.00,200,10,0.527667027033351,0.0005816045677102266,True
audit_repeat.json,pool_metric,200,10,0.6565633049557289,0.004417462021109709,True
capacity_leaf1_audit.json,ASTRA_AGF,5,10,0.6510440838173619,0.012631841475831298,False
capacity_leaf1_audit.json,ASTRA_AGF,25,10,0.6889369448793962,0.011229725115923534,False
capacity_leaf1_audit.json,ASTRA_AGF,50,10,0.7002893292775829,0.00868922068432667,False
capacity_leaf1_audit.json,ASTRA_AGF,100,10,0.7169969373660733,0.006024695548261882,False
capacity_leaf1_audit.json,ASTRA_AGF,200,10,0.7337313728555273,0.006284508875080902,False
capacity_leaf1_audit_repeat.json,ASTRA_AGF,5,10,0.6510440838173619,0.012631841475831298,True
capacity_leaf1_audit_repeat.json,ASTRA_AGF,25,10,0.6889369448793962,0.011229725115923534,True
capacity_leaf1_audit_repeat.json,ASTRA_AGF,50,10,0.7002893292775829,0.00868922068432667,True
capacity_leaf1_audit_repeat.json,ASTRA_AGF,100,10,0.7169969373660733,0.006024695548261882,True
capacity_leaf1_audit_repeat.json,ASTRA_AGF,200,10,0.7337313728555273,0.006284508875080902,True
capacity_leaf1_fresh.json,ASTRA_AGF,5,10,0.6533695536054085,0.007355545294851891,False
capacity_leaf1_fresh.json,ASTRA_AGF,25,10,0.6801955281424965,0.010043592743418175,False
capacity_leaf1_fresh.json,ASTRA_AGF,50,10,0.6958866742939855,0.010031182337367068,False
capacity_leaf1_fresh.json,ASTRA_AGF,100,10,0.7150321180379609,0.010942897349117697,False
capacity_leaf1_fresh.json,ASTRA_AGF,200,10,0.7309831382545424,0.007792177391583543,False
capacity_leaf1_spatial.json,ASTRA_AGF,5,10,0.6441861901384032,0.02064263026844414,False
capacity_leaf1_spatial.json,ASTRA_AGF,25,10,0.6723972451795065,0.02483524797762719,False
capacity_leaf1_spatial.json,ASTRA_AGF,50,10,0.6781304059374179,0.023271981472958527,False
capacity_leaf1_spatial.json,ASTRA_AGF,100,10,0.6847283249748124,0.024120161233245802,False
capacity_leaf1_spatial.json,ASTRA_AGF,200,10,0.6896720110463443,0.02054876367817714,False
capacity_leaf2_audit.json,ASTRA_AGF,5,10,0.6507305509153491,0.012699464616753467,False
capacity_leaf2_audit.json,ASTRA_AGF,25,10,0.6879218813638068,0.00989732641497951,False
capacity_leaf2_audit.json,ASTRA_AGF,50,10,0.6985202785197129,0.009379911349051157,False
capacity_leaf2_audit.json,ASTRA_AGF,100,10,0.7137969336686923,0.00793844994670348,False
capacity_leaf2_audit.json,ASTRA_AGF,200,10,0.7293237092920164,0.00721657522210571,False
competitor_protocol.json,EXP010,5,20,0.5845565639728034,0.031052662170843858,False
competitor_protocol.json,RF60_smooth,5,20,0.5749794236669905,0.043981443410918586,False
competitor_protocol.json,pool_RF60_smooth,5,20,0.5380207102057718,0.04185267282255797,False
competitor_protocol.json,EXP010,25,20,0.6059042732198298,0.021735934714513593,False
competitor_protocol.json,RF60_smooth,25,20,0.6516907793189434,0.015143538123540674,False
competitor_protocol.json,pool_RF60_smooth,25,20,0.6552330581067842,0.016517821775674037,False
competitor_protocol.json,EXP010,50,20,0.6145138181539354,0.00733008395749977,False
competitor_protocol.json,RF60_smooth,50,20,0.668701634369173,0.00826605937248509,False
competitor_protocol.json,pool_RF60_smooth,50,20,0.677655846155641,0.010649243962565313,False
competitor_protocol.json,EXP010,100,20,0.6253743093451003,0.004250955343043216,False
competitor_protocol.json,RF60_smooth,100,20,0.6933356615261411,0.008212648978872247,False
competitor_protocol.json,pool_RF60_smooth,100,20,0.6979224054600288,0.009719339239800654,False
competitor_protocol.json,EXP010,200,20,0.6252101513217438,0.0028508696314417515,False
competitor_protocol.json,RF60_smooth,200,20,0.7190261415649921,0.00509123179210789,False
competitor_protocol.json,pool_RF60_smooth,200,20,0.7256064481020912,0.006446590865220432,False
context_audit.json,context_pool,5,10,0.5044937805162094,0.04595031959948982,False
context_audit.json,context_pool_cc1,5,10,0.5895791544721968,0.012988703575780745,False
context_audit.json,context_pool_cc1_grid,5,10,0.606258395018112,0.014633192860026002,False
context_audit.json,context_pool_grid,5,10,0.5193735694826085,0.05075273996467238,False
context_audit.json,context_raw,5,10,0.5602627293288058,0.03177438625000894,False
context_audit.json,context_raw_cc1,5,10,0.6147711645565613,0.013996775794326137,False
context_audit.json,context_raw_cc1_grid,5,10,0.629923937817354,0.015814027372109147,False
context_audit.json,context_raw_grid,5,10,0.5674795806744448,0.032483166102052055,False
context_audit.json,context_pool,25,10,0.6419528832634075,0.010553056132555591,False
context_audit.json,context_pool_cc1,25,10,0.665578473217374,0.010881176334807823,False
context_audit.json,context_pool_cc1_grid,25,10,0.6784073742829547,0.009969022150818298,False
context_audit.json,context_pool_grid,25,10,0.6582871471867827,0.010841436254290706,False
context_audit.json,context_raw,25,10,0.6558591185440659,0.014266297323665534,False
context_audit.json,context_raw_cc1,25,10,0.6646278268377024,0.011565094483687952,False
context_audit.json,context_raw_cc1_grid,25,10,0.6718545050935334,0.010530379741988631,False
context_audit.json,context_raw_grid,25,10,0.6628343626715714,0.012848271636238069,False
context_audit.json,context_pool,50,10,0.6654266264480645,0.00835955375448353,False
context_audit.json,context_pool_cc1,50,10,0.6772953594510773,0.007066107639113143,False
context_audit.json,context_pool_cc1_grid,50,10,0.6902364495649234,0.006360406244532361,False
context_audit.json,context_pool_grid,50,10,0.6802885904132501,0.007867524878397465,False
context_audit.json,context_raw,50,10,0.6728294294936872,0.010402933999252123,False
context_audit.json,context_raw_cc1,50,10,0.6773060408333309,0.009914885134625821,False
context_audit.json,context_raw_cc1_grid,50,10,0.6852810466164024,0.009692085563009122,False
context_audit.json,context_raw_grid,50,10,0.6805842440575216,0.010230578472700801,False
context_audit.json,context_pool,100,10,0.6879739264001549,0.004687407281360095,False
context_audit.json,context_pool_cc1,100,10,0.6927977866327892,0.004638328990106153,False
context_audit.json,context_pool_cc1_grid,100,10,0.7074304240126604,0.00483011241713408,False
context_audit.json,context_pool_grid,100,10,0.7037452340614894,0.004854361830307328,False
context_audit.json,context_raw,100,10,0.6960371869137278,0.004330261219661129,False
context_audit.json,context_raw_cc1,100,10,0.6972398828037025,0.004998282009089413,False
context_audit.json,context_raw_cc1_grid,100,10,0.7064457685810749,0.00443047915347265,False
context_audit.json,context_raw_grid,100,10,0.7049780652138696,0.004054424808818476,False
context_audit.json,context_pool,200,10,0.7073527434821756,0.006916996446170618,False
context_audit.json,context_pool_cc1,200,10,0.7092269585887732,0.00689345196285346,False
context_audit.json,context_pool_cc1_grid,200,10,0.7235044129409314,0.0072619920858633035,False
context_audit.json,context_pool_grid,200,10,0.7221747108284035,0.007450262414667408,False
context_audit.json,context_raw,200,10,0.7110431409470809,0.004459063857060835,False
context_audit.json,context_raw_cc1,200,10,0.7112097986615339,0.004719073271332989,False
context_audit.json,context_raw_cc1_grid,200,10,0.7203064836559194,0.00529848639085775,False
context_audit.json,context_raw_grid,200,10,0.7203533092850167,0.005230236817109234,False
final_100.json,ASTRA_AGF,5,100,0.6529026869458866,0.011410085382660367,False
final_100.json,EXP010,5,100,0.5741713335063602,0.039163854225997614,False
final_100.json,EXPF,5,100,0.5586335062816626,0.04747553027801199,False
final_100.json,EXPH,5,100,0.5777340752928705,0.04250524010671334,False
final_100.json,ASTRA_AGF,25,100,0.6831534286442804,0.013056383517837864,False
final_100.json,EXP010,25,100,0.609904683358457,0.016720896611996373,False
final_100.json,EXPF,25,100,0.6341564939734414,0.015235509440401999,False
final_100.json,EXPH,25,100,0.6384733747434488,0.013663515816571149,False
final_100.json,ASTRA_AGF,50,100,0.7015596005289088,0.00979869175286581,False
final_100.json,EXP010,50,100,0.6199074825192585,0.008840905145839451,False
final_100.json,EXPF,50,100,0.6495641603578651,0.008440114480413343,False
final_100.json,EXPH,50,100,0.6509681835671493,0.008053873398814264,False
final_100.json,ASTRA_AGF,100,100,0.7191987353293201,0.007682112148512209,False
final_100.json,EXP010,100,100,0.6230102673719307,0.004884456797367146,False
final_100.json,EXPF,100,100,0.6552820190637861,0.006493992331518324,False
final_100.json,EXPH,100,100,0.6560445419202149,0.006320331752066283,False
final_100.json,ASTRA_AGF,200,100,0.735239224917979,0.005406342581275248,False
final_100.json,EXP010,200,100,0.6244485312092569,0.0037703870868148284,False
final_100.json,EXPF,200,100,0.6578443891576364,0.005024662266832895,False
final_100.json,EXPH,200,100,0.6581885536960351,0.00502264465161614,False
final_100_repeat.json,ASTRA_AGF,5,100,0.6529026869458866,0.011410085382660367,True
final_100_repeat.json,EXP010,5,100,0.5741713335063602,0.039163854225997614,True
final_100_repeat.json,EXPF,5,100,0.5586335062816626,0.04747553027801199,True
final_100_repeat.json,EXPH,5,100,0.5777340752928705,0.04250524010671334,True
final_100_repeat.json,ASTRA_AGF,25,100,0.6831534286442804,0.013056383517837864,True
final_100_repeat.json,EXP010,25,100,0.609904683358457,0.016720896611996373,True
final_100_repeat.json,EXPF,25,100,0.6341564939734414,0.015235509440401999,True
final_100_repeat.json,EXPH,25,100,0.6384733747434488,0.013663515816571149,True
final_100_repeat.json,ASTRA_AGF,50,100,0.7015596005289088,0.00979869175286581,True
final_100_repeat.json,EXP010,50,100,0.6199074825192585,0.008840905145839451,True
final_100_repeat.json,EXPF,50,100,0.6495641603578651,0.008440114480413343,True
final_100_repeat.json,EXPH,50,100,0.6509681835671493,0.008053873398814264,True
final_100_repeat.json,ASTRA_AGF,100,100,0.7191987353293201,0.007682112148512209,True
final_100_repeat.json,EXP010,100,100,0.6230102673719307,0.004884456797367146,True
final_100_repeat.json,EXPF,100,100,0.6552820190637861,0.006493992331518324,True
final_100_repeat.json,EXPH,100,100,0.6560445419202149,0.006320331752066283,True
final_100_repeat.json,ASTRA_AGF,200,100,0.735239224917979,0.005406342581275248,True
final_100_repeat.json,EXP010,200,100,0.6244485312092569,0.0037703870868148284,True
final_100_repeat.json,EXPF,200,100,0.6578443891576364,0.005024662266832895,True
final_100_repeat.json,EXPH,200,100,0.6581885536960351,0.00502264465161614,True
final_competitor_protocol.json,ASTRA_AGF,5,20,0.6567892694394957,0.008917530364020685,False
final_competitor_protocol.json,ASTRA_AGF,25,20,0.6798575328400946,0.014316532164035826,False
final_competitor_protocol.json,ASTRA_AGF,50,20,0.6951487859326322,0.0077162462835892,False
final_competitor_protocol.json,ASTRA_AGF,100,20,0.7125677606689875,0.010724082510420901,False
final_competitor_protocol.json,ASTRA_AGF,200,20,0.7373876751115922,0.006338533871037164,False
final_competitor_protocol_repeat.json,ASTRA_AGF,5,20,0.6567892694394957,0.008917530364020685,True
final_competitor_protocol_repeat.json,ASTRA_AGF,25,20,0.6798575328400946,0.014316532164035826,True
final_competitor_protocol_repeat.json,ASTRA_AGF,50,20,0.6951487859326322,0.0077162462835892,True
final_competitor_protocol_repeat.json,ASTRA_AGF,100,20,0.7125677606689875,0.010724082510420901,True
final_competitor_protocol_repeat.json,ASTRA_AGF,200,20,0.7373876751115922,0.006338533871037164,True
final_yspatial.json,ASTRA_AGF,5,10,0.6530840531804365,0.06254475933917207,False
final_yspatial.json,EXP010,5,10,0.5744596549637297,0.04795024248478483,False
final_yspatial.json,EXPF,5,10,0.5310756203921744,0.059467207203233105,False
final_yspatial.json,EXPH,5,10,0.5765146864048473,0.048863787843118525,False
final_yspatial.json,ASTRA_AGF,25,10,0.6770156156376488,0.059959299756292085,False
final_yspatial.json,EXP010,25,10,0.6019310359776512,0.05659980864596752,False
final_yspatial.json,EXPF,25,10,0.6210317781715406,0.05574811272663351,False
final_yspatial.json,EXPH,25,10,0.6277095987524642,0.06246112591892537,False
final_yspatial.json,ASTRA_AGF,50,10,0.6812325447783991,0.05222334650230808,False
final_yspatial.json,EXP010,50,10,0.6144344062146722,0.05560729166179351,False
final_yspatial.json,EXPF,50,10,0.6341723972857943,0.05037194487542299,False
final_yspatial.json,EXPH,50,10,0.6394219650237465,0.05644546703516146,False
final_yspatial.json,ASTRA_AGF,100,10,0.6959962279218033,0.0472083820096529,False
final_yspatial.json,EXP010,100,10,0.6150374802641994,0.058615415251269364,False
final_yspatial.json,EXPF,100,10,0.6424903495256984,0.056866102387161645,False
final_yspatial.json,EXPH,100,10,0.6445517774509361,0.05969527841260184,False
final_yspatial.json,ASTRA_AGF,200,10,0.7050828175015309,0.047647425479380875,False
final_yspatial.json,EXP010,200,10,0.6180986887013513,0.060302418446341946,False
final_yspatial.json,EXPF,200,10,0.6469158253809124,0.05997708035885569,False
final_yspatial.json,EXPH,200,10,0.647862838614673,0.06157461338960827,False
final_yspatial_repeat.json,ASTRA_AGF,5,10,0.6530840531804365,0.06254475933917207,True
final_yspatial_repeat.json,EXP010,5,10,0.5744596549637297,0.04795024248478483,True
final_yspatial_repeat.json,EXPF,5,10,0.5310756203921744,0.059467207203233105,True
final_yspatial_repeat.json,EXPH,5,10,0.5765146864048473,0.048863787843118525,True
final_yspatial_repeat.json,ASTRA_AGF,25,10,0.6770156156376488,0.059959299756292085,True
final_yspatial_repeat.json,EXP010,25,10,0.6019310359776512,0.05659980864596752,True
final_yspatial_repeat.json,EXPF,25,10,0.6210317781715406,0.05574811272663351,True
final_yspatial_repeat.json,EXPH,25,10,0.6277095987524642,0.06246112591892537,True
final_yspatial_repeat.json,ASTRA_AGF,50,10,0.6812325447783991,0.05222334650230808,True
final_yspatial_repeat.json,EXP010,50,10,0.6144344062146722,0.05560729166179351,True
final_yspatial_repeat.json,EXPF,50,10,0.6341723972857943,0.05037194487542299,True
final_yspatial_repeat.json,EXPH,50,10,0.6394219650237465,0.05644546703516146,True
final_yspatial_repeat.json,ASTRA_AGF,100,10,0.6959962279218033,0.0472083820096529,True
final_yspatial_repeat.json,EXP010,100,10,0.6150374802641994,0.058615415251269364,True
final_yspatial_repeat.json,EXPF,100,10,0.6424903495256984,0.056866102387161645,True
final_yspatial_repeat.json,EXPH,100,10,0.6445517774509361,0.05969527841260184,True
final_yspatial_repeat.json,ASTRA_AGF,200,10,0.7050828175015309,0.047647425479380875,True
final_yspatial_repeat.json,EXP010,200,10,0.6180986887013513,0.060302418446341946,True
final_yspatial_repeat.json,EXPF,200,10,0.6469158253809124,0.05997708035885569,True
final_yspatial_repeat.json,EXPH,200,10,0.647862838614673,0.06157461338960827,True
fresh.json,EXP010,5,10,0.5761192378643889,0.05166985822228448,False
fresh.json,EXPF,5,10,0.5655485744555515,0.044052836554602,False
fresh.json,H_4k,5,10,0.5406132832368499,0.04988204169082011,False
fresh.json,H_half,5,10,0.5573564457949501,0.04872441398653589,False
fresh.json,H_k,5,10,0.5543053430817431,0.04960622230566264,False
fresh.json,H_mean,5,10,0.5769554973325016,0.04534123246057167,False
fresh.json,LR60,5,10,0.5668820745619831,0.0301388808270785,False
fresh.json,LR60_smooth,5,10,0.5825620726916559,0.03349627221112781,False
fresh.json,RF60,5,10,0.553749111029985,0.03786335973176316,False
fresh.json,RF60_smooth,5,10,0.572743753305362,0.03930955374942296,False
fresh.json,blend_0.00,5,10,0.553749111029985,0.03786335973176316,False
fresh.json,blend_0.25,5,10,0.5839736289040309,0.029045234362977297,False
fresh.json,blend_0.50,5,10,0.5993784378223587,0.018475905930760695,False
fresh.json,blend_0.75,5,10,0.5786000312543133,0.012688862512868824,False
fresh.json,blend_1.00,5,10,0.529548208987501,4.036929718165108e-05,False
fresh.json,pool_F,5,10,0.5433257534479983,0.046442386220741476,False
fresh.json,pool_H,5,10,0.5306086886199264,0.05039631454279242,False
fresh.json,pool_RF60,5,10,0.5184997074089909,0.04196590226477174,False
fresh.json,pool_RF60_smooth,5,10,0.5489103501521027,0.043318388113398595,False
fresh.json,pool_blend_0.00,5,10,0.5184997074089909,0.04196590226477174,False
fresh.json,pool_blend_0.25,5,10,0.5757158566572069,0.027890314058551465,False
fresh.json,pool_blend_0.50,5,10,0.591900175397809,0.01958838857340718,False
fresh.json,pool_blend_0.75,5,10,0.5661444557085351,0.011719481770474936,False
fresh.json,pool_blend_1.00,5,10,0.529548208987501,4.036929718165108e-05,False
fresh.json,pool_metric,5,10,0.5222424509734314,0.06201166964146855,False
fresh.json,EXP010,25,10,0.6129325955788264,0.012630836656367292,False
fresh.json,EXPF,25,10,0.6396116866247673,0.017488730336308843,False
fresh.json,H_4k,25,10,0.6266671870030457,0.009680766895201849,False
fresh.json,H_half,25,10,0.6323088077446218,0.011006250092416953,False
fresh.json,H_k,25,10,0.6375676202189993,0.013163086840403508,False
fresh.json,H_mean,25,10,0.645958929539419,0.010486562715591946,False
fresh.json,LR60,25,10,0.6162425800653284,0.01528987033007967,False
fresh.json,LR60_smooth,25,10,0.6356969750849448,0.0210396454023874,False
fresh.json,RF60,25,10,0.6281110278674144,0.017790791394307465,False
fresh.json,RF60_smooth,25,10,0.6519246447094516,0.019981478471106776,False
fresh.json,blend_0.00,25,10,0.6281110278674144,0.017790791394307465,False
fresh.json,blend_0.25,25,10,0.6374833447423794,0.015145544145821623,False
fresh.json,blend_0.50,25,10,0.6410519438688242,0.012345129455646234,False
fresh.json,blend_0.75,25,10,0.6128488064289714,0.009864786072148236,False
fresh.json,blend_1.00,25,10,0.5293945268171395,0.00011496706229606423,False
fresh.json,pool_F,25,10,0.6356400329104102,0.017216853543100652,False
fresh.json,pool_H,25,10,0.6360537673202047,0.015185051730905622,False
fresh.json,pool_RF60,25,10,0.6269561583874548,0.01267594398979896,False
fresh.json,pool_RF60_smooth,25,10,0.656019332960503,0.014580409728185126,False
fresh.json,pool_blend_0.00,25,10,0.6269561583874548,0.01267594398979896,False
fresh.json,pool_blend_0.25,25,10,0.6419228684014704,0.011397817219908344,False
fresh.json,pool_blend_0.50,25,10,0.6383534254415578,0.00878318158705672,False
fresh.json,pool_blend_0.75,25,10,0.5975878887272525,0.0075802385137906545,False
fresh.json,pool_blend_1.00,25,10,0.5293945268171395,0.00011496706229606423,False
fresh.json,pool_metric,25,10,0.6308999720244521,0.01298543803100115,False
fresh.json,EXP010,50,10,0.6233820908422509,0.007430754999283032,False
fresh.json,EXPF,50,10,0.6508359792014844,0.010332620434935907,False
fresh.json,H_4k,50,10,0.6431123137632376,0.008131364621796023,False
fresh.json,H_half,50,10,0.6420916571840776,0.008209262358483942,False
fresh.json,H_k,50,10,0.6498701007345188,0.00921827745815017,False
fresh.json,H_mean,50,10,0.6528396349885985,0.008787936165575315,False
fresh.json,LR60,50,10,0.6446569058248123,0.012875063760327002,False
fresh.json,LR60_smooth,50,10,0.6635559510242584,0.01675394097086107,False
fresh.json,RF60,50,10,0.6523275034778984,0.009681227886592439,False
fresh.json,RF60_smooth,50,10,0.6793209212501334,0.011849393836350879,False
fresh.json,blend_0.00,50,10,0.6523275034778984,0.009681227886592439,False
fresh.json,blend_0.25,50,10,0.6563522106451931,0.009013021976305585,False
fresh.json,blend_0.50,50,10,0.6536203087993908,0.00757317717161767,False
fresh.json,blend_0.75,50,10,0.6214045849785863,0.008159856893023107,False
fresh.json,blend_1.00,50,10,0.5291810739389752,0.00019895575420223458,False
fresh.json,pool_F,50,10,0.653634082294905,0.012075503026296836,False
fresh.json,pool_H,50,10,0.6533454065021516,0.011341022457645922,False
fresh.json,pool_RF60,50,10,0.6534328345825429,0.011790393544606023,False
fresh.json,pool_RF60_smooth,50,10,0.6804168257506914,0.016079076607630225,False
fresh.json,pool_blend_0.00,50,10,0.6534328345825429,0.011790393544606023,False
fresh.json,pool_blend_0.25,50,10,0.6619225720742328,0.01081661943579479,False
fresh.json,pool_blend_0.50,50,10,0.6527210088612583,0.007781527195084952,False
fresh.json,pool_blend_0.75,50,10,0.6097917690273826,0.00713568080696803,False
fresh.json,pool_blend_1.00,50,10,0.5291810739389752,0.00019895575420223458,False
fresh.json,pool_metric,50,10,0.6444522940529374,0.0094767280515405,False
fresh.json,EXP010,100,10,0.6257147025037003,0.0029869691989076416,False
fresh.json,EXPF,100,10,0.6576486707182169,0.006406581932163245,False
fresh.json,H_4k,100,10,0.6535301226567036,0.004627883611212857,False
fresh.json,H_half,100,10,0.6482187557778425,0.004088504943366975,False
fresh.json,H_k,100,10,0.6568737629027183,0.005676607386363169,False
fresh.json,H_mean,100,10,0.6588156572726696,0.005613084183271955,False
fresh.json,LR60,100,10,0.669199721767596,0.010068396157256179,False
fresh.json,LR60_smooth,100,10,0.6845159220936219,0.014887985255134016,False
fresh.json,RF60,100,10,0.6686694056788209,0.009582998745522472,False
fresh.json,RF60_smooth,100,10,0.6976871228842029,0.012794636268857735,False
fresh.json,blend_0.00,100,10,0.6686694056788209,0.009582998745522472,False
fresh.json,blend_0.25,100,10,0.6703183394952595,0.009080098166738246,False
fresh.json,blend_0.50,100,10,0.6640495468465923,0.008219598533933298,False
fresh.json,blend_0.75,100,10,0.6295451664444053,0.005068307951618357,False
fresh.json,blend_1.00,100,10,0.5287259191100392,0.0002858567671378193,False
fresh.json,pool_F,100,10,0.6664824646398305,0.006870993583917478,False
fresh.json,pool_H,100,10,0.6663594465918838,0.00620522528427635,False
fresh.json,pool_RF60,100,10,0.674450124249906,0.009835656384964434,False
fresh.json,pool_RF60_smooth,100,10,0.7030670061368663,0.012144319235067955,False
fresh.json,pool_blend_0.00,100,10,0.674450124249906,0.009835656384964434,False
fresh.json,pool_blend_0.25,100,10,0.6784108430963822,0.00888421614485669,False
fresh.json,pool_blend_0.50,100,10,0.6665162414241738,0.006736098175525324,False
fresh.json,pool_blend_0.75,100,10,0.6203031594306012,0.005190955792846323,False
fresh.json,pool_blend_1.00,100,10,0.5287259191100392,0.0002858567671378193,False
fresh.json,pool_metric,100,10,0.6541898073593302,0.0031124266350485994,False
fresh.json,EXP010,200,10,0.6245637453426199,0.0025575005220133335,False
fresh.json,EXPF,200,10,0.6587197519688555,0.005104898023347573,False
fresh.json,H_4k,200,10,0.6560700106396185,0.004285707510249351,False
fresh.json,H_half,200,10,0.6484567062388895,0.003368291827540679,False
fresh.json,H_k,200,10,0.6583279595744583,0.0048518828823070625,False
fresh.json,H_mean,200,10,0.6593026959503568,0.004865773436792995,False
fresh.json,LR60,200,10,0.6853832203281506,0.008836497233744458,False
fresh.json,LR60_smooth,200,10,0.6973784683102348,0.009728110632871803,False
fresh.json,RF60,200,10,0.6852594032501742,0.007846242499054804,False
fresh.json,RF60_smooth,200,10,0.7164142065109231,0.009036039322298208,False
fresh.json,blend_0.00,200,10,0.6852594032501742,0.007846242499054804,False
fresh.json,blend_0.25,200,10,0.6848601036810512,0.007357803135202862,False
fresh.json,blend_0.50,200,10,0.6744167468025648,0.006034008665545324,False
fresh.json,blend_0.75,200,10,0.6348682276355542,0.0032769770993486855,False
fresh.json,blend_1.00,200,10,0.5277127813515251,0.0005652719849952465,False
fresh.json,pool_F,200,10,0.6709845967982354,0.005535645220729938,False
fresh.json,pool_H,200,10,0.6703716236418966,0.005577891106492864,False
fresh.json,pool_RF60,200,10,0.6918881066778886,0.006297169138305567,False
fresh.json,pool_RF60_smooth,200,10,0.7207706035696473,0.007261845145359807,False
fresh.json,pool_blend_0.00,200,10,0.6918881066778886,0.006297169138305567,False
fresh.json,pool_blend_0.25,200,10,0.6926536060701218,0.00549387119090224,False
fresh.json,pool_blend_0.50,200,10,0.676928237545635,0.0050400136729212746,False
fresh.json,pool_blend_0.75,200,10,0.6267776974097579,0.0029964226733899856,False
fresh.json,pool_blend_1.00,200,10,0.5277127813515251,0.0005652719849952465,False
fresh.json,pool_metric,200,10,0.6570063036925906,0.003914085129197659,False
smoothing_audit.json,pool_cc1_gaussian,5,10,0.6118442170548353,0.010087774748694562,False
smoothing_audit.json,pool_cc1_lazy,5,10,0.606467215797469,0.009357236789466527,False
smoothing_audit.json,pool_cc1_uniform,5,10,0.6056541234134387,0.009207029777830127,False
smoothing_audit.json,pool_ctx0_gaussian,5,10,0.6270033967175719,0.020076981992568,False
smoothing_audit.json,pool_ctx0_lazy,5,10,0.6289435910393524,0.021273435759842762,False
smoothing_audit.json,pool_ctx0_uniform,5,10,0.6291182308444226,0.021508310114702615,False
smoothing_audit.json,pool_ctx1_gaussian,5,10,0.6234385637998723,0.00849206353746475,False
smoothing_audit.json,pool_ctx1_lazy,5,10,0.6224605723324418,0.009090830170989564,False
smoothing_audit.json,pool_ctx1_uniform,5,10,0.618755450173551,0.008838165700855044,False
smoothing_audit.json,pool_none_gaussian,5,10,0.5380784240328897,0.03622168578781942,False
smoothing_audit.json,pool_none_lazy,5,10,0.5353836582173168,0.03674751167319307,False
smoothing_audit.json,pool_none_uniform,5,10,0.5398300598317296,0.03995974509198207,False
smoothing_audit.json,raw_cc1_gaussian,5,10,0.6272255265521495,0.01468292524567801,False
smoothing_audit.json,raw_cc1_lazy,5,10,0.6229252370950527,0.013865465778297848,False
smoothing_audit.json,raw_cc1_uniform,5,10,0.6218755155680833,0.013504067575362117,False
smoothing_audit.json,raw_ctx0_gaussian,5,10,0.6289415143947904,0.023666043304980403,False
smoothing_audit.json,raw_ctx0_lazy,5,10,0.6302455533272378,0.024954764298008685,False
smoothing_audit.json,raw_ctx0_uniform,5,10,0.6283748967863196,0.02482104642347034,False
smoothing_audit.json,raw_ctx1_gaussian,5,10,0.6349354266527055,0.012504728639571533,False
smoothing_audit.json,raw_ctx1_lazy,5,10,0.6347435515821269,0.012217978350472829,False
smoothing_audit.json,raw_ctx1_uniform,5,10,0.6303476847646091,0.012410047905162348,False
smoothing_audit.json,raw_none_gaussian,5,10,0.5573357324079388,0.040022956290837026,False
smoothing_audit.json,raw_none_lazy,5,10,0.5559185868473133,0.03977494727861844,False
smoothing_audit.json,raw_none_uniform,5,10,0.5548264230214242,0.0400981856548064,False
smoothing_audit.json,pool_cc1_gaussian,25,10,0.6870379798875128,0.011249460109329725,False
smoothing_audit.json,pool_cc1_lazy,25,10,0.686525017241997,0.011839583966828902,False
smoothing_audit.json,pool_cc1_uniform,25,10,0.683623400353712,0.010157410875168414,False
smoothing_audit.json,pool_ctx0_gaussian,25,10,0.6778289067864784,0.01279509858681469,False
smoothing_audit.json,pool_ctx0_lazy,25,10,0.6779428495571731,0.012603902071234551,False
smoothing_audit.json,pool_ctx0_uniform,25,10,0.6756680187615104,0.01190060293528531,False
smoothing_audit.json,pool_ctx1_gaussian,25,10,0.6891932177126788,0.011057496300904577,False
smoothing_audit.json,pool_ctx1_lazy,25,10,0.689883403590312,0.011525533140390376,False
smoothing_audit.json,pool_ctx1_uniform,25,10,0.6852376461325455,0.009472515510625364,False
smoothing_audit.json,pool_none_gaussian,25,10,0.6683172087856251,0.013065837886742475,False
smoothing_audit.json,pool_none_lazy,25,10,0.6681517206515741,0.013627189376427672,False
smoothing_audit.json,pool_none_uniform,25,10,0.6679640075053587,0.012806277777793295,False
smoothing_audit.json,raw_cc1_gaussian,25,10,0.6781348006452237,0.012986633596458297,False
smoothing_audit.json,raw_cc1_lazy,25,10,0.6764482021091152,0.012851744177805722,False
smoothing_audit.json,raw_cc1_uniform,25,10,0.6742602013642127,0.011392812009725415,False
smoothing_audit.json,raw_ctx0_gaussian,25,10,0.6721793385398052,0.0158617937601645,False
smoothing_audit.json,raw_ctx0_lazy,25,10,0.6720395086390016,0.015372425083474538,False
smoothing_audit.json,raw_ctx0_uniform,25,10,0.6694529092074889,0.014495405450951722,False
smoothing_audit.json,raw_ctx1_gaussian,25,10,0.6789307749312552,0.012867175113284744,False
smoothing_audit.json,raw_ctx1_lazy,25,10,0.6790889322166366,0.01267006782084497,False
smoothing_audit.json,raw_ctx1_uniform,25,10,0.6755405730810096,0.011075561035581235,False
smoothing_audit.json,raw_none_gaussian,25,10,0.6669440039009104,0.01677473878909301,False
smoothing_audit.json,raw_none_lazy,25,10,0.6657360216086663,0.01681723671254445,False
smoothing_audit.json,raw_none_uniform,25,10,0.664676011058363,0.015333130731401096,False
smoothing_audit.json,pool_cc1_gaussian,50,10,0.6954879229616581,0.006576501600385667,False
smoothing_audit.json,pool_cc1_lazy,50,10,0.6945856840523387,0.007533273025589102,False
smoothing_audit.json,pool_cc1_uniform,50,10,0.6920763109375365,0.00823884259821475,False
smoothing_audit.json,pool_ctx0_gaussian,50,10,0.6900674063978943,0.006988255572114031,False
smoothing_audit.json,pool_ctx0_lazy,50,10,0.6895579996606387,0.0075667651135654405,False
smoothing_audit.json,pool_ctx0_uniform,50,10,0.6865420292457846,0.008571722048273991,False
smoothing_audit.json,pool_ctx1_gaussian,50,10,0.6962842960947494,0.0060998976302196264,False
smoothing_audit.json,pool_ctx1_lazy,50,10,0.6966222644252577,0.007332425383738953,False
smoothing_audit.json,pool_ctx1_uniform,50,10,0.6927786806779168,0.00804867301765308,False
smoothing_audit.json,pool_none_gaussian,50,10,0.6861686674271825,0.007357512276912741,False
smoothing_audit.json,pool_none_lazy,50,10,0.6854320292306344,0.007844717614241305,False
smoothing_audit.json,pool_none_uniform,50,10,0.683541426538136,0.008668099127821292,False
smoothing_audit.json,raw_cc1_gaussian,50,10,0.6888292523409804,0.010921930663612071,False
smoothing_audit.json,raw_cc1_lazy,50,10,0.6883947532625719,0.011142563878801649,False
smoothing_audit.json,raw_cc1_uniform,50,10,0.6871285287886916,0.01036896717528749,False
smoothing_audit.json,raw_ctx0_gaussian,50,10,0.6854781059940033,0.012391849957256536,False
smoothing_audit.json,raw_ctx0_lazy,50,10,0.6855721531272391,0.012804689573013043,False
smoothing_audit.json,raw_ctx0_uniform,50,10,0.684457844283091,0.011968601845245307,False
smoothing_audit.json,raw_ctx1_gaussian,50,10,0.6894588516996734,0.010712418368721869,False
smoothing_audit.json,raw_ctx1_lazy,50,10,0.6897520646157427,0.010989115076210731,False
smoothing_audit.json,raw_ctx1_uniform,50,10,0.6874664554022047,0.009602211333910197,False
smoothing_audit.json,raw_none_gaussian,50,10,0.6832241253612772,0.012155504989418588,False
smoothing_audit.json,raw_none_lazy,50,10,0.6829275407248832,0.012861277971185366,False
smoothing_audit.json,raw_none_uniform,50,10,0.6823248077564034,0.012702441108581965,False
smoothing_audit.json,pool_cc1_gaussian,100,10,0.7154529689741917,0.004024156262882011,False
smoothing_audit.json,pool_cc1_lazy,100,10,0.7143574078101043,0.004782439604667846,False
smoothing_audit.json,pool_cc1_uniform,100,10,0.7110644672707841,0.004546531243492258,False
smoothing_audit.json,pool_ctx0_gaussian,100,10,0.713105325942019,0.004447368675386707,False
smoothing_audit.json,pool_ctx0_lazy,100,10,0.7123973832591265,0.005248100889886727,False
smoothing_audit.json,pool_ctx0_uniform,100,10,0.7082549071606098,0.005762444330890473,False
smoothing_audit.json,pool_ctx1_gaussian,100,10,0.7158555496507618,0.003920669906052209,False
smoothing_audit.json,pool_ctx1_lazy,100,10,0.7154360090160021,0.004660944791200374,False
smoothing_audit.json,pool_ctx1_uniform,100,10,0.7113130549620371,0.004783139458024786,False
smoothing_audit.json,pool_none_gaussian,100,10,0.7119039225043187,0.004685851685951921,False
smoothing_audit.json,pool_none_lazy,100,10,0.7113139723924656,0.005747786921225697,False
smoothing_audit.json,pool_none_uniform,100,10,0.7072888307859858,0.005938976776890836,False
smoothing_audit.json,raw_cc1_gaussian,100,10,0.7061904505306076,0.006670057688904775,False
smoothing_audit.json,raw_cc1_lazy,100,10,0.7053600677047535,0.006035873596710148,False
smoothing_audit.json,raw_cc1_uniform,100,10,0.7035781816895728,0.006111300566215135,False
smoothing_audit.json,raw_ctx0_gaussian,100,10,0.7044206477899599,0.007054577858362207,False
smoothing_audit.json,raw_ctx0_lazy,100,10,0.7043386305119537,0.006582442478495679,False
smoothing_audit.json,raw_ctx0_uniform,100,10,0.7021556983084543,0.007296325976892105,False
smoothing_audit.json,raw_ctx1_gaussian,100,10,0.7060488408485666,0.006368728448737833,False
smoothing_audit.json,raw_ctx1_lazy,100,10,0.7058771343857944,0.00630792721359295,False
smoothing_audit.json,raw_ctx1_uniform,100,10,0.7037124074715067,0.0061930550134135474,False
smoothing_audit.json,raw_none_gaussian,100,10,0.7043241295504449,0.007139347566763751,False
smoothing_audit.json,raw_none_lazy,100,10,0.7039448399105922,0.006768055740344534,False
smoothing_audit.json,raw_none_uniform,100,10,0.7018778568187909,0.007380947480194265,False
smoothing_audit.json,pool_cc1_gaussian,200,10,0.7295259923133159,0.006357957448550274,False
smoothing_audit.json,pool_cc1_lazy,200,10,0.7280163432272638,0.005950820926544163,False
smoothing_audit.json,pool_cc1_uniform,200,10,0.7238455676643898,0.006445239552562862,False
smoothing_audit.json,pool_ctx0_gaussian,200,10,0.728327827156107,0.006603065145458152,False
smoothing_audit.json,pool_ctx0_lazy,200,10,0.7268078811050988,0.006306534982831206,False
smoothing_audit.json,pool_ctx0_uniform,200,10,0.7226451980606944,0.006606943750248135,False
smoothing_audit.json,pool_ctx1_gaussian,200,10,0.7295201828360265,0.0061474587185121315,False
smoothing_audit.json,pool_ctx1_lazy,200,10,0.7282271739526653,0.006064888035978525,False
smoothing_audit.json,pool_ctx1_uniform,200,10,0.7240869794426518,0.006577791319138045,False
smoothing_audit.json,pool_none_gaussian,200,10,0.728223519000399,0.006775218273940448,False
smoothing_audit.json,pool_none_lazy,200,10,0.7266213279288717,0.006407664238373678,False
smoothing_audit.json,pool_none_uniform,200,10,0.7226156106805931,0.007058324259328295,False
smoothing_audit.json,raw_cc1_gaussian,200,10,0.721510286023775,0.005401528281175515,False
smoothing_audit.json,raw_cc1_lazy,200,10,0.7215690123021131,0.005168022369052495,False
smoothing_audit.json,raw_cc1_uniform,200,10,0.7199608783378043,0.006373984034952691,False
smoothing_audit.json,raw_ctx0_gaussian,200,10,0.7210190273353685,0.005571543680681878,False
smoothing_audit.json,raw_ctx0_lazy,200,10,0.7209667573476708,0.005157769213998653,False
smoothing_audit.json,raw_ctx0_uniform,200,10,0.7192501166561154,0.006448977004865036,False
smoothing_audit.json,raw_ctx1_gaussian,200,10,0.7214928890263683,0.005528668155054274,False
smoothing_audit.json,raw_ctx1_lazy,200,10,0.7217638122752691,0.005116584569763095,False
smoothing_audit.json,raw_ctx1_uniform,200,10,0.7200016183611821,0.006270218251795735,False
smoothing_audit.json,raw_none_gaussian,200,10,0.7209748659785796,0.005642415550198153,False
smoothing_audit.json,raw_none_lazy,200,10,0.720889009536955,0.005227489505655077,False
smoothing_audit.json,raw_none_uniform,200,10,0.7191926670186808,0.006286531768048763,False
smoothing_audit_repeat.json,pool_cc1_gaussian,5,10,0.6118442170548353,0.010087774748694562,True
smoothing_audit_repeat.json,pool_cc1_lazy,5,10,0.606467215797469,0.009357236789466527,True
smoothing_audit_repeat.json,pool_cc1_uniform,5,10,0.6056541234134387,0.009207029777830127,True
smoothing_audit_repeat.json,pool_ctx0_gaussian,5,10,0.6270033967175719,0.020076981992568,True
smoothing_audit_repeat.json,pool_ctx0_lazy,5,10,0.6289435910393524,0.021273435759842762,True
smoothing_audit_repeat.json,pool_ctx0_uniform,5,10,0.6291182308444226,0.021508310114702615,True
smoothing_audit_repeat.json,pool_ctx1_gaussian,5,10,0.6234385637998723,0.00849206353746475,True
smoothing_audit_repeat.json,pool_ctx1_lazy,5,10,0.6224605723324418,0.009090830170989564,True
smoothing_audit_repeat.json,pool_ctx1_uniform,5,10,0.618755450173551,0.008838165700855044,True
smoothing_audit_repeat.json,pool_none_gaussian,5,10,0.5380784240328897,0.03622168578781942,True
smoothing_audit_repeat.json,pool_none_lazy,5,10,0.5353836582173168,0.03674751167319307,True
smoothing_audit_repeat.json,pool_none_uniform,5,10,0.5398300598317296,0.03995974509198207,True
smoothing_audit_repeat.json,raw_cc1_gaussian,5,10,0.6272255265521495,0.01468292524567801,True
smoothing_audit_repeat.json,raw_cc1_lazy,5,10,0.6229252370950527,0.013865465778297848,True
smoothing_audit_repeat.json,raw_cc1_uniform,5,10,0.6218755155680833,0.013504067575362117,True
smoothing_audit_repeat.json,raw_ctx0_gaussian,5,10,0.6289415143947904,0.023666043304980403,True
smoothing_audit_repeat.json,raw_ctx0_lazy,5,10,0.6302455533272378,0.024954764298008685,True
smoothing_audit_repeat.json,raw_ctx0_uniform,5,10,0.6283748967863196,0.02482104642347034,True
smoothing_audit_repeat.json,raw_ctx1_gaussian,5,10,0.6349354266527055,0.012504728639571533,True
smoothing_audit_repeat.json,raw_ctx1_lazy,5,10,0.6347435515821269,0.012217978350472829,True
smoothing_audit_repeat.json,raw_ctx1_uniform,5,10,0.6303476847646091,0.012410047905162348,True
smoothing_audit_repeat.json,raw_none_gaussian,5,10,0.5573357324079388,0.040022956290837026,True
smoothing_audit_repeat.json,raw_none_lazy,5,10,0.5559185868473133,0.03977494727861844,True
smoothing_audit_repeat.json,raw_none_uniform,5,10,0.5548264230214242,0.0400981856548064,True
smoothing_audit_repeat.json,pool_cc1_gaussian,25,10,0.6870379798875128,0.011249460109329725,True
smoothing_audit_repeat.json,pool_cc1_lazy,25,10,0.686525017241997,0.011839583966828902,True
smoothing_audit_repeat.json,pool_cc1_uniform,25,10,0.683623400353712,0.010157410875168414,True
smoothing_audit_repeat.json,pool_ctx0_gaussian,25,10,0.6778289067864784,0.01279509858681469,True
smoothing_audit_repeat.json,pool_ctx0_lazy,25,10,0.6779428495571731,0.012603902071234551,True
smoothing_audit_repeat.json,pool_ctx0_uniform,25,10,0.6756680187615104,0.01190060293528531,True
smoothing_audit_repeat.json,pool_ctx1_gaussian,25,10,0.6891932177126788,0.011057496300904577,True
smoothing_audit_repeat.json,pool_ctx1_lazy,25,10,0.689883403590312,0.011525533140390376,True
smoothing_audit_repeat.json,pool_ctx1_uniform,25,10,0.6852376461325455,0.009472515510625364,True
smoothing_audit_repeat.json,pool_none_gaussian,25,10,0.6683172087856251,0.013065837886742475,True
smoothing_audit_repeat.json,pool_none_lazy,25,10,0.6681517206515741,0.013627189376427672,True
smoothing_audit_repeat.json,pool_none_uniform,25,10,0.6679640075053587,0.012806277777793295,True
smoothing_audit_repeat.json,raw_cc1_gaussian,25,10,0.6781348006452237,0.012986633596458297,True
smoothing_audit_repeat.json,raw_cc1_lazy,25,10,0.6764482021091152,0.012851744177805722,True
smoothing_audit_repeat.json,raw_cc1_uniform,25,10,0.6742602013642127,0.011392812009725415,True
smoothing_audit_repeat.json,raw_ctx0_gaussian,25,10,0.6721793385398052,0.0158617937601645,True
smoothing_audit_repeat.json,raw_ctx0_lazy,25,10,0.6720395086390016,0.015372425083474538,True
smoothing_audit_repeat.json,raw_ctx0_uniform,25,10,0.6694529092074889,0.014495405450951722,True
smoothing_audit_repeat.json,raw_ctx1_gaussian,25,10,0.6789307749312552,0.012867175113284744,True
smoothing_audit_repeat.json,raw_ctx1_lazy,25,10,0.6790889322166366,0.01267006782084497,True
smoothing_audit_repeat.json,raw_ctx1_uniform,25,10,0.6755405730810096,0.011075561035581235,True
smoothing_audit_repeat.json,raw_none_gaussian,25,10,0.6669440039009104,0.01677473878909301,True
smoothing_audit_repeat.json,raw_none_lazy,25,10,0.6657360216086663,0.01681723671254445,True
smoothing_audit_repeat.json,raw_none_uniform,25,10,0.664676011058363,0.015333130731401096,True
smoothing_audit_repeat.json,pool_cc1_gaussian,50,10,0.6954879229616581,0.006576501600385667,True
smoothing_audit_repeat.json,pool_cc1_lazy,50,10,0.6945856840523387,0.007533273025589102,True
smoothing_audit_repeat.json,pool_cc1_uniform,50,10,0.6920763109375365,0.00823884259821475,True
smoothing_audit_repeat.json,pool_ctx0_gaussian,50,10,0.6900674063978943,0.006988255572114031,True
smoothing_audit_repeat.json,pool_ctx0_lazy,50,10,0.6895579996606387,0.0075667651135654405,True
smoothing_audit_repeat.json,pool_ctx0_uniform,50,10,0.6865420292457846,0.008571722048273991,True
smoothing_audit_repeat.json,pool_ctx1_gaussian,50,10,0.6962842960947494,0.0060998976302196264,True
smoothing_audit_repeat.json,pool_ctx1_lazy,50,10,0.6966222644252577,0.007332425383738953,True
smoothing_audit_repeat.json,pool_ctx1_uniform,50,10,0.6927786806779168,0.00804867301765308,True
smoothing_audit_repeat.json,pool_none_gaussian,50,10,0.6861686674271825,0.007357512276912741,True
smoothing_audit_repeat.json,pool_none_lazy,50,10,0.6854320292306344,0.007844717614241305,True
smoothing_audit_repeat.json,pool_none_uniform,50,10,0.683541426538136,0.008668099127821292,True
smoothing_audit_repeat.json,raw_cc1_gaussian,50,10,0.6888292523409804,0.010921930663612071,True
smoothing_audit_repeat.json,raw_cc1_lazy,50,10,0.6883947532625719,0.011142563878801649,True
smoothing_audit_repeat.json,raw_cc1_uniform,50,10,0.6871285287886916,0.01036896717528749,True
smoothing_audit_repeat.json,raw_ctx0_gaussian,50,10,0.6854781059940033,0.012391849957256536,True
smoothing_audit_repeat.json,raw_ctx0_lazy,50,10,0.6855721531272391,0.012804689573013043,True
smoothing_audit_repeat.json,raw_ctx0_uniform,50,10,0.684457844283091,0.011968601845245307,True
smoothing_audit_repeat.json,raw_ctx1_gaussian,50,10,0.6894588516996734,0.010712418368721869,True
smoothing_audit_repeat.json,raw_ctx1_lazy,50,10,0.6897520646157427,0.010989115076210731,True
smoothing_audit_repeat.json,raw_ctx1_uniform,50,10,0.6874664554022047,0.009602211333910197,True
smoothing_audit_repeat.json,raw_none_gaussian,50,10,0.6832241253612772,0.012155504989418588,True
smoothing_audit_repeat.json,raw_none_lazy,50,10,0.6829275407248832,0.012861277971185366,True
smoothing_audit_repeat.json,raw_none_uniform,50,10,0.6823248077564034,0.012702441108581965,True
smoothing_audit_repeat.json,pool_cc1_gaussian,100,10,0.7154529689741917,0.004024156262882011,True
smoothing_audit_repeat.json,pool_cc1_lazy,100,10,0.7143574078101043,0.004782439604667846,True
smoothing_audit_repeat.json,pool_cc1_uniform,100,10,0.7110644672707841,0.004546531243492258,True
smoothing_audit_repeat.json,pool_ctx0_gaussian,100,10,0.713105325942019,0.004447368675386707,True
smoothing_audit_repeat.json,pool_ctx0_lazy,100,10,0.7123973832591265,0.005248100889886727,True
smoothing_audit_repeat.json,pool_ctx0_uniform,100,10,0.7082549071606098,0.005762444330890473,True
smoothing_audit_repeat.json,pool_ctx1_gaussian,100,10,0.7158555496507618,0.003920669906052209,True
smoothing_audit_repeat.json,pool_ctx1_lazy,100,10,0.7154360090160021,0.004660944791200374,True
smoothing_audit_repeat.json,pool_ctx1_uniform,100,10,0.7113130549620371,0.004783139458024786,True
smoothing_audit_repeat.json,pool_none_gaussian,100,10,0.7119039225043187,0.004685851685951921,True
smoothing_audit_repeat.json,pool_none_lazy,100,10,0.7113139723924656,0.005747786921225697,True
smoothing_audit_repeat.json,pool_none_uniform,100,10,0.7072888307859858,0.005938976776890836,True
smoothing_audit_repeat.json,raw_cc1_gaussian,100,10,0.7061904505306076,0.006670057688904775,True
smoothing_audit_repeat.json,raw_cc1_lazy,100,10,0.7053600677047535,0.006035873596710148,True
smoothing_audit_repeat.json,raw_cc1_uniform,100,10,0.7035781816895728,0.006111300566215135,True
smoothing_audit_repeat.json,raw_ctx0_gaussian,100,10,0.7044206477899599,0.007054577858362207,True
smoothing_audit_repeat.json,raw_ctx0_lazy,100,10,0.7043386305119537,0.006582442478495679,True
smoothing_audit_repeat.json,raw_ctx0_uniform,100,10,0.7021556983084543,0.007296325976892105,True
smoothing_audit_repeat.json,raw_ctx1_gaussian,100,10,0.7060488408485666,0.006368728448737833,True
smoothing_audit_repeat.json,raw_ctx1_lazy,100,10,0.7058771343857944,0.00630792721359295,True
smoothing_audit_repeat.json,raw_ctx1_uniform,100,10,0.7037124074715067,0.0061930550134135474,True
smoothing_audit_repeat.json,raw_none_gaussian,100,10,0.7043241295504449,0.007139347566763751,True
smoothing_audit_repeat.json,raw_none_lazy,100,10,0.7039448399105922,0.006768055740344534,True
smoothing_audit_repeat.json,raw_none_uniform,100,10,0.7018778568187909,0.007380947480194265,True
smoothing_audit_repeat.json,pool_cc1_gaussian,200,10,0.7295259923133159,0.006357957448550274,True
smoothing_audit_repeat.json,pool_cc1_lazy,200,10,0.7280163432272638,0.005950820926544163,True
smoothing_audit_repeat.json,pool_cc1_uniform,200,10,0.7238455676643898,0.006445239552562862,True
smoothing_audit_repeat.json,pool_ctx0_gaussian,200,10,0.728327827156107,0.006603065145458152,True
smoothing_audit_repeat.json,pool_ctx0_lazy,200,10,0.7268078811050988,0.006306534982831206,True
smoothing_audit_repeat.json,pool_ctx0_uniform,200,10,0.7226451980606944,0.006606943750248135,True
smoothing_audit_repeat.json,pool_ctx1_gaussian,200,10,0.7295201828360265,0.0061474587185121315,True
smoothing_audit_repeat.json,pool_ctx1_lazy,200,10,0.7282271739526653,0.006064888035978525,True
smoothing_audit_repeat.json,pool_ctx1_uniform,200,10,0.7240869794426518,0.006577791319138045,True
smoothing_audit_repeat.json,pool_none_gaussian,200,10,0.728223519000399,0.006775218273940448,True
smoothing_audit_repeat.json,pool_none_lazy,200,10,0.7266213279288717,0.006407664238373678,True
smoothing_audit_repeat.json,pool_none_uniform,200,10,0.7226156106805931,0.007058324259328295,True
smoothing_audit_repeat.json,raw_cc1_gaussian,200,10,0.721510286023775,0.005401528281175515,True
smoothing_audit_repeat.json,raw_cc1_lazy,200,10,0.7215690123021131,0.005168022369052495,True
smoothing_audit_repeat.json,raw_cc1_uniform,200,10,0.7199608783378043,0.006373984034952691,True
smoothing_audit_repeat.json,raw_ctx0_gaussian,200,10,0.7210190273353685,0.005571543680681878,True
smoothing_audit_repeat.json,raw_ctx0_lazy,200,10,0.7209667573476708,0.005157769213998653,True
smoothing_audit_repeat.json,raw_ctx0_uniform,200,10,0.7192501166561154,0.006448977004865036,True
smoothing_audit_repeat.json,raw_ctx1_gaussian,200,10,0.7214928890263683,0.005528668155054274,True
smoothing_audit_repeat.json,raw_ctx1_lazy,200,10,0.7217638122752691,0.005116584569763095,True
smoothing_audit_repeat.json,raw_ctx1_uniform,200,10,0.7200016183611821,0.006270218251795735,True
smoothing_audit_repeat.json,raw_none_gaussian,200,10,0.7209748659785796,0.005642415550198153,True
smoothing_audit_repeat.json,raw_none_lazy,200,10,0.720889009536955,0.005227489505655077,True
smoothing_audit_repeat.json,raw_none_uniform,200,10,0.7191926670186808,0.006286531768048763,True
smoothing_fresh.json,pool_cc1_gaussian,5,10,0.6184610776782173,0.013613954388317284,False
smoothing_fresh.json,pool_cc1_lazy,5,10,0.6133485980372724,0.0129657567316608,False
smoothing_fresh.json,pool_cc1_uniform,5,10,0.6118156613513623,0.013826538762321603,False
smoothing_fresh.json,pool_ctx0_gaussian,5,10,0.6246598340035898,0.0181332852096401,False
smoothing_fresh.json,pool_ctx0_lazy,5,10,0.6269607679820274,0.019571798937767976,False
smoothing_fresh.json,pool_ctx0_uniform,5,10,0.6247637587365803,0.01995912041773183,False
smoothing_fresh.json,pool_ctx1_gaussian,5,10,0.630119235960484,0.010209098457508106,False
smoothing_fresh.json,pool_ctx1_lazy,5,10,0.6292227229802207,0.010733971368216322,False
smoothing_fresh.json,pool_ctx1_uniform,5,10,0.6247938940800492,0.011455011233514207,False
smoothing_fresh.json,pool_none_gaussian,5,10,0.5479236330210735,0.04387691634417451,False
smoothing_fresh.json,pool_none_lazy,5,10,0.5455409537151068,0.04368004169556757,False
smoothing_fresh.json,pool_none_uniform,5,10,0.5489103501521027,0.043318388113398595,False
smoothing_fresh.json,raw_cc1_gaussian,5,10,0.6357900903286164,0.014553731047791675,False
smoothing_fresh.json,raw_cc1_lazy,5,10,0.6311873231684205,0.01476661906984963,False
smoothing_fresh.json,raw_cc1_uniform,5,10,0.6292887851714819,0.01443723434345937,False
smoothing_fresh.json,raw_ctx0_gaussian,5,10,0.6263643063474815,0.017703649289714934,False
smoothing_fresh.json,raw_ctx0_lazy,5,10,0.6291155815236782,0.017611280618305414,False
smoothing_fresh.json,raw_ctx0_uniform,5,10,0.6256951991343823,0.01777784729269038,False
smoothing_fresh.json,raw_ctx1_gaussian,5,10,0.6415528418606027,0.011527731648781677,False
smoothing_fresh.json,raw_ctx1_lazy,5,10,0.6420211341823145,0.01255629332984407,False
smoothing_fresh.json,raw_ctx1_uniform,5,10,0.6365870424020048,0.012572378971896003,False
smoothing_fresh.json,raw_none_gaussian,5,10,0.5749700680688477,0.03891324105872408,False
smoothing_fresh.json,raw_none_lazy,5,10,0.5745340273978077,0.03973462204931554,False
smoothing_fresh.json,raw_none_uniform,5,10,0.572743753305362,0.03930955374942296,False
smoothing_fresh.json,pool_cc1_gaussian,25,10,0.6825363646550575,0.010761151189346434,False
smoothing_fresh.json,pool_cc1_lazy,25,10,0.6815499177602664,0.011660571675610248,False
smoothing_fresh.json,pool_cc1_uniform,25,10,0.6792028484903121,0.009968149864369493,False
smoothing_fresh.json,pool_ctx0_gaussian,25,10,0.6680977754310613,0.012217741751396513,False
smoothing_fresh.json,pool_ctx0_lazy,25,10,0.6690897682606091,0.01359924756176421,False
smoothing_fresh.json,pool_ctx0_uniform,25,10,0.6638493645463565,0.012509512571023437,False
smoothing_fresh.json,pool_ctx1_gaussian,25,10,0.6852665224245537,0.010019087430328493,False
smoothing_fresh.json,pool_ctx1_lazy,25,10,0.6860202772906577,0.011557995658759283,False
smoothing_fresh.json,pool_ctx1_uniform,25,10,0.6819656009191896,0.010091606424663079,False
smoothing_fresh.json,pool_none_gaussian,25,10,0.6581845218994844,0.01404422700524843,False
smoothing_fresh.json,pool_none_lazy,25,10,0.6585102234740365,0.014747319187543404,False
smoothing_fresh.json,pool_none_uniform,25,10,0.656019332960503,0.014580409728185126,False
smoothing_fresh.json,raw_cc1_gaussian,25,10,0.6723410562903314,0.012944647040432447,False
smoothing_fresh.json,raw_cc1_lazy,25,10,0.6717191559858666,0.012913097501889848,False
smoothing_fresh.json,raw_cc1_uniform,25,10,0.6702252993988923,0.0135216428640337,False
smoothing_fresh.json,raw_ctx0_gaussian,25,10,0.6598511081945128,0.01678528063267461,False
smoothing_fresh.json,raw_ctx0_lazy,25,10,0.6600533774382512,0.016819143283568407,False
smoothing_fresh.json,raw_ctx0_uniform,25,10,0.6586692548163502,0.017602592245755184,False
smoothing_fresh.json,raw_ctx1_gaussian,25,10,0.6740080851168841,0.011623215363825516,False
smoothing_fresh.json,raw_ctx1_lazy,25,10,0.6748970968264629,0.012142084193351577,False
smoothing_fresh.json,raw_ctx1_uniform,25,10,0.6723421033706105,0.012093175335224256,False
smoothing_fresh.json,raw_none_gaussian,25,10,0.652851707825003,0.019122787003922743,False
smoothing_fresh.json,raw_none_lazy,25,10,0.652581885738698,0.018734610626826152,False
smoothing_fresh.json,raw_none_uniform,25,10,0.6519246447094516,0.019981478471106776,False
smoothing_fresh.json,pool_cc1_gaussian,50,10,0.6930410355876065,0.01121365687500422,False
smoothing_fresh.json,pool_cc1_lazy,50,10,0.692502011062593,0.011309267860235932,False
smoothing_fresh.json,pool_cc1_uniform,50,10,0.6882482885003801,0.012694766170831703,False
smoothing_fresh.json,pool_ctx0_gaussian,50,10,0.6868542035942291,0.013650766790633276,False
smoothing_fresh.json,pool_ctx0_lazy,50,10,0.6870985981512218,0.014388650060618971,False
smoothing_fresh.json,pool_ctx0_uniform,50,10,0.6824070586528903,0.015620130998184411,False
smoothing_fresh.json,pool_ctx1_gaussian,50,10,0.6942522859459304,0.011056191586113331,False
smoothing_fresh.json,pool_ctx1_lazy,50,10,0.6944976830816316,0.011361320227086613,False
smoothing_fresh.json,pool_ctx1_uniform,50,10,0.6891281375122993,0.012401397193508067,False
smoothing_fresh.json,pool_none_gaussian,50,10,0.6837311116718883,0.014249146554547848,False
smoothing_fresh.json,pool_none_lazy,50,10,0.6833980205044684,0.01465353625772079,False
smoothing_fresh.json,pool_none_uniform,50,10,0.6804168257506914,0.016079076607630225,False
smoothing_fresh.json,raw_cc1_gaussian,50,10,0.6850873881709965,0.00935961693146517,False
smoothing_fresh.json,raw_cc1_lazy,50,10,0.6854966492448795,0.008827518502116206,False
smoothing_fresh.json,raw_cc1_uniform,50,10,0.6839563391975793,0.00959136878642312,False
smoothing_fresh.json,raw_ctx0_gaussian,50,10,0.6820596480539369,0.011486273030070177,False
smoothing_fresh.json,raw_ctx0_lazy,50,10,0.6824164637997306,0.010982697294533198,False
smoothing_fresh.json,raw_ctx0_uniform,50,10,0.681432696815682,0.01112503785677374,False
smoothing_fresh.json,raw_ctx1_gaussian,50,10,0.6860885037321519,0.009118870210577012,False
smoothing_fresh.json,raw_ctx1_lazy,50,10,0.6868505666909146,0.008627917504650051,False
smoothing_fresh.json,raw_ctx1_uniform,50,10,0.6848576079897111,0.00898918197967277,False
smoothing_fresh.json,raw_none_gaussian,50,10,0.6803568052251301,0.012180662590014458,False
smoothing_fresh.json,raw_none_lazy,50,10,0.6799808870314605,0.011234053519599585,False
smoothing_fresh.json,raw_none_uniform,50,10,0.6793209212501334,0.011849393836350879,False
smoothing_fresh.json,pool_cc1_gaussian,100,10,0.7104229230887569,0.010846225010586965,False
smoothing_fresh.json,pool_cc1_lazy,100,10,0.7098280608452231,0.010676970075056295,False
smoothing_fresh.json,pool_cc1_uniform,100,10,0.7063164870989477,0.01117019279386566,False
smoothing_fresh.json,pool_ctx0_gaussian,100,10,0.7076890071549629,0.011708779897020084,False
smoothing_fresh.json,pool_ctx0_lazy,100,10,0.7077224586336769,0.011359578182407683,False
smoothing_fresh.json,pool_ctx0_uniform,100,10,0.7033746772046188,0.012412440948782444,False
smoothing_fresh.json,pool_ctx1_gaussian,100,10,0.710886482210694,0.010930786090080807,False
smoothing_fresh.json,pool_ctx1_lazy,100,10,0.7106635894154955,0.010574260188140458,False
smoothing_fresh.json,pool_ctx1_uniform,100,10,0.7066590085111807,0.011081304019996591,False
smoothing_fresh.json,pool_none_gaussian,100,10,0.7069121675651263,0.011636829090515798,False
smoothing_fresh.json,pool_none_lazy,100,10,0.7067234219613316,0.011343428877747225,False
smoothing_fresh.json,pool_none_uniform,100,10,0.7030670061368663,0.012144319235067955,False
smoothing_fresh.json,raw_cc1_gaussian,100,10,0.7001984467110949,0.011457165647311248,False
smoothing_fresh.json,raw_cc1_lazy,100,10,0.6996968114307889,0.01063573668456022,False
smoothing_fresh.json,raw_cc1_uniform,100,10,0.6992360692276959,0.01211023182932711,False
smoothing_fresh.json,raw_ctx0_gaussian,100,10,0.698662621172041,0.012068126607342824,False
smoothing_fresh.json,raw_ctx0_lazy,100,10,0.6987452157271679,0.01129446308492309,False
smoothing_fresh.json,raw_ctx0_uniform,100,10,0.6976690950162332,0.012680992808279131,False
smoothing_fresh.json,raw_ctx1_gaussian,100,10,0.7006114491406423,0.011332306044992902,False
smoothing_fresh.json,raw_ctx1_lazy,100,10,0.7003231375715022,0.010639049826392466,False
smoothing_fresh.json,raw_ctx1_uniform,100,10,0.6995637443133773,0.011944416259114311,False
smoothing_fresh.json,raw_none_gaussian,100,10,0.6982683750864274,0.01209586243660588,False
smoothing_fresh.json,raw_none_lazy,100,10,0.6984366032059475,0.01135473269833508,False
smoothing_fresh.json,raw_none_uniform,100,10,0.6976871228842029,0.012794636268857735,False
smoothing_fresh.json,pool_cc1_gaussian,200,10,0.7274231703906117,0.007772044252728362,False
smoothing_fresh.json,pool_cc1_lazy,200,10,0.7256486094393333,0.007076262972501449,False
smoothing_fresh.json,pool_cc1_uniform,200,10,0.7216429274221527,0.006852958009060951,False
smoothing_fresh.json,pool_ctx0_gaussian,200,10,0.7264526531411114,0.0076828197475606675,False
smoothing_fresh.json,pool_ctx0_lazy,200,10,0.7248869534060297,0.006966388878525839,False
smoothing_fresh.json,pool_ctx0_uniform,200,10,0.721087836015943,0.007247162911189205,False
smoothing_fresh.json,pool_ctx1_gaussian,200,10,0.7276058906390332,0.007709939174763542,False
smoothing_fresh.json,pool_ctx1_lazy,200,10,0.7260690763258959,0.007164815816593127,False
smoothing_fresh.json,pool_ctx1_uniform,200,10,0.7219443272485291,0.006991994616561443,False
smoothing_fresh.json,pool_none_gaussian,200,10,0.7260401384865051,0.007663669621403498,False
smoothing_fresh.json,pool_none_lazy,200,10,0.7247181757651433,0.00704050795848399,False
smoothing_fresh.json,pool_none_uniform,200,10,0.7207706035696473,0.007261845145359807,False
smoothing_fresh.json,raw_cc1_gaussian,200,10,0.7177844713368777,0.008951280374201684,False
smoothing_fresh.json,raw_cc1_lazy,200,10,0.7170469354910733,0.008491445345145503,False
smoothing_fresh.json,raw_cc1_uniform,200,10,0.7169747153280033,0.008695685445117575,False
smoothing_fresh.json,raw_ctx0_gaussian,200,10,0.7173360951627179,0.008775068280507819,False
smoothing_fresh.json,raw_ctx0_lazy,200,10,0.71678148221011,0.008475074158923216,False
smoothing_fresh.json,raw_ctx0_uniform,200,10,0.7166090483563099,0.008954547966581254,False
smoothing_fresh.json,raw_ctx1_gaussian,200,10,0.7178783551333796,0.008819747386569913,False
smoothing_fresh.json,raw_ctx1_lazy,200,10,0.7174575250619291,0.008398086095664711,False
smoothing_fresh.json,raw_ctx1_uniform,200,10,0.7170709389509237,0.008658530743310026,False
smoothing_fresh.json,raw_none_gaussian,200,10,0.7173284675156659,0.008951279766178445,False
smoothing_fresh.json,raw_none_lazy,200,10,0.7166606574039057,0.008496976599164152,False
smoothing_fresh.json,raw_none_uniform,200,10,0.7164142065109231,0.009036039322298208,False
smoothing_spatial.json,pool_cc1_gaussian,5,10,0.6048087628496321,0.015958976353377525,False
smoothing_spatial.json,pool_cc1_lazy,5,10,0.5989888827404851,0.01746420266461353,False
smoothing_spatial.json,pool_cc1_uniform,5,10,0.5977441752867498,0.020685161060943945,False
smoothing_spatial.json,pool_ctx0_gaussian,5,10,0.6237244467011769,0.023676720792895015,False
smoothing_spatial.json,pool_ctx0_lazy,5,10,0.626699029166859,0.024625786703168322,False
smoothing_spatial.json,pool_ctx0_uniform,5,10,0.6265385208119105,0.025239753595925733,False
smoothing_spatial.json,pool_ctx1_gaussian,5,10,0.6180361532532348,0.013364433851547973,False
smoothing_spatial.json,pool_ctx1_lazy,5,10,0.6173985198726111,0.015201325305270465,False
smoothing_spatial.json,pool_ctx1_uniform,5,10,0.6123886216374939,0.018122170829457124,False
smoothing_spatial.json,pool_none_gaussian,5,10,0.48328687451217095,0.03281511192978299,False
smoothing_spatial.json,pool_none_lazy,5,10,0.4802822807650773,0.03196897605300114,False
smoothing_spatial.json,pool_none_uniform,5,10,0.485405825882515,0.037943076653089935,False
smoothing_spatial.json,raw_cc1_gaussian,5,10,0.6145847038106317,0.018985618344309407,False
smoothing_spatial.json,raw_cc1_lazy,5,10,0.6108735313532951,0.018923117192926928,False
smoothing_spatial.json,raw_cc1_uniform,5,10,0.6085042387414479,0.021993017005368,False
smoothing_spatial.json,raw_ctx0_gaussian,5,10,0.6154985746714088,0.03100648926167732,False
smoothing_spatial.json,raw_ctx0_lazy,5,10,0.6169612450363369,0.03100755155202793,False
smoothing_spatial.json,raw_ctx0_uniform,5,10,0.6154054095581392,0.031410991975626176,False
smoothing_spatial.json,raw_ctx1_gaussian,5,10,0.626381530151742,0.012834414882635054,False
smoothing_spatial.json,raw_ctx1_lazy,5,10,0.6254799176590207,0.014257260411790556,False
smoothing_spatial.json,raw_ctx1_uniform,5,10,0.6187707572150887,0.01732922351385978,False
smoothing_spatial.json,raw_none_gaussian,5,10,0.5170875739499179,0.04668380282347186,False
smoothing_spatial.json,raw_none_lazy,5,10,0.5156309619462872,0.04743059296707938,False
smoothing_spatial.json,raw_none_uniform,5,10,0.5106777293645668,0.0508718315476689,False
smoothing_spatial.json,pool_cc1_gaussian,25,10,0.6686286120083926,0.022341356929778566,False
smoothing_spatial.json,pool_cc1_lazy,25,10,0.6664275097227708,0.021050064805205222,False
smoothing_spatial.json,pool_cc1_uniform,25,10,0.6606384708742904,0.021396787408136518,False
smoothing_spatial.json,pool_ctx0_gaussian,25,10,0.6519825542673747,0.02436421557025534,False
smoothing_spatial.json,pool_ctx0_lazy,25,10,0.6528676155908801,0.023334253556631827,False
smoothing_spatial.json,pool_ctx0_uniform,25,10,0.6455190215993474,0.026224362299861657,False
smoothing_spatial.json,pool_ctx1_gaussian,25,10,0.6710048917720073,0.019864530852456635,False
smoothing_spatial.json,pool_ctx1_lazy,25,10,0.6718697377286402,0.019349982846014906,False
smoothing_spatial.json,pool_ctx1_uniform,25,10,0.6651138705730444,0.019144683959236054,False
smoothing_spatial.json,pool_none_gaussian,25,10,0.6354069439197535,0.027018719127321553,False
smoothing_spatial.json,pool_none_lazy,25,10,0.6346633731804283,0.026682125824384072,False
smoothing_spatial.json,pool_none_uniform,25,10,0.6309061455116357,0.03109459974747535,False
smoothing_spatial.json,raw_cc1_gaussian,25,10,0.6628791247033805,0.02220371357674747,False
smoothing_spatial.json,raw_cc1_lazy,25,10,0.6621488648327116,0.02104528190392884,False
smoothing_spatial.json,raw_cc1_uniform,25,10,0.6558063236434184,0.021445977968889224,False
smoothing_spatial.json,raw_ctx0_gaussian,25,10,0.6507297574444488,0.025777686443945624,False
smoothing_spatial.json,raw_ctx0_lazy,25,10,0.6515355829119115,0.025297314757366046,False
smoothing_spatial.json,raw_ctx0_uniform,25,10,0.6444394690665176,0.02742227893234104,False
smoothing_spatial.json,raw_ctx1_gaussian,25,10,0.6649887054800107,0.021268978963466717,False
smoothing_spatial.json,raw_ctx1_lazy,25,10,0.665433910676616,0.020380176887966263,False
smoothing_spatial.json,raw_ctx1_uniform,25,10,0.6577244727121736,0.020601147818536083,False
smoothing_spatial.json,raw_none_gaussian,25,10,0.6396458401492865,0.02696934582696069,False
smoothing_spatial.json,raw_none_lazy,25,10,0.6399611848097908,0.026100078333171968,False
smoothing_spatial.json,raw_none_uniform,25,10,0.6342835176310814,0.028034806534914015,False
smoothing_spatial.json,pool_cc1_gaussian,50,10,0.6742309001787674,0.020907129010971505,False
smoothing_spatial.json,pool_cc1_lazy,50,10,0.6730711231286861,0.02025852217545942,False
smoothing_spatial.json,pool_cc1_uniform,50,10,0.6658415515591056,0.019878097400153956,False
smoothing_spatial.json,pool_ctx0_gaussian,50,10,0.6641652799848756,0.022025554139857097,False
smoothing_spatial.json,pool_ctx0_lazy,50,10,0.6641714528157452,0.02135546556980472,False
smoothing_spatial.json,pool_ctx0_uniform,50,10,0.6558907956019077,0.023153445314811588,False
smoothing_spatial.json,pool_ctx1_gaussian,50,10,0.6759216178532315,0.020485091549277717,False
smoothing_spatial.json,pool_ctx1_lazy,50,10,0.6765145015003515,0.01983456524530326,False
smoothing_spatial.json,pool_ctx1_uniform,50,10,0.6678631194532332,0.01920091606237793,False
smoothing_spatial.json,pool_none_gaussian,50,10,0.6569680098842932,0.024254384821719727,False
smoothing_spatial.json,pool_none_lazy,50,10,0.6574261595664852,0.02420906545863814,False
smoothing_spatial.json,pool_none_uniform,50,10,0.6514968241604852,0.025761543694025564,False
smoothing_spatial.json,raw_cc1_gaussian,50,10,0.6612931629965759,0.025106324638617533,False
smoothing_spatial.json,raw_cc1_lazy,50,10,0.6621386845464521,0.025211773805572022,False
smoothing_spatial.json,raw_cc1_uniform,50,10,0.6551635877190727,0.028536641965078862,False
smoothing_spatial.json,raw_ctx0_gaussian,50,10,0.6542056181869543,0.029184423378286063,False
smoothing_spatial.json,raw_ctx0_lazy,50,10,0.6551141187997686,0.028198758130062517,False
smoothing_spatial.json,raw_ctx0_uniform,50,10,0.6477456015118545,0.032877835617842015,False
smoothing_spatial.json,raw_ctx1_gaussian,50,10,0.6626115569890088,0.02417800122160184,False
smoothing_spatial.json,raw_ctx1_lazy,50,10,0.6637531354085334,0.0242489065017249,False
smoothing_spatial.json,raw_ctx1_uniform,50,10,0.6565567757677955,0.027517941095725678,False
smoothing_spatial.json,raw_none_gaussian,50,10,0.6499377529877395,0.030918267782343134,False
smoothing_spatial.json,raw_none_lazy,50,10,0.6509642016875079,0.03037705714720618,False
smoothing_spatial.json,raw_none_uniform,50,10,0.6428656295839217,0.034811993258177645,False
smoothing_spatial.json,pool_cc1_gaussian,100,10,0.6775118565180123,0.01891525151176333,False
smoothing_spatial.json,pool_cc1_lazy,100,10,0.6780199662983819,0.01773150415247162,False
smoothing_spatial.json,pool_cc1_uniform,100,10,0.6697952029603853,0.018833594635313266,False
smoothing_spatial.json,pool_ctx0_gaussian,100,10,0.672692632959871,0.01894121805384431,False
smoothing_spatial.json,pool_ctx0_lazy,100,10,0.6741731458685032,0.017814965625006687,False
smoothing_spatial.json,pool_ctx0_uniform,100,10,0.6651511302241111,0.02026303477847106,False
smoothing_spatial.json,pool_ctx1_gaussian,100,10,0.6783818919427027,0.018677556645252457,False
smoothing_spatial.json,pool_ctx1_lazy,100,10,0.6795651578775764,0.017374091293599448,False
smoothing_spatial.json,pool_ctx1_uniform,100,10,0.6707673837714313,0.01831637174686821,False
smoothing_spatial.json,pool_none_gaussian,100,10,0.6708339011971531,0.020075656001499548,False
smoothing_spatial.json,pool_none_lazy,100,10,0.671721367083426,0.018695965582271105,False
smoothing_spatial.json,pool_none_uniform,100,10,0.6633026311659802,0.02122973698272808,False
smoothing_spatial.json,raw_cc1_gaussian,100,10,0.6690355096866659,0.01758225240030184,False
smoothing_spatial.json,raw_cc1_lazy,100,10,0.6701918853321785,0.01719134180694321,False
smoothing_spatial.json,raw_cc1_uniform,100,10,0.6650100389639345,0.02098189702690393,False
smoothing_spatial.json,raw_ctx0_gaussian,100,10,0.6659976974925566,0.018933349052300597,False
smoothing_spatial.json,raw_ctx0_lazy,100,10,0.6671793941009776,0.017922564041798168,False
smoothing_spatial.json,raw_ctx0_uniform,100,10,0.660819601741841,0.022556461534551854,False
smoothing_spatial.json,raw_ctx1_gaussian,100,10,0.6696532348629571,0.01719663521443113,False
smoothing_spatial.json,raw_ctx1_lazy,100,10,0.6712364704830837,0.016612237690405766,False
smoothing_spatial.json,raw_ctx1_uniform,100,10,0.6657115829318718,0.020635236771947608,False
smoothing_spatial.json,raw_none_gaussian,100,10,0.6644347074682485,0.01968466324547741,False
smoothing_spatial.json,raw_none_lazy,100,10,0.6654705062688023,0.018582553439488347,False
smoothing_spatial.json,raw_none_uniform,100,10,0.6587092851448922,0.023710170043301268,False
smoothing_spatial.json,pool_cc1_gaussian,200,10,0.6846357548820947,0.012885513164194758,False
smoothing_spatial.json,pool_cc1_lazy,200,10,0.6848096937606952,0.011690340024768266,False
smoothing_spatial.json,pool_cc1_uniform,200,10,0.674052799730246,0.01189545659710935,False
smoothing_spatial.json,pool_ctx0_gaussian,200,10,0.6828055777399229,0.012524447350184237,False
smoothing_spatial.json,pool_ctx0_lazy,200,10,0.6831407861587943,0.012196268121596304,False
smoothing_spatial.json,pool_ctx0_uniform,200,10,0.6722816386016601,0.012028818415588168,False
smoothing_spatial.json,pool_ctx1_gaussian,200,10,0.6849844691588817,0.012646878902144311,False
smoothing_spatial.json,pool_ctx1_lazy,200,10,0.6856049280654247,0.011690920838717872,False
smoothing_spatial.json,pool_ctx1_uniform,200,10,0.6745228698785557,0.011805663320404216,False
smoothing_spatial.json,pool_none_gaussian,200,10,0.682065096794759,0.013113519469068658,False
smoothing_spatial.json,pool_none_lazy,200,10,0.6819552785361462,0.012672540059320832,False
smoothing_spatial.json,pool_none_uniform,200,10,0.6714506876294133,0.012732092900513031,False
smoothing_spatial.json,raw_cc1_gaussian,200,10,0.6718136731514596,0.006081422421656976,False
smoothing_spatial.json,raw_cc1_lazy,200,10,0.6724845271947112,0.005568691375094383,False
smoothing_spatial.json,raw_cc1_uniform,200,10,0.66608719597085,0.007453911977237389,False
smoothing_spatial.json,raw_ctx0_gaussian,200,10,0.6705682159733474,0.006074776677784583,False
smoothing_spatial.json,raw_ctx0_lazy,200,10,0.6713396796524338,0.005806715673017599,False
smoothing_spatial.json,raw_ctx0_uniform,200,10,0.6646940162021836,0.007938861501262991,False
smoothing_spatial.json,raw_ctx1_gaussian,200,10,0.6720584804549803,0.006008728805075654,False
smoothing_spatial.json,raw_ctx1_lazy,200,10,0.6731142382221845,0.005238732073817655,False
smoothing_spatial.json,raw_ctx1_uniform,200,10,0.6663275689760269,0.007327148897860108,False
smoothing_spatial.json,raw_none_gaussian,200,10,0.6698252034522847,0.006376553886781484,False
smoothing_spatial.json,raw_none_lazy,200,10,0.6703611845999295,0.00585912877390604,False
smoothing_spatial.json,raw_none_uniform,200,10,0.6636197049382615,0.008367422795723539,False
source_basis_audit.json,physical0,5,10,0.6084220309536514,0.02284763637542239,False
source_basis_audit.json,physical0_gaussian,5,10,0.6262507877996364,0.02374193318454104,False
source_basis_audit.json,physical1,5,10,0.6394464984008825,0.012130475082366286,False
source_basis_audit.json,physical1_gaussian,5,10,0.6507305509153491,0.012699464616753467,False
source_basis_audit.json,physical0,25,10,0.6553995549002434,0.009529665978334543,False
source_basis_audit.json,physical0_gaussian,25,10,0.6825013236470319,0.009565161520290643,False
source_basis_audit.json,physical1,25,10,0.6652810071107564,0.010222799139480076,False
source_basis_audit.json,physical1_gaussian,25,10,0.6879218813638068,0.00989732641497951,False
source_basis_audit.json,physical0,50,10,0.6657697958207404,0.009483311771996825,False
source_basis_audit.json,physical0_gaussian,50,10,0.6966349188577181,0.009756255277076265,False
source_basis_audit.json,physical1,50,10,0.6714465894733596,0.009117169049184913,False
source_basis_audit.json,physical1_gaussian,50,10,0.6985202785197129,0.009379911349051157,False
source_basis_audit.json,physical0,100,10,0.6815292233821701,0.00773353235330242,False
source_basis_audit.json,physical0_gaussian,100,10,0.7129160217665534,0.0085559740241098,False
source_basis_audit.json,physical1,100,10,0.68389071415148,0.007427135510522818,False
source_basis_audit.json,physical1_gaussian,100,10,0.7137969336686923,0.00793844994670348,False
source_basis_audit.json,physical0,200,10,0.6938703800653487,0.004785432313738745,False
source_basis_audit.json,physical0_gaussian,200,10,0.7292379077503698,0.007276130819176786,False
source_basis_audit.json,physical1,200,10,0.6951187344588342,0.00468962682302142,False
source_basis_audit.json,physical1_gaussian,200,10,0.7293237092920164,0.00721657522210571,False
source_basis_audit_repeat.json,physical0,5,10,0.6084220309536514,0.02284763637542239,True
source_basis_audit_repeat.json,physical0_gaussian,5,10,0.6262507877996364,0.02374193318454104,True
source_basis_audit_repeat.json,physical1,5,10,0.6394464984008825,0.012130475082366286,True
source_basis_audit_repeat.json,physical1_gaussian,5,10,0.6507305509153491,0.012699464616753467,True
source_basis_audit_repeat.json,physical0,25,10,0.6553995549002434,0.009529665978334543,True
source_basis_audit_repeat.json,physical0_gaussian,25,10,0.6825013236470319,0.009565161520290643,True
source_basis_audit_repeat.json,physical1,25,10,0.6652810071107564,0.010222799139480076,True
source_basis_audit_repeat.json,physical1_gaussian,25,10,0.6879218813638068,0.00989732641497951,True
source_basis_audit_repeat.json,physical0,50,10,0.6657697958207404,0.009483311771996825,True
source_basis_audit_repeat.json,physical0_gaussian,50,10,0.6966349188577181,0.009756255277076265,True
source_basis_audit_repeat.json,physical1,50,10,0.6714465894733596,0.009117169049184913,True
source_basis_audit_repeat.json,physical1_gaussian,50,10,0.6985202785197129,0.009379911349051157,True
source_basis_audit_repeat.json,physical0,100,10,0.6815292233821701,0.00773353235330242,True
source_basis_audit_repeat.json,physical0_gaussian,100,10,0.7129160217665534,0.0085559740241098,True
source_basis_audit_repeat.json,physical1,100,10,0.68389071415148,0.007427135510522818,True
source_basis_audit_repeat.json,physical1_gaussian,100,10,0.7137969336686923,0.00793844994670348,True
source_basis_audit_repeat.json,physical0,200,10,0.6938703800653487,0.004785432313738745,True
source_basis_audit_repeat.json,physical0_gaussian,200,10,0.7292379077503698,0.007276130819176786,True
source_basis_audit_repeat.json,physical1,200,10,0.6951187344588342,0.00468962682302142,True
source_basis_audit_repeat.json,physical1_gaussian,200,10,0.7293237092920164,0.00721657522210571,True
source_basis_fresh.json,physical0,5,10,0.607356264730701,0.017984755480568586,False
source_basis_fresh.json,physical0_gaussian,5,10,0.6259713900752508,0.017182339842291366,False
source_basis_fresh.json,physical1,5,10,0.6413970006189922,0.005863284336579606,False
source_basis_fresh.json,physical1_gaussian,5,10,0.6522909974071622,0.006332063889531855,False
source_basis_fresh.json,physical0,25,10,0.6454996703237195,0.012266286105864384,False
source_basis_fresh.json,physical0_gaussian,25,10,0.6720897700478041,0.013310389646884064,False
source_basis_fresh.json,physical1,25,10,0.657947196612398,0.010610439383084112,False
source_basis_fresh.json,physical1_gaussian,25,10,0.6797924989769186,0.01118531014513883,False
source_basis_fresh.json,physical0,50,10,0.6604558690391211,0.010610331772815519,False
source_basis_fresh.json,physical0_gaussian,50,10,0.6915395047460431,0.011374705788387377,False
source_basis_fresh.json,physical1,50,10,0.6670916592758737,0.009594100653531588,False
source_basis_fresh.json,physical1_gaussian,50,10,0.6947606239276215,0.009852756507809679,False
source_basis_fresh.json,physical0,100,10,0.6789797709642954,0.008388783536886591,False
source_basis_fresh.json,physical0_gaussian,100,10,0.712571177599131,0.0103638392182337,False
source_basis_fresh.json,physical1,100,10,0.6813779888007253,0.008345003040715292,False
source_basis_fresh.json,physical1_gaussian,100,10,0.7129428049067185,0.010030805739804265,False
source_basis_fresh.json,physical0,200,10,0.6920481704300071,0.007030310263659765,False
source_basis_fresh.json,physical0_gaussian,200,10,0.7284591630727348,0.007745891935503019,False
source_basis_fresh.json,physical1,200,10,0.6929968873327743,0.006740089331538061,False
source_basis_fresh.json,physical1_gaussian,200,10,0.7286065463430258,0.007612368393232764,False
source_basis_spatial.json,physical0,5,10,0.5968445414306552,0.02569779012042786,False
source_basis_spatial.json,physical0_gaussian,5,10,0.6139647101532371,0.030555794603418472,False
source_basis_spatial.json,physical1,5,10,0.634841320625662,0.01793387836637462,False
source_basis_spatial.json,physical1_gaussian,5,10,0.6451857847497872,0.019287633216143248,False
source_basis_spatial.json,physical0,25,10,0.6398339982479418,0.02250264406731147,False
source_basis_spatial.json,physical0_gaussian,25,10,0.6622064266840456,0.025082352501374434,False
source_basis_spatial.json,physical1,25,10,0.6545694287515498,0.021653097038365,False
source_basis_spatial.json,physical1_gaussian,25,10,0.6731542404886459,0.024850182646070047,False
source_basis_spatial.json,physical0,50,10,0.6462705789839245,0.019224333954776445,False
source_basis_spatial.json,physical0_gaussian,50,10,0.6719020352490136,0.023501432857215985,False
source_basis_spatial.json,physical1,50,10,0.6549372070767399,0.019278925482001243,False
source_basis_spatial.json,physical1_gaussian,50,10,0.6781000457082283,0.022694456761568633,False
source_basis_spatial.json,physical0,100,10,0.6550676819385942,0.02164000022706988,False
source_basis_spatial.json,physical0_gaussian,100,10,0.6825966919665665,0.02471786500689642,False
source_basis_spatial.json,physical1,100,10,0.6592587622665105,0.021749015197801553,False
source_basis_spatial.json,physical1_gaussian,100,10,0.6855918740976772,0.024942498802578178,False
source_basis_spatial.json,physical0,200,10,0.6587635019089585,0.019658918481115808,False
source_basis_spatial.json,physical0_gaussian,200,10,0.6872021635502257,0.02057300935833233,False
source_basis_spatial.json,physical1,200,10,0.6611894885710023,0.019904589099917974,False
source_basis_spatial.json,physical1_gaussian,200,10,0.6884470719341778,0.021407606821363844,False
source_context_audit.json,pool_ctx0,5,10,0.6056432960598017,0.018069068521303574,False
source_context_audit.json,pool_ctx0_grid,5,10,0.6219005448707626,0.01963285514520776,False
source_context_audit.json,pool_ctx0_knn,5,10,0.6291182308444226,0.021508310114702615,False
source_context_audit.json,pool_ctx1,5,10,0.614020117036725,0.008575635547240003,False
source_context_audit.json,pool_ctx1_grid,5,10,0.6207660436202236,0.008081539641149257,False
source_context_audit.json,pool_ctx1_knn,5,10,0.618755450173551,0.008838165700855044,False
source_context_audit.json,raw_ctx0,5,10,0.6093911349740735,0.022496479450485874,False
source_context_audit.json,raw_ctx0_grid,5,10,0.6238116977553333,0.02365171062556056,False
source_context_audit.json,raw_ctx0_knn,5,10,0.6283748967863196,0.02482104642347034,False
source_context_audit.json,raw_ctx1,5,10,0.6250658121587283,0.012150977252461564,False
source_context_audit.json,raw_ctx1_grid,5,10,0.6318556898470986,0.011764697499872313,False
source_context_audit.json,raw_ctx1_knn,5,10,0.6303476847646091,0.012410047905162348,False
source_context_audit.json,pool_ctx0,25,10,0.6498686078805002,0.012345123411344637,False
source_context_audit.json,pool_ctx0_grid,25,10,0.6723247601835813,0.012943387710053059,False
source_context_audit.json,pool_ctx0_knn,25,10,0.6756680187615104,0.01190060293528531,False
source_context_audit.json,pool_ctx1,25,10,0.6643109883612349,0.011906548492240786,False
source_context_audit.json,pool_ctx1_grid,25,10,0.6830364765614382,0.010292800624907814,False
source_context_audit.json,pool_ctx1_knn,25,10,0.6852376461325455,0.009472515510625364,False
source_context_audit.json,raw_ctx0,25,10,0.6452970529793518,0.01539339152302787,False
source_context_audit.json,raw_ctx0_grid,25,10,0.666819799154135,0.015417683667259173,False
source_context_audit.json,raw_ctx0_knn,25,10,0.6694529092074889,0.014495405450951722,False
source_context_audit.json,raw_ctx1,25,10,0.6554435358070092,0.013127426934525194,False
source_context_audit.json,raw_ctx1_grid,25,10,0.6738988069876157,0.012065620822362963,False
source_context_audit.json,raw_ctx1_knn,25,10,0.6755405730810096,0.011075561035581235,False
source_context_audit.json,pool_ctx0,50,10,0.6587771353875927,0.005897308305862764,False
source_context_audit.json,pool_ctx0_grid,50,10,0.6838856547022492,0.006160421261179417,False
source_context_audit.json,pool_ctx0_knn,50,10,0.6865420292457846,0.008571722048273991,False
source_context_audit.json,pool_ctx1,50,10,0.666901098529594,0.006092196350357997,False
source_context_audit.json,pool_ctx1_grid,50,10,0.6899050196380289,0.0065562276037895145,False
source_context_audit.json,pool_ctx1_knn,50,10,0.6927786806779168,0.00804867301765308,False
source_context_audit.json,raw_ctx0,50,10,0.6572611347890269,0.010858994352381246,False
source_context_audit.json,raw_ctx0_grid,50,10,0.6791606997828544,0.012467971082878487,False
source_context_audit.json,raw_ctx0_knn,50,10,0.684457844283091,0.011968601845245307,False
source_context_audit.json,raw_ctx1,50,10,0.6621686091732687,0.010327180413144932,False
source_context_audit.json,raw_ctx1_grid,50,10,0.6833243059929888,0.010930047228523688,False
source_context_audit.json,raw_ctx1_knn,50,10,0.6874664554022047,0.009602211333910197,False
source_context_audit.json,pool_ctx0,100,10,0.6815122059818168,0.004445287662692945,False
source_context_audit.json,pool_ctx0_grid,100,10,0.707256377273124,0.004614434496644008,False
source_context_audit.json,pool_ctx0_knn,100,10,0.7082549071606098,0.005762444330890473,False
source_context_audit.json,pool_ctx1,100,10,0.6848469260602503,0.004623028871750886,False
source_context_audit.json,pool_ctx1_grid,100,10,0.7101307101853475,0.003902223000472712,False
source_context_audit.json,pool_ctx1_knn,100,10,0.7113130549620371,0.004783139458024786,False
source_context_audit.json,raw_ctx0,100,10,0.6742314489836864,0.006185313262494394,False
source_context_audit.json,raw_ctx0_grid,100,10,0.6985927018169503,0.007406110997975846,False
source_context_audit.json,raw_ctx0_knn,100,10,0.7021556983084543,0.007296325976892105,False
source_context_audit.json,raw_ctx1,100,10,0.6764973243122574,0.0057477102623560185,False
source_context_audit.json,raw_ctx1_grid,100,10,0.7003913760119989,0.006861027387659963,False
source_context_audit.json,raw_ctx1_knn,100,10,0.7037124074715067,0.0061930550134135474,False
source_context_audit.json,pool_ctx0,200,10,0.6959436275134212,0.004029225380478818,False
source_context_audit.json,pool_ctx0_grid,200,10,0.7223833204522496,0.005983785849900088,False
source_context_audit.json,pool_ctx0_knn,200,10,0.7226451980606944,0.006606943750248135,False
source_context_audit.json,pool_ctx1,200,10,0.6974563398743322,0.003898005126774006,False
source_context_audit.json,pool_ctx1_grid,200,10,0.7234766274894009,0.005982870362274774,False
source_context_audit.json,pool_ctx1_knn,200,10,0.7240869794426518,0.006577791319138045,False
source_context_audit.json,raw_ctx0,200,10,0.6898631091392047,0.004830043974954519,False
source_context_audit.json,raw_ctx0_grid,200,10,0.7150577014044373,0.005133629293249706,False
source_context_audit.json,raw_ctx0_knn,200,10,0.7192501166561154,0.006448977004865036,False
source_context_audit.json,raw_ctx1,200,10,0.6909325561331795,0.004848334879522533,False
source_context_audit.json,raw_ctx1_grid,200,10,0.715875166067048,0.005181037608776555,False
source_context_audit.json,raw_ctx1_knn,200,10,0.7200016183611821,0.006270218251795735,False
source_context_audit_repeat.json,pool_ctx0,5,10,0.6056432960598017,0.018069068521303574,True
source_context_audit_repeat.json,pool_ctx0_grid,5,10,0.6219005448707626,0.01963285514520776,True
source_context_audit_repeat.json,pool_ctx0_knn,5,10,0.6291182308444226,0.021508310114702615,True
source_context_audit_repeat.json,pool_ctx1,5,10,0.614020117036725,0.008575635547240003,True
source_context_audit_repeat.json,pool_ctx1_grid,5,10,0.6207660436202236,0.008081539641149257,True
source_context_audit_repeat.json,pool_ctx1_knn,5,10,0.618755450173551,0.008838165700855044,True
source_context_audit_repeat.json,raw_ctx0,5,10,0.6093911349740735,0.022496479450485874,True
source_context_audit_repeat.json,raw_ctx0_grid,5,10,0.6238116977553333,0.02365171062556056,True
source_context_audit_repeat.json,raw_ctx0_knn,5,10,0.6283748967863196,0.02482104642347034,True
source_context_audit_repeat.json,raw_ctx1,5,10,0.6250658121587283,0.012150977252461564,True
source_context_audit_repeat.json,raw_ctx1_grid,5,10,0.6318556898470986,0.011764697499872313,True
source_context_audit_repeat.json,raw_ctx1_knn,5,10,0.6303476847646091,0.012410047905162348,True
source_context_audit_repeat.json,pool_ctx0,25,10,0.6498686078805002,0.012345123411344637,True
source_context_audit_repeat.json,pool_ctx0_grid,25,10,0.6723247601835813,0.012943387710053059,True
source_context_audit_repeat.json,pool_ctx0_knn,25,10,0.6756680187615104,0.01190060293528531,True
source_context_audit_repeat.json,pool_ctx1,25,10,0.6643109883612349,0.011906548492240786,True
source_context_audit_repeat.json,pool_ctx1_grid,25,10,0.6830364765614382,0.010292800624907814,True
source_context_audit_repeat.json,pool_ctx1_knn,25,10,0.6852376461325455,0.009472515510625364,True
source_context_audit_repeat.json,raw_ctx0,25,10,0.6452970529793518,0.01539339152302787,True
source_context_audit_repeat.json,raw_ctx0_grid,25,10,0.666819799154135,0.015417683667259173,True
source_context_audit_repeat.json,raw_ctx0_knn,25,10,0.6694529092074889,0.014495405450951722,True
source_context_audit_repeat.json,raw_ctx1,25,10,0.6554435358070092,0.013127426934525194,True
source_context_audit_repeat.json,raw_ctx1_grid,25,10,0.6738988069876157,0.012065620822362963,True
source_context_audit_repeat.json,raw_ctx1_knn,25,10,0.6755405730810096,0.011075561035581235,True
source_context_audit_repeat.json,pool_ctx0,50,10,0.6587771353875927,0.005897308305862764,True
source_context_audit_repeat.json,pool_ctx0_grid,50,10,0.6838856547022492,0.006160421261179417,True
source_context_audit_repeat.json,pool_ctx0_knn,50,10,0.6865420292457846,0.008571722048273991,True
source_context_audit_repeat.json,pool_ctx1,50,10,0.666901098529594,0.006092196350357997,True
source_context_audit_repeat.json,pool_ctx1_grid,50,10,0.6899050196380289,0.0065562276037895145,True
source_context_audit_repeat.json,pool_ctx1_knn,50,10,0.6927786806779168,0.00804867301765308,True
source_context_audit_repeat.json,raw_ctx0,50,10,0.6572611347890269,0.010858994352381246,True
source_context_audit_repeat.json,raw_ctx0_grid,50,10,0.6791606997828544,0.012467971082878487,True
source_context_audit_repeat.json,raw_ctx0_knn,50,10,0.684457844283091,0.011968601845245307,True
source_context_audit_repeat.json,raw_ctx1,50,10,0.6621686091732687,0.010327180413144932,True
source_context_audit_repeat.json,raw_ctx1_grid,50,10,0.6833243059929888,0.010930047228523688,True
source_context_audit_repeat.json,raw_ctx1_knn,50,10,0.6874664554022047,0.009602211333910197,True
source_context_audit_repeat.json,pool_ctx0,100,10,0.6815122059818168,0.004445287662692945,True
source_context_audit_repeat.json,pool_ctx0_grid,100,10,0.707256377273124,0.004614434496644008,True
source_context_audit_repeat.json,pool_ctx0_knn,100,10,0.7082549071606098,0.005762444330890473,True
source_context_audit_repeat.json,pool_ctx1,100,10,0.6848469260602503,0.004623028871750886,True
source_context_audit_repeat.json,pool_ctx1_grid,100,10,0.7101307101853475,0.003902223000472712,True
source_context_audit_repeat.json,pool_ctx1_knn,100,10,0.7113130549620371,0.004783139458024786,True
source_context_audit_repeat.json,raw_ctx0,100,10,0.6742314489836864,0.006185313262494394,True
source_context_audit_repeat.json,raw_ctx0_grid,100,10,0.6985927018169503,0.007406110997975846,True
source_context_audit_repeat.json,raw_ctx0_knn,100,10,0.7021556983084543,0.007296325976892105,True
source_context_audit_repeat.json,raw_ctx1,100,10,0.6764973243122574,0.0057477102623560185,True
source_context_audit_repeat.json,raw_ctx1_grid,100,10,0.7003913760119989,0.006861027387659963,True
source_context_audit_repeat.json,raw_ctx1_knn,100,10,0.7037124074715067,0.0061930550134135474,True
source_context_audit_repeat.json,pool_ctx0,200,10,0.6959436275134212,0.004029225380478818,True
source_context_audit_repeat.json,pool_ctx0_grid,200,10,0.7223833204522496,0.005983785849900088,True
source_context_audit_repeat.json,pool_ctx0_knn,200,10,0.7226451980606944,0.006606943750248135,True
source_context_audit_repeat.json,pool_ctx1,200,10,0.6974563398743322,0.003898005126774006,True
source_context_audit_repeat.json,pool_ctx1_grid,200,10,0.7234766274894009,0.005982870362274774,True
source_context_audit_repeat.json,pool_ctx1_knn,200,10,0.7240869794426518,0.006577791319138045,True
source_context_audit_repeat.json,raw_ctx0,200,10,0.6898631091392047,0.004830043974954519,True
source_context_audit_repeat.json,raw_ctx0_grid,200,10,0.7150577014044373,0.005133629293249706,True
source_context_audit_repeat.json,raw_ctx0_knn,200,10,0.7192501166561154,0.006448977004865036,True
source_context_audit_repeat.json,raw_ctx1,200,10,0.6909325561331795,0.004848334879522533,True
source_context_audit_repeat.json,raw_ctx1_grid,200,10,0.715875166067048,0.005181037608776555,True
source_context_audit_repeat.json,raw_ctx1_knn,200,10,0.7200016183611821,0.006270218251795735,True
source_context_fresh.json,pool_ctx0,5,10,0.6051070898855933,0.01768421545713869,False
source_context_fresh.json,pool_ctx0_grid,5,10,0.6195614890421598,0.01736165733189662,False
source_context_fresh.json,pool_ctx0_knn,5,10,0.6247637587365803,0.01995912041773183,False
source_context_fresh.json,pool_ctx1,5,10,0.6203371869786158,0.009862790242267171,False
source_context_fresh.json,pool_ctx1_grid,5,10,0.6272794857595844,0.010180805990315086,False
source_context_fresh.json,pool_ctx1_knn,5,10,0.6247938940800492,0.011455011233514207,False
source_context_fresh.json,raw_ctx0,5,10,0.6081500225135549,0.017484627693563612,False
source_context_fresh.json,raw_ctx0_grid,5,10,0.6210039194625444,0.017266079969062986,False
source_context_fresh.json,raw_ctx0_knn,5,10,0.6256951991343823,0.01777784729269038,False
source_context_fresh.json,raw_ctx1,5,10,0.6315578819404426,0.011457895594196668,False
source_context_fresh.json,raw_ctx1_grid,5,10,0.6379695860573666,0.011245584445020376,False
source_context_fresh.json,raw_ctx1_knn,5,10,0.6365870424020048,0.012572378971896003,False
source_context_fresh.json,pool_ctx0,25,10,0.6406946618307113,0.012345531949983477,False
source_context_fresh.json,pool_ctx0_grid,25,10,0.6620853905365661,0.011560337539699159,False
source_context_fresh.json,pool_ctx0_knn,25,10,0.6638493645463565,0.012509512571023437,False
source_context_fresh.json,pool_ctx1,25,10,0.6615121204002097,0.011483855010871449,False
source_context_fresh.json,pool_ctx1_grid,25,10,0.6792569512562925,0.010088597551563737,False
source_context_fresh.json,pool_ctx1_knn,25,10,0.6819656009191896,0.010091606424663079,False
source_context_fresh.json,raw_ctx0,25,10,0.6355819732213351,0.015871410943906945,False
source_context_fresh.json,raw_ctx0_grid,25,10,0.6545945170231154,0.016262327055026476,False
source_context_fresh.json,raw_ctx0_knn,25,10,0.6586692548163502,0.017602592245755184,False
source_context_fresh.json,raw_ctx1,25,10,0.6509602823423164,0.012698492863482234,False
source_context_fresh.json,raw_ctx1_grid,25,10,0.6690241206187435,0.011757194677011189,False
source_context_fresh.json,raw_ctx1_knn,25,10,0.6723421033706105,0.012093175335224256,False
source_context_fresh.json,pool_ctx0,50,10,0.6588931661103926,0.011504869119922745,False
source_context_fresh.json,pool_ctx0_grid,50,10,0.6812009251455513,0.013419772338752719,False
source_context_fresh.json,pool_ctx0_knn,50,10,0.6824070586528903,0.015620130998184411,False
source_context_fresh.json,pool_ctx1,50,10,0.6668442430818216,0.01000291441910513,False
source_context_fresh.json,pool_ctx1_grid,50,10,0.6881876022378004,0.011191934965748442,False
source_context_fresh.json,pool_ctx1_knn,50,10,0.6891281375122993,0.012401397193508067,False
source_context_fresh.json,raw_ctx0,50,10,0.6547679088726065,0.009596118306902233,False
source_context_fresh.json,raw_ctx0_grid,50,10,0.67670955435419,0.011038904572124938,False
source_context_fresh.json,raw_ctx0_knn,50,10,0.681432696815682,0.01112503785677374,False
source_context_fresh.json,raw_ctx1,50,10,0.6598822857941954,0.008110866054771832,False
source_context_fresh.json,raw_ctx1_grid,50,10,0.6811417232297137,0.008651919277376824,False
source_context_fresh.json,raw_ctx1_knn,50,10,0.6848576079897111,0.00898918197967277,False
source_context_fresh.json,pool_ctx0,100,10,0.6762447069226868,0.009891552201106251,False
source_context_fresh.json,pool_ctx0_grid,100,10,0.7021397111001313,0.01128149189631119,False
source_context_fresh.json,pool_ctx0_knn,100,10,0.7033746772046188,0.012412440948782444,False
source_context_fresh.json,pool_ctx1,100,10,0.680380865390004,0.009715293292439413,False
source_context_fresh.json,pool_ctx1_grid,100,10,0.7050968259841899,0.010505454284418696,False
source_context_fresh.json,pool_ctx1_knn,100,10,0.7066590085111807,0.011081304019996591,False
source_context_fresh.json,raw_ctx0,100,10,0.6695870427172006,0.009269694629373874,False
source_context_fresh.json,raw_ctx0_grid,100,10,0.6929815824821539,0.011796636501920565,False
source_context_fresh.json,raw_ctx0_knn,100,10,0.6976690950162332,0.012680992808279131,False
source_context_fresh.json,raw_ctx1,100,10,0.6716396317447468,0.009243916504429671,False
source_context_fresh.json,raw_ctx1_grid,100,10,0.6949155277886103,0.010969978976230626,False
source_context_fresh.json,raw_ctx1_knn,100,10,0.6995637443133773,0.011944416259114311,False
source_context_fresh.json,pool_ctx0,200,10,0.6926611952812015,0.006331287777978484,False
source_context_fresh.json,pool_ctx0_grid,200,10,0.7208490661113658,0.007416161256675975,False
source_context_fresh.json,pool_ctx0_knn,200,10,0.721087836015943,0.007247162911189205,False
source_context_fresh.json,pool_ctx1,200,10,0.6939496626798014,0.006463723604670346,False
source_context_fresh.json,pool_ctx1_grid,200,10,0.7216904432677348,0.00737061815650204,False
source_context_fresh.json,pool_ctx1_knn,200,10,0.7219443272485291,0.006991994616561443,False
source_context_fresh.json,raw_ctx0,200,10,0.6854053852346075,0.007991846208693445,False
source_context_fresh.json,raw_ctx0_grid,200,10,0.7111121739433295,0.008379282211593437,False
source_context_fresh.json,raw_ctx0_knn,200,10,0.7166090483563099,0.008954547966581254,False
source_context_fresh.json,raw_ctx1,200,10,0.6864352563172936,0.007837305344910781,False
source_context_fresh.json,raw_ctx1_grid,200,10,0.7116987263604566,0.008454970345651484,False
source_context_fresh.json,raw_ctx1_knn,200,10,0.7170709389509237,0.008658530743310026,False
source_context_spatial.json,pool_ctx0,5,10,0.6026818582508428,0.021015769621153046,False
source_context_spatial.json,pool_ctx0_grid,5,10,0.6180546874973897,0.022035981624013472,False
source_context_spatial.json,pool_ctx0_knn,5,10,0.6265385208119105,0.025239753595925733,False
source_context_spatial.json,pool_ctx1,5,10,0.609984198926053,0.009959867165081075,False
source_context_spatial.json,pool_ctx1_grid,5,10,0.615644871243048,0.012118212942565055,False
source_context_spatial.json,pool_ctx1_knn,5,10,0.6123886216374939,0.018122170829457124,False
source_context_spatial.json,raw_ctx0,5,10,0.5972764634798294,0.027287467815967106,False
source_context_spatial.json,raw_ctx0_grid,5,10,0.6106894806375868,0.029763367088484715,False
source_context_spatial.json,raw_ctx0_knn,5,10,0.6154054095581392,0.031410991975626176,False
source_context_spatial.json,raw_ctx1,5,10,0.6169991142675598,0.010558028675559307,False
source_context_spatial.json,raw_ctx1_grid,5,10,0.623239236380631,0.011066270608365476,False
source_context_spatial.json,raw_ctx1_knn,5,10,0.6187707572150887,0.01732922351385978,False
source_context_spatial.json,pool_ctx0,25,10,0.6271105225835487,0.02106031198228899,False
source_context_spatial.json,pool_ctx0_grid,25,10,0.6468568830718715,0.024101490757464174,False
source_context_spatial.json,pool_ctx0_knn,25,10,0.6455190215993474,0.026224362299861657,False
source_context_spatial.json,pool_ctx1,25,10,0.6489743735088093,0.017999932127060265,False
source_context_spatial.json,pool_ctx1_grid,25,10,0.6659487310575016,0.020974224502846518,False
source_context_spatial.json,pool_ctx1_knn,25,10,0.6651138705730444,0.019144683959236054,False
source_context_spatial.json,raw_ctx0,25,10,0.6304723482979508,0.021079428602592133,False
source_context_spatial.json,raw_ctx0_grid,25,10,0.6459656228914233,0.02505005670151083,False
source_context_spatial.json,raw_ctx0_knn,25,10,0.6444394690665176,0.02742227893234104,False
source_context_spatial.json,raw_ctx1,25,10,0.6459024434762154,0.018186870932278953,False
source_context_spatial.json,raw_ctx1_grid,25,10,0.6589666578415827,0.021508401442512298,False
source_context_spatial.json,raw_ctx1_knn,25,10,0.6577244727121736,0.020601147818536083,False
source_context_spatial.json,pool_ctx0,50,10,0.6386163517510932,0.0171086512653701,False
source_context_spatial.json,pool_ctx0_grid,50,10,0.6587521580134177,0.021545334971952983,False
source_context_spatial.json,pool_ctx0_knn,50,10,0.6558907956019077,0.023153445314811588,False
source_context_spatial.json,pool_ctx1,50,10,0.6510921365856915,0.017095598682642054,False
source_context_spatial.json,pool_ctx1_grid,50,10,0.6705980206446353,0.01937244622469593,False
source_context_spatial.json,pool_ctx1_knn,50,10,0.6678631194532332,0.01920091606237793,False
source_context_spatial.json,raw_ctx0,50,10,0.6338773869904186,0.02338204942226921,False
source_context_spatial.json,raw_ctx0_grid,50,10,0.6495803197753071,0.02968425505084224,False
source_context_spatial.json,raw_ctx0_knn,50,10,0.6477456015118545,0.032877835617842015,False
source_context_spatial.json,raw_ctx1,50,10,0.6416630144626383,0.02115572816683173,False
source_context_spatial.json,raw_ctx1_grid,50,10,0.6579741833606253,0.024182825389831884,False
source_context_spatial.json,raw_ctx1_knn,50,10,0.6565567757677955,0.027517941095725678,False
source_context_spatial.json,pool_ctx0,100,10,0.6483321704845999,0.01666123630676068,False
source_context_spatial.json,pool_ctx0_grid,100,10,0.6668777391200794,0.01881389111351197,False
source_context_spatial.json,pool_ctx0_knn,100,10,0.6651511302241111,0.02026303477847106,False
source_context_spatial.json,pool_ctx1,100,10,0.6539025213412003,0.01639198875800334,False
source_context_spatial.json,pool_ctx1_grid,100,10,0.6732178472197876,0.01876799694463276,False
source_context_spatial.json,pool_ctx1_knn,100,10,0.6707673837714313,0.01831637174686821,False
source_context_spatial.json,raw_ctx0,100,10,0.6426050370395382,0.015963945329389415,False
source_context_spatial.json,raw_ctx0_grid,100,10,0.6602436231799723,0.018929028370806525,False
source_context_spatial.json,raw_ctx0_knn,100,10,0.660819601741841,0.022556461534551854,False
source_context_spatial.json,raw_ctx1,100,10,0.6459205368130286,0.015699501316102253,False
source_context_spatial.json,raw_ctx1_grid,100,10,0.6642774247818806,0.01825305531070563,False
source_context_spatial.json,raw_ctx1_knn,100,10,0.6657115829318718,0.020635236771947608,False
source_context_spatial.json,pool_ctx0,200,10,0.6576479955689288,0.01128051055293473,False
source_context_spatial.json,pool_ctx0_grid,200,10,0.6771286034873196,0.012748769557240905,False
source_context_spatial.json,pool_ctx0_knn,200,10,0.6722816386016601,0.012028818415588168,False
source_context_spatial.json,pool_ctx1,200,10,0.6601141079474848,0.011388890170539021,False
source_context_spatial.json,pool_ctx1_grid,200,10,0.6792585117606583,0.012769704040373366,False
source_context_spatial.json,pool_ctx1_knn,200,10,0.6745228698785557,0.011805663320404216,False
source_context_spatial.json,raw_ctx0,200,10,0.646205283485703,0.0062009807591497795,False
source_context_spatial.json,raw_ctx0_grid,200,10,0.6641472437697088,0.006035850346800435,False
source_context_spatial.json,raw_ctx0_knn,200,10,0.6646940162021836,0.007938861501262991,False
source_context_spatial.json,raw_ctx1,200,10,0.6476552613987681,0.006035006948301699,False
source_context_spatial.json,raw_ctx1_grid,200,10,0.6658575649795784,0.005659149275267111,False
source_context_spatial.json,raw_ctx1_knn,200,10,0.6663275689760269,0.007327148897860108,False
spatial.json,EXP010,5,10,0.5333871278784705,0.04207969393477694,False
spatial.json,EXPF,5,10,0.5076183339341279,0.051280538558890684,False
spatial.json,H_4k,5,10,0.49322222749388944,0.05022187642285773,False
spatial.json,H_half,5,10,0.5052196897960988,0.039477944506460035,False
spatial.json,H_k,5,10,0.5031364131281252,0.04068975706931944,False
spatial.json,H_mean,5,10,0.5503379010362638,0.036736145507636736,False
spatial.json,LR60,5,10,0.5182041074647594,0.0478386029605242,False
spatial.json,LR60_smooth,5,10,0.53061595874851,0.05351477222765947,False
spatial.json,RF60,5,10,0.5027366350704255,0.04207575909143649,False
spatial.json,RF60_smooth,5,10,0.5106777293645668,0.0508718315476689,False
spatial.json,blend_0.00,5,10,0.5027366350704255,0.04207575909143649,False
spatial.json,blend_0.25,5,10,0.5538105766808947,0.03659895411451057,False
spatial.json,blend_0.50,5,10,0.5875975400254712,0.02951509520687369,False
spatial.json,blend_0.75,5,10,0.5792480147857342,0.015858594504958745,False
spatial.json,blend_1.00,5,10,0.5306716572431732,0.002425236235375716,False
spatial.json,pool_F,5,10,0.4803912620810893,0.05003462507145545,False
spatial.json,pool_H,5,10,0.4823113132367471,0.031930464952303415,False
spatial.json,pool_RF60,5,10,0.46141732877889263,0.03041719962586465,False
spatial.json,pool_RF60_smooth,5,10,0.485405825882515,0.037943076653089935,False
spatial.json,pool_blend_0.00,5,10,0.46141732877889263,0.03041719962586465,False
spatial.json,pool_blend_0.25,5,10,0.5541250538582838,0.02715304595150033,False
spatial.json,pool_blend_0.50,5,10,0.5886704055549415,0.02387159678983513,False
spatial.json,pool_blend_0.75,5,10,0.5660140033144733,0.010044397404552227,False
spatial.json,pool_blend_1.00,5,10,0.5306716572431732,0.002425236235375716,False
spatial.json,pool_metric,5,10,0.4644519537494462,0.062126648104244495,False
spatial.json,EXP010,25,10,0.584137954431083,0.05033100559327009,False
spatial.json,EXPF,25,10,0.6136387326114808,0.02408950411649714,False
spatial.json,H_4k,25,10,0.5996840216754056,0.03849693664430347,False
spatial.json,H_half,25,10,0.6046145031551877,0.03640134976805781,False
spatial.json,H_k,25,10,0.6100111741995607,0.032759641813477944,False
spatial.json,H_mean,25,10,0.6199723592981891,0.028155344603575275,False
spatial.json,LR60,25,10,0.5831085979587382,0.024912204700948723,False
spatial.json,LR60_smooth,25,10,0.5945813266456833,0.0292621036491732,False
spatial.json,RF60,25,10,0.6196644216165721,0.021766249586633597,False
spatial.json,RF60_smooth,25,10,0.6342835176310814,0.028034806534914015,False
spatial.json,blend_0.00,25,10,0.6196644216165721,0.021766249586633597,False
spatial.json,blend_0.25,25,10,0.6323606372877368,0.019956417652173056,False
spatial.json,blend_0.50,25,10,0.6364416577563918,0.01673637235830171,False
spatial.json,blend_0.75,25,10,0.608821727168887,0.013303637169988667,False
spatial.json,blend_1.00,25,10,0.5306716572431732,0.002425236235375716,False
spatial.json,pool_F,25,10,0.6037629243077905,0.0253736768301679,False
spatial.json,pool_H,25,10,0.600664084068843,0.03321121466471348,False
spatial.json,pool_RF60,25,10,0.6067307977504388,0.023458113344129037,False
spatial.json,pool_RF60_smooth,25,10,0.6309061455116357,0.03109459974747535,False
spatial.json,pool_blend_0.00,25,10,0.6067307977504388,0.023458113344129037,False
spatial.json,pool_blend_0.25,25,10,0.6306067936856559,0.019223262559464636,False
spatial.json,pool_blend_0.50,25,10,0.6307451651153697,0.015861838583158486,False
spatial.json,pool_blend_0.75,25,10,0.5941396005757017,0.012017650311985957,False
spatial.json,pool_blend_1.00,25,10,0.5306716572431732,0.002425236235375716,False
spatial.json,pool_metric,25,10,0.5823661003550219,0.04017350910238248,False
spatial.json,EXP010,50,10,0.6142436619958971,0.019323516385284567,False
spatial.json,EXPF,50,10,0.6296339838647277,0.013782739641380473,False
spatial.json,H_4k,50,10,0.6290720903436792,0.016429792326915982,False
spatial.json,H_half,50,10,0.6285368395360604,0.01645588246233925,False
spatial.json,H_k,50,10,0.6316680291543412,0.015040730279629808,False
spatial.json,H_mean,50,10,0.63529062552149,0.015971192990961114,False
spatial.json,LR60,50,10,0.608056988173002,0.020928182096617388,False
spatial.json,LR60_smooth,50,10,0.6178432741571077,0.02628801967112325,False
spatial.json,RF60,50,10,0.6289051980428513,0.024344565355341637,False
spatial.json,RF60_smooth,50,10,0.6428656295839217,0.034811993258177645,False
spatial.json,blend_0.00,50,10,0.6289051980428513,0.024344565355341637,False
spatial.json,blend_0.25,50,10,0.6396566979005047,0.020751412175281838,False
spatial.json,blend_0.50,50,10,0.643003854195762,0.01564885924793849,False
spatial.json,blend_0.75,50,10,0.6157129253848433,0.008950187889422994,False
spatial.json,blend_1.00,50,10,0.5306716572431732,0.002425236235375716,False
spatial.json,pool_F,50,10,0.6226145131197198,0.01679728597643772,False
spatial.json,pool_H,50,10,0.6249903373473211,0.016564261614575478,False
spatial.json,pool_RF60,50,10,0.629900675224772,0.01847277209043515,False
spatial.json,pool_RF60_smooth,50,10,0.6514968241604852,0.025761543694025564,False
spatial.json,pool_blend_0.00,50,10,0.629900675224772,0.01847277209043515,False
spatial.json,pool_blend_0.25,50,10,0.6453285491621719,0.014130179059000136,False
spatial.json,pool_blend_0.50,50,10,0.6434942472359884,0.010616320190563917,False
spatial.json,pool_blend_0.75,50,10,0.606435066942438,0.006604597501997192,False
spatial.json,pool_blend_1.00,50,10,0.5306716572431732,0.002425236235375716,False
spatial.json,pool_metric,50,10,0.6161029339789245,0.021109017849111872,False
spatial.json,EXP010,100,10,0.6168095280861808,0.019544420070979188,False
spatial.json,EXPF,100,10,0.6358704956117165,0.013663952328452127,False
spatial.json,H_4k,100,10,0.635118880466204,0.01357333778324962,False
spatial.json,H_half,100,10,0.6314121948321304,0.013280510338554565,False
spatial.json,H_k,100,10,0.6365340135181065,0.013913239392270673,False
spatial.json,H_mean,100,10,0.6388862946306123,0.01503489835962877,False
spatial.json,LR60,100,10,0.6320059400652012,0.016798393078382833,False
spatial.json,LR60_smooth,100,10,0.6406541263773059,0.021077149833809063,False
spatial.json,RF60,100,10,0.6409720476212734,0.01649556370177127,False
spatial.json,RF60_smooth,100,10,0.6587092851448922,0.023710170043301268,False
spatial.json,blend_0.00,100,10,0.6409720476212734,0.01649556370177127,False
spatial.json,blend_0.25,100,10,0.6481791175208476,0.013994710484836073,False
spatial.json,blend_0.50,100,10,0.6479306855302898,0.011125576150698152,False
spatial.json,blend_0.75,100,10,0.618631830751116,0.007441105538930579,False
spatial.json,blend_1.00,100,10,0.5306716572431732,0.002425236235375716,False
spatial.json,pool_F,100,10,0.6344693235727996,0.012286926997468398,False
spatial.json,pool_H,100,10,0.6359664272398025,0.013306022674906444,False
spatial.json,pool_RF60,100,10,0.6449540860364429,0.01750440969783543,False
spatial.json,pool_RF60_smooth,100,10,0.6633026311659802,0.02122973698272808,False
spatial.json,pool_blend_0.00,100,10,0.6449540860364429,0.01750440969783543,False
spatial.json,pool_blend_0.25,100,10,0.6554979557859483,0.012046746564473047,False
spatial.json,pool_blend_0.50,100,10,0.6507899143490431,0.006542655114376378,False
spatial.json,pool_blend_0.75,100,10,0.6122321122183256,0.005590417361199058,False
spatial.json,pool_blend_1.00,100,10,0.5306716572431732,0.002425236235375716,False
spatial.json,pool_metric,100,10,0.627517300441311,0.018060796357544488,False
spatial.json,EXP010,200,10,0.6177582858440491,0.019581005351072385,False
spatial.json,EXPF,200,10,0.6369698565904278,0.01374693640137042,False
spatial.json,H_4k,200,10,0.6386659230414189,0.013860910678199934,False
spatial.json,H_half,200,10,0.6346601848147748,0.01210455484851263,False
spatial.json,H_k,200,10,0.6377687627882082,0.01399686969545535,False
spatial.json,H_mean,200,10,0.6386339768085783,0.014745851902630093,False
spatial.json,LR60,200,10,0.6490532263895253,0.013929047744894809,False
spatial.json,LR60_smooth,200,10,0.6497746646044884,0.017853013780846208,False
spatial.json,RF60,200,10,0.6454047149662347,0.0061737072149865985,False
spatial.json,RF60_smooth,200,10,0.6636197049382615,0.008367422795723539,False
spatial.json,blend_0.00,200,10,0.6454047149662347,0.0061737072149865985,False
spatial.json,blend_0.25,200,10,0.6515138362291518,0.006439914292071316,False
spatial.json,blend_0.50,200,10,0.6492346966033198,0.009313840243078228,False
spatial.json,blend_0.75,200,10,0.6207045292915605,0.010391532989347104,False
spatial.json,blend_1.00,200,10,0.5306716572431732,0.002425236235375716,False
spatial.json,pool_F,200,10,0.6375806050327552,0.015894409199787705,False
spatial.json,pool_H,200,10,0.6383578718241748,0.015653904457180897,False
spatial.json,pool_RF60,200,10,0.6567375720882651,0.011453436633584207,False
spatial.json,pool_RF60_smooth,200,10,0.6714506876294133,0.012732092900513031,False
spatial.json,pool_blend_0.00,200,10,0.6567375720882651,0.011453436633584207,False
spatial.json,pool_blend_0.25,200,10,0.6617860418810536,0.007359221029854303,False
spatial.json,pool_blend_0.50,200,10,0.6533598319749055,0.00403793270122871,False
spatial.json,pool_blend_0.75,200,10,0.615643287213566,0.008341336266061261,False
spatial.json,pool_blend_1.00,200,10,0.5306716572431732,0.002425236235375716,False
spatial.json,pool_metric,200,10,0.6292067893757244,0.018583622339603856,False
stage2_audit.json,EXP010,5,10,0.5524282512915606,0.05953945456097259,False
stage2_audit.json,pool,5,10,0.511426860607185,0.03127486021605067,False
stage2_audit.json,pool_cc0,5,10,0.5922233486816821,0.018026309613625374,False
stage2_audit.json,pool_cc0_grid,5,10,0.6195561967217509,0.0215047512019133,False
stage2_audit.json,pool_cc1,5,10,0.5913310201577954,0.008850726937928701,False
stage2_audit.json,pool_cc1_grid,5,10,0.608805552709307,0.009815091351842949,False
stage2_audit.json,pool_cc2,5,10,0.5943013163098368,0.007226481522007748,False
stage2_audit.json,pool_cc2_grid,5,10,0.6031346588765613,0.010482611246468454,False
stage2_audit.json,pool_grid,5,10,0.5338444119457997,0.03467642200677015,False
stage2_audit.json,pool_knn,5,10,0.5398300598317296,0.03995974509198207,False
stage2_audit.json,raw,5,10,0.5369408820385431,0.03708811370630893,False
stage2_audit.json,raw_cc0,5,10,0.6007830315422847,0.02391432257602247,False
stage2_audit.json,raw_cc0_grid,5,10,0.6231014049792963,0.025421529068984733,False
stage2_audit.json,raw_cc1,5,10,0.606203290246733,0.013419852131640313,False
stage2_audit.json,raw_cc1_grid,5,10,0.6239057283588275,0.01428653501882069,False
stage2_audit.json,raw_cc2,5,10,0.5992326285880425,0.010170260592235206,False
stage2_audit.json,raw_cc2_grid,5,10,0.6077829678305828,0.01319911823905298,False
stage2_audit.json,raw_grid,5,10,0.5540610524373493,0.03922248859836502,False
stage2_audit.json,raw_knn,5,10,0.5548264230214242,0.0400981856548064,False
stage2_audit.json,EXP010,25,10,0.6121741816869667,0.013057264399624555,False
stage2_audit.json,pool,25,10,0.6360282547202611,0.012913243166479484,False
stage2_audit.json,pool_cc0,25,10,0.6467072598273422,0.012067889752896932,False
stage2_audit.json,pool_cc0_grid,25,10,0.6722769347301261,0.012295839623512675,False
stage2_audit.json,pool_cc1,25,10,0.6566182833662714,0.012091651156686159,False
stage2_audit.json,pool_cc1_grid,25,10,0.6809509850240966,0.010790643582920822,False
stage2_audit.json,pool_cc2,25,10,0.6541532788234571,0.013022662960038251,False
stage2_audit.json,pool_cc2_grid,25,10,0.6749157430963711,0.01294825537124145,False
stage2_audit.json,pool_grid,25,10,0.6628509383879614,0.01349326478744512,False
stage2_audit.json,pool_knn,25,10,0.6679640075053587,0.012806277777793295,False
stage2_audit.json,raw,25,10,0.638898623982986,0.016984719002679022,False
stage2_audit.json,raw_cc0,25,10,0.6441530880263978,0.015735560455615406,False
stage2_audit.json,raw_cc0_grid,25,10,0.6668553459764716,0.015341212288319885,False
stage2_audit.json,raw_cc1,25,10,0.651124783924714,0.013095275805447835,False
stage2_audit.json,raw_cc1_grid,25,10,0.6729759558454897,0.012841617364117361,False
stage2_audit.json,raw_cc2,25,10,0.6503367634281366,0.012138441299145207,False
stage2_audit.json,raw_cc2_grid,25,10,0.668614673868696,0.012201672789472293,False
stage2_audit.json,raw_grid,25,10,0.6615864736682863,0.016662961479686107,False
stage2_audit.json,raw_knn,25,10,0.664676011058363,0.015333130731401096,False
stage2_audit.json,EXP010,50,10,0.6172730111272244,0.007838735449785847,False
stage2_audit.json,pool,50,10,0.6530350474674218,0.006069491367631568,False
stage2_audit.json,pool_cc0,50,10,0.6574938780094433,0.005921301860815706,False
stage2_audit.json,pool_cc0_grid,50,10,0.6838628077064566,0.006094943322440113,False
stage2_audit.json,pool_cc1,50,10,0.6629479877770642,0.006283603804775927,False
stage2_audit.json,pool_cc1_grid,50,10,0.6892131406455209,0.0065260247702626645,False
stage2_audit.json,pool_cc2,50,10,0.6618038162617981,0.006042499859167615,False
stage2_audit.json,pool_cc2_grid,50,10,0.6852395512291453,0.006410593115257046,False
stage2_audit.json,pool_grid,50,10,0.6798303580819713,0.006393836875168357,False
stage2_audit.json,pool_knn,50,10,0.683541426538136,0.008668099127821292,False
stage2_audit.json,raw,50,10,0.6542319876824856,0.01086119327490589,False
stage2_audit.json,raw_cc0,50,10,0.6564035412609536,0.010639668438432729,False
stage2_audit.json,raw_cc0_grid,50,10,0.6791328867243309,0.012462131778335718,False
stage2_audit.json,raw_cc1,50,10,0.660042317352317,0.010419470575815893,False
stage2_audit.json,raw_cc1_grid,50,10,0.6825039577196698,0.010932953375504276,False
stage2_audit.json,raw_cc2,50,10,0.658859049418869,0.010038550897299228,False
stage2_audit.json,raw_cc2_grid,50,10,0.6791473340902249,0.011009934491386502,False
stage2_audit.json,raw_grid,50,10,0.6771282319098791,0.01217059797285153,False
stage2_audit.json,raw_knn,50,10,0.6823248077564034,0.012702441108581965,False
stage2_audit.json,EXP010,100,10,0.6195128242719973,0.004769562795261893,False
stage2_audit.json,pool,100,10,0.6801688428074346,0.0049024149258543905,False
stage2_audit.json,pool_cc0,100,10,0.6811441889250095,0.004564264945664152,False
stage2_audit.json,pool_cc0_grid,100,10,0.707389822939629,0.004711267530054405,False
stage2_audit.json,pool_cc1,100,10,0.682859414555198,0.004692131088167017,False
stage2_audit.json,pool_cc1_grid,100,10,0.7096972952744086,0.004134988206456277,False
stage2_audit.json,pool_cc2,100,10,0.6822352321030017,0.0045890637782524555,False
stage2_audit.json,pool_cc2_grid,100,10,0.7073855994039089,0.0034135077849770973,False
stage2_audit.json,pool_grid,100,10,0.7062972923441698,0.004822782343760009,False
stage2_audit.json,pool_knn,100,10,0.7072888307859858,0.005938976776890836,False
stage2_audit.json,raw,100,10,0.6734230501073231,0.006460030257336748,False
stage2_audit.json,raw_cc0,100,10,0.6738359304239251,0.006137202899078988,False
stage2_audit.json,raw_cc0_grid,100,10,0.6989126542202933,0.007257680724947105,False
stage2_audit.json,raw_cc1,100,10,0.6753778200788192,0.005910164165039226,False
stage2_audit.json,raw_cc1_grid,100,10,0.7000903548343252,0.006942710933936799,False
stage2_audit.json,raw_cc2,100,10,0.6745108485066601,0.006230657860384326,False
stage2_audit.json,raw_cc2_grid,100,10,0.6982234078115901,0.007088758984872709,False
stage2_audit.json,raw_grid,100,10,0.6984136767978277,0.007529311844126714,False
stage2_audit.json,raw_knn,100,10,0.7018778568187909,0.007380947480194265,False
stage2_audit.json,EXP010,200,10,0.6239824550341563,0.003646326006963635,False
stage2_audit.json,pool,200,10,0.6949226001150491,0.00413739817598706,False
stage2_audit.json,pool_cc0,200,10,0.6956453561351463,0.0038761981090154525,False
stage2_audit.json,pool_cc0_grid,200,10,0.7223065440900782,0.0061061361048875195,False
stage2_audit.json,pool_cc1,200,10,0.6965497912474252,0.004112723276619897,False
stage2_audit.json,pool_cc1_grid,200,10,0.7235622827319839,0.006085564099417231,False
stage2_audit.json,pool_cc2,200,10,0.6962866084660811,0.003974305055066753,False
stage2_audit.json,pool_cc2_grid,200,10,0.7226060185367518,0.006196300637175019,False
stage2_audit.json,pool_grid,200,10,0.7220993319906244,0.006255409528325848,False
stage2_audit.json,pool_knn,200,10,0.7226156106805931,0.007058324259328295,False
stage2_audit.json,raw,200,10,0.6897290842071313,0.004702825756916714,False
stage2_audit.json,raw_cc0,200,10,0.6898414136152529,0.0046935795930378235,False
stage2_audit.json,raw_cc0_grid,200,10,0.7152380867886619,0.005224206571057883,False
stage2_audit.json,raw_cc1,200,10,0.690406603342352,0.0046275707590465905,False
stage2_audit.json,raw_cc1_grid,200,10,0.7158934408956996,0.005151926908687963,False
stage2_audit.json,raw_cc2,200,10,0.6901313064735424,0.004502069158104801,False
stage2_audit.json,raw_cc2_grid,200,10,0.7151540443078795,0.00516877976669649,False
stage2_audit.json,raw_grid,200,10,0.7152742627850355,0.0052551120548114776,False
stage2_audit.json,raw_knn,200,10,0.7191926670186808,0.006286531768048763,False
stage2_audit_repeat.json,EXP010,5,10,0.5524282512915606,0.05953945456097259,True
stage2_audit_repeat.json,pool,5,10,0.511426860607185,0.03127486021605067,True
stage2_audit_repeat.json,pool_cc0,5,10,0.5922233486816821,0.018026309613625374,True
stage2_audit_repeat.json,pool_cc0_grid,5,10,0.6195561967217509,0.0215047512019133,True
stage2_audit_repeat.json,pool_cc1,5,10,0.5913310201577954,0.008850726937928701,True
stage2_audit_repeat.json,pool_cc1_grid,5,10,0.608805552709307,0.009815091351842949,True
stage2_audit_repeat.json,pool_cc2,5,10,0.5943013163098368,0.007226481522007748,True
stage2_audit_repeat.json,pool_cc2_grid,5,10,0.6031346588765613,0.010482611246468454,True
stage2_audit_repeat.json,pool_grid,5,10,0.5338444119457997,0.03467642200677015,True
stage2_audit_repeat.json,pool_knn,5,10,0.5398300598317296,0.03995974509198207,True
stage2_audit_repeat.json,raw,5,10,0.5369408820385431,0.03708811370630893,True
stage2_audit_repeat.json,raw_cc0,5,10,0.6007830315422847,0.02391432257602247,True
stage2_audit_repeat.json,raw_cc0_grid,5,10,0.6231014049792963,0.025421529068984733,True
stage2_audit_repeat.json,raw_cc1,5,10,0.606203290246733,0.013419852131640313,True
stage2_audit_repeat.json,raw_cc1_grid,5,10,0.6239057283588275,0.01428653501882069,True
stage2_audit_repeat.json,raw_cc2,5,10,0.5992326285880425,0.010170260592235206,True
stage2_audit_repeat.json,raw_cc2_grid,5,10,0.6077829678305828,0.01319911823905298,True
stage2_audit_repeat.json,raw_grid,5,10,0.5540610524373493,0.03922248859836502,True
stage2_audit_repeat.json,raw_knn,5,10,0.5548264230214242,0.0400981856548064,True
stage2_audit_repeat.json,EXP010,25,10,0.6121741816869667,0.013057264399624555,True
stage2_audit_repeat.json,pool,25,10,0.6360282547202611,0.012913243166479484,True
stage2_audit_repeat.json,pool_cc0,25,10,0.6467072598273422,0.012067889752896932,True
stage2_audit_repeat.json,pool_cc0_grid,25,10,0.6722769347301261,0.012295839623512675,True
stage2_audit_repeat.json,pool_cc1,25,10,0.6566182833662714,0.012091651156686159,True
stage2_audit_repeat.json,pool_cc1_grid,25,10,0.6809509850240966,0.010790643582920822,True
stage2_audit_repeat.json,pool_cc2,25,10,0.6541532788234571,0.013022662960038251,True
stage2_audit_repeat.json,pool_cc2_grid,25,10,0.6749157430963711,0.01294825537124145,True
stage2_audit_repeat.json,pool_grid,25,10,0.6628509383879614,0.01349326478744512,True
stage2_audit_repeat.json,pool_knn,25,10,0.6679640075053587,0.012806277777793295,True
stage2_audit_repeat.json,raw,25,10,0.638898623982986,0.016984719002679022,True
stage2_audit_repeat.json,raw_cc0,25,10,0.6441530880263978,0.015735560455615406,True
stage2_audit_repeat.json,raw_cc0_grid,25,10,0.6668553459764716,0.015341212288319885,True
stage2_audit_repeat.json,raw_cc1,25,10,0.651124783924714,0.013095275805447835,True
stage2_audit_repeat.json,raw_cc1_grid,25,10,0.6729759558454897,0.012841617364117361,True
stage2_audit_repeat.json,raw_cc2,25,10,0.6503367634281366,0.012138441299145207,True
stage2_audit_repeat.json,raw_cc2_grid,25,10,0.668614673868696,0.012201672789472293,True
stage2_audit_repeat.json,raw_grid,25,10,0.6615864736682863,0.016662961479686107,True
stage2_audit_repeat.json,raw_knn,25,10,0.664676011058363,0.015333130731401096,True
stage2_audit_repeat.json,EXP010,50,10,0.6172730111272244,0.007838735449785847,True
stage2_audit_repeat.json,pool,50,10,0.6530350474674218,0.006069491367631568,True
stage2_audit_repeat.json,pool_cc0,50,10,0.6574938780094433,0.005921301860815706,True
stage2_audit_repeat.json,pool_cc0_grid,50,10,0.6838628077064566,0.006094943322440113,True
stage2_audit_repeat.json,pool_cc1,50,10,0.6629479877770642,0.006283603804775927,True
stage2_audit_repeat.json,pool_cc1_grid,50,10,0.6892131406455209,0.0065260247702626645,True
stage2_audit_repeat.json,pool_cc2,50,10,0.6618038162617981,0.006042499859167615,True
stage2_audit_repeat.json,pool_cc2_grid,50,10,0.6852395512291453,0.006410593115257046,True
stage2_audit_repeat.json,pool_grid,50,10,0.6798303580819713,0.006393836875168357,True
stage2_audit_repeat.json,pool_knn,50,10,0.683541426538136,0.008668099127821292,True
stage2_audit_repeat.json,raw,50,10,0.6542319876824856,0.01086119327490589,True
stage2_audit_repeat.json,raw_cc0,50,10,0.6564035412609536,0.010639668438432729,True
stage2_audit_repeat.json,raw_cc0_grid,50,10,0.6791328867243309,0.012462131778335718,True
stage2_audit_repeat.json,raw_cc1,50,10,0.660042317352317,0.010419470575815893,True
stage2_audit_repeat.json,raw_cc1_grid,50,10,0.6825039577196698,0.010932953375504276,True
stage2_audit_repeat.json,raw_cc2,50,10,0.658859049418869,0.010038550897299228,True
stage2_audit_repeat.json,raw_cc2_grid,50,10,0.6791473340902249,0.011009934491386502,True
stage2_audit_repeat.json,raw_grid,50,10,0.6771282319098791,0.01217059797285153,True
stage2_audit_repeat.json,raw_knn,50,10,0.6823248077564034,0.012702441108581965,True
stage2_audit_repeat.json,EXP010,100,10,0.6195128242719973,0.004769562795261893,True
stage2_audit_repeat.json,pool,100,10,0.6801688428074346,0.0049024149258543905,True
stage2_audit_repeat.json,pool_cc0,100,10,0.6811441889250095,0.004564264945664152,True
stage2_audit_repeat.json,pool_cc0_grid,100,10,0.707389822939629,0.004711267530054405,True
stage2_audit_repeat.json,pool_cc1,100,10,0.682859414555198,0.004692131088167017,True
stage2_audit_repeat.json,pool_cc1_grid,100,10,0.7096972952744086,0.004134988206456277,True
stage2_audit_repeat.json,pool_cc2,100,10,0.6822352321030017,0.0045890637782524555,True
stage2_audit_repeat.json,pool_cc2_grid,100,10,0.7073855994039089,0.0034135077849770973,True
stage2_audit_repeat.json,pool_grid,100,10,0.7062972923441698,0.004822782343760009,True
stage2_audit_repeat.json,pool_knn,100,10,0.7072888307859858,0.005938976776890836,True
stage2_audit_repeat.json,raw,100,10,0.6734230501073231,0.006460030257336748,True
stage2_audit_repeat.json,raw_cc0,100,10,0.6738359304239251,0.006137202899078988,True
stage2_audit_repeat.json,raw_cc0_grid,100,10,0.6989126542202933,0.007257680724947105,True
stage2_audit_repeat.json,raw_cc1,100,10,0.6753778200788192,0.005910164165039226,True
stage2_audit_repeat.json,raw_cc1_grid,100,10,0.7000903548343252,0.006942710933936799,True
stage2_audit_repeat.json,raw_cc2,100,10,0.6745108485066601,0.006230657860384326,True
stage2_audit_repeat.json,raw_cc2_grid,100,10,0.6982234078115901,0.007088758984872709,True
stage2_audit_repeat.json,raw_grid,100,10,0.6984136767978277,0.007529311844126714,True
stage2_audit_repeat.json,raw_knn,100,10,0.7018778568187909,0.007380947480194265,True
stage2_audit_repeat.json,EXP010,200,10,0.6239824550341563,0.003646326006963635,True
stage2_audit_repeat.json,pool,200,10,0.6949226001150491,0.00413739817598706,True
stage2_audit_repeat.json,pool_cc0,200,10,0.6956453561351463,0.0038761981090154525,True
stage2_audit_repeat.json,pool_cc0_grid,200,10,0.7223065440900782,0.0061061361048875195,True
stage2_audit_repeat.json,pool_cc1,200,10,0.6965497912474252,0.004112723276619897,True
stage2_audit_repeat.json,pool_cc1_grid,200,10,0.7235622827319839,0.006085564099417231,True
stage2_audit_repeat.json,pool_cc2,200,10,0.6962866084660811,0.003974305055066753,True
stage2_audit_repeat.json,pool_cc2_grid,200,10,0.7226060185367518,0.006196300637175019,True
stage2_audit_repeat.json,pool_grid,200,10,0.7220993319906244,0.006255409528325848,True
stage2_audit_repeat.json,pool_knn,200,10,0.7226156106805931,0.007058324259328295,True
stage2_audit_repeat.json,raw,200,10,0.6897290842071313,0.004702825756916714,True
stage2_audit_repeat.json,raw_cc0,200,10,0.6898414136152529,0.0046935795930378235,True
stage2_audit_repeat.json,raw_cc0_grid,200,10,0.7152380867886619,0.005224206571057883,True
stage2_audit_repeat.json,raw_cc1,200,10,0.690406603342352,0.0046275707590465905,True
stage2_audit_repeat.json,raw_cc1_grid,200,10,0.7158934408956996,0.005151926908687963,True
stage2_audit_repeat.json,raw_cc2,200,10,0.6901313064735424,0.004502069158104801,True
stage2_audit_repeat.json,raw_cc2_grid,200,10,0.7151540443078795,0.00516877976669649,True
stage2_audit_repeat.json,raw_grid,200,10,0.7152742627850355,0.0052551120548114776,True
stage2_audit_repeat.json,raw_knn,200,10,0.7191926670186808,0.006286531768048763,True
stage2_fresh.json,EXP010,5,10,0.5761192378643889,0.05166985822228448,False
stage2_fresh.json,pool,5,10,0.5184997074089909,0.04196590226477174,False
stage2_fresh.json,pool_cc0,5,10,0.591900175397809,0.01958838857340718,False
stage2_fresh.json,pool_cc0_grid,5,10,0.6161488041738388,0.022147915193442686,False
stage2_fresh.json,pool_cc1,5,10,0.5990591212576695,0.01192589688436089,False
stage2_fresh.json,pool_cc1_grid,5,10,0.6152278448509871,0.013532609264864319,False
stage2_fresh.json,pool_cc2,5,10,0.6014596786242185,0.006481328459732238,False
stage2_fresh.json,pool_cc2_grid,5,10,0.6128953941381652,0.007718898637505764,False
stage2_fresh.json,pool_grid,5,10,0.5440968571105798,0.04390180430248476,False
stage2_fresh.json,pool_knn,5,10,0.5489103501521027,0.043318388113398595,False
stage2_fresh.json,raw,5,10,0.553749111029985,0.03786335973176316,False
stage2_fresh.json,raw_cc0,5,10,0.5993784378223587,0.018475905930760695,False
stage2_fresh.json,raw_cc0_grid,5,10,0.6195089824725896,0.020376365192297918,False
stage2_fresh.json,raw_cc1,5,10,0.6144661024456767,0.013742689494827109,False
stage2_fresh.json,raw_cc1_grid,5,10,0.631423811354155,0.013773835534874301,False
stage2_fresh.json,raw_cc2,5,10,0.6071476554001514,0.008753184859716795,False
stage2_fresh.json,raw_cc2_grid,5,10,0.6169167888442466,0.011245866854123366,False
stage2_fresh.json,raw_grid,5,10,0.5706221254688548,0.03893929030299452,False
stage2_fresh.json,raw_knn,5,10,0.572743753305362,0.03930955374942296,False
stage2_fresh.json,EXP010,25,10,0.6129325955788264,0.012630836656367292,False
stage2_fresh.json,pool,25,10,0.6269561583874548,0.01267594398979896,False
stage2_fresh.json,pool_cc0,25,10,0.6388324834501441,0.012398379392832821,False
stage2_fresh.json,pool_cc0_grid,25,10,0.6617435475837793,0.011626281021107803,False
stage2_fresh.json,pool_cc1,25,10,0.6528738174615454,0.010615462605495642,False
stage2_fresh.json,pool_cc1_grid,25,10,0.676071126858577,0.010975954304061822,False
stage2_fresh.json,pool_cc2,25,10,0.6510598946937158,0.012108890635396186,False
stage2_fresh.json,pool_cc2_grid,25,10,0.6689724266039233,0.011592333845468353,False
stage2_fresh.json,pool_grid,25,10,0.6528369071919207,0.013663060557209674,False
stage2_fresh.json,pool_knn,25,10,0.656019332960503,0.014580409728185126,False
stage2_fresh.json,raw,25,10,0.6281141831634048,0.017786451809410676,False
stage2_fresh.json,raw_cc0,25,10,0.6343878681171137,0.016042240307682025,False
stage2_fresh.json,raw_cc0_grid,25,10,0.6541396155823487,0.0162483651568026,False
stage2_fresh.json,raw_cc1,25,10,0.6460606556612656,0.012989664270969923,False
stage2_fresh.json,raw_cc1_grid,25,10,0.6667838741713391,0.012966299177753172,False
stage2_fresh.json,raw_cc2,25,10,0.6445158640133958,0.013127890819614275,False
stage2_fresh.json,raw_cc2_grid,25,10,0.6615896794777785,0.0144467923352864,False
stage2_fresh.json,raw_grid,25,10,0.6478170171291812,0.018448511596379877,False
stage2_fresh.json,raw_knn,25,10,0.6519246447094516,0.019981478471106776,False
stage2_fresh.json,EXP010,50,10,0.6233820908422509,0.007430754999283032,False
stage2_fresh.json,pool,50,10,0.6534328345825429,0.011790393544606023,False
stage2_fresh.json,pool_cc0,50,10,0.6578414543795447,0.011651757066068824,False
stage2_fresh.json,pool_cc0_grid,50,10,0.6814706212689318,0.013567940264294023,False
stage2_fresh.json,pool_cc1,50,10,0.6631895316778932,0.009957515153714057,False
stage2_fresh.json,pool_cc1_grid,50,10,0.6868772521636476,0.01179401048481647,False
stage2_fresh.json,pool_cc2,50,10,0.6632294680465952,0.009638459128049007,False
stage2_fresh.json,pool_cc2_grid,50,10,0.6849460937403764,0.011543856054880066,False
stage2_fresh.json,pool_grid,50,10,0.6774841365460926,0.01394549658889286,False
stage2_fresh.json,pool_knn,50,10,0.6804168257506914,0.016079076607630225,False
stage2_fresh.json,raw,50,10,0.6523275034778984,0.009681227886592439,False
stage2_fresh.json,raw_cc0,50,10,0.6543998316779092,0.009500588566352672,False
stage2_fresh.json,raw_cc0_grid,50,10,0.6766174038676321,0.011221893320885596,False
stage2_fresh.json,raw_cc1,50,10,0.6575683366046203,0.00829336419465309,False
stage2_fresh.json,raw_cc1_grid,50,10,0.6802766002612662,0.00936606769836364,False
stage2_fresh.json,raw_cc2,50,10,0.6572830966977494,0.007384314948457538,False
stage2_fresh.json,raw_cc2_grid,50,10,0.6774349438525488,0.00972863839973618,False
stage2_fresh.json,raw_grid,50,10,0.6747849599931472,0.011746773444998242,False
stage2_fresh.json,raw_knn,50,10,0.6793209212501334,0.011849393836350879,False
stage2_fresh.json,EXP010,100,10,0.6257147025037003,0.0029869691989076416,False
stage2_fresh.json,pool,100,10,0.674450124249906,0.009835656384964434,False
stage2_fresh.json,pool_cc0,100,10,0.6759420481230165,0.009966655793008813,False
stage2_fresh.json,pool_cc0_grid,100,10,0.7023574691287535,0.01130048149819987,False
stage2_fresh.json,pool_cc1,100,10,0.6785023917502281,0.009509216922789367,False
stage2_fresh.json,pool_cc1_grid,100,10,0.7047078239117606,0.010464546113214722,False
stage2_fresh.json,pool_cc2,100,10,0.678169689699286,0.009236388351497494,False
stage2_fresh.json,pool_cc2_grid,100,10,0.70315061315753,0.010595720844923804,False
stage2_fresh.json,pool_grid,100,10,0.7010077362920365,0.011437660855971572,False
stage2_fresh.json,pool_knn,100,10,0.7030670061368663,0.012144319235067955,False
stage2_fresh.json,raw,100,10,0.6686694056788209,0.009582998745522472,False
stage2_fresh.json,raw_cc0,100,10,0.6694399982084603,0.009309242044664316,False
stage2_fresh.json,raw_cc0_grid,100,10,0.6929574736095485,0.011722392280712991,False
stage2_fresh.json,raw_cc1,100,10,0.670729904971428,0.00898362408395752,False
stage2_fresh.json,raw_cc1_grid,100,10,0.6943633679395718,0.011260717807439978,False
stage2_fresh.json,raw_cc2,100,10,0.6702618634048902,0.009185063934219362,False
stage2_fresh.json,raw_cc2_grid,100,10,0.6931194776444503,0.011231261652419628,False
stage2_fresh.json,raw_grid,100,10,0.6923664826606791,0.011940960386080123,False
stage2_fresh.json,raw_knn,100,10,0.6976871228842029,0.012794636268857735,False
stage2_fresh.json,EXP010,200,10,0.6245637453426199,0.0025575005220133335,False
stage2_fresh.json,pool,200,10,0.6918881066778886,0.006297169138305567,False
stage2_fresh.json,pool_cc0,200,10,0.6923147506276629,0.006231258898936218,False
stage2_fresh.json,pool_cc0_grid,200,10,0.7208915412520718,0.0075360147478554735,False
stage2_fresh.json,pool_cc1,200,10,0.6931554532242901,0.006073127643820158,False
stage2_fresh.json,pool_cc1_grid,200,10,0.7214520398049429,0.00721620665780473,False
stage2_fresh.json,pool_cc2,200,10,0.6930467079422915,0.005941343356082904,False
stage2_fresh.json,pool_cc2_grid,200,10,0.7205660391517943,0.007128908579954229,False
stage2_fresh.json,pool_grid,200,10,0.720352357409312,0.007516038224957542,False
stage2_fresh.json,pool_knn,200,10,0.7207706035696473,0.007261845145359807,False
stage2_fresh.json,raw,200,10,0.6852594032501742,0.007846242499054804,False
stage2_fresh.json,raw_cc0,200,10,0.6852359549252112,0.007971918968101685,False
stage2_fresh.json,raw_cc0_grid,200,10,0.7110656726064937,0.008414602043648101,False
stage2_fresh.json,raw_cc1,200,10,0.6858073838408949,0.007798190381595442,False
stage2_fresh.json,raw_cc1_grid,200,10,0.7115070886084486,0.008589566716260176,False
stage2_fresh.json,raw_cc2,200,10,0.6855643155159734,0.0076814505239868255,False
stage2_fresh.json,raw_cc2_grid,200,10,0.7108560156455723,0.008153339259090292,False
stage2_fresh.json,raw_grid,200,10,0.7111100108125824,0.00845368070262093,False
stage2_fresh.json,raw_knn,200,10,0.7164142065109231,0.009036039322298208,False
stage2_spatial.json,EXP010,5,10,0.5333871278784705,0.04207969393477694,False
stage2_spatial.json,pool,5,10,0.46141732877889263,0.03041719962586465,False
stage2_spatial.json,pool_cc0,5,10,0.5886704055549415,0.02387159678983513,False
stage2_spatial.json,pool_cc0_grid,5,10,0.6125241305925629,0.02742891416571601,False
stage2_spatial.json,pool_cc1,5,10,0.5852214856285002,0.010252033441355793,False
stage2_spatial.json,pool_cc1_grid,5,10,0.601736157018177,0.015065278508131764,False
stage2_spatial.json,pool_cc2,5,10,0.5916575064135277,0.014139928521203408,False
stage2_spatial.json,pool_cc2_grid,5,10,0.600094084053118,0.018344242789356483,False
stage2_spatial.json,pool_grid,5,10,0.4802528913759215,0.032676900191154344,False
stage2_spatial.json,pool_knn,5,10,0.485405825882515,0.037943076653089935,False
stage2_spatial.json,raw,5,10,0.5027366350704255,0.04207575909143649,False
stage2_spatial.json,raw_cc0,5,10,0.5875975400254712,0.02951509520687369,False
stage2_spatial.json,raw_cc0_grid,5,10,0.6084225390503943,0.03369449934071437,False
stage2_spatial.json,raw_cc1,5,10,0.5971889847891207,0.014654671109237714,False
stage2_spatial.json,raw_cc1_grid,5,10,0.6120289946579357,0.018293891129744062,False
stage2_spatial.json,raw_cc2,5,10,0.5906144026212626,0.015509879232794484,False
stage2_spatial.json,raw_cc2_grid,5,10,0.5965321523529092,0.019610958035880404,False
stage2_spatial.json,raw_grid,5,10,0.5143229672658807,0.04513200410086042,False
stage2_spatial.json,raw_knn,5,10,0.5106777293645668,0.0508718315476689,False
stage2_spatial.json,EXP010,25,10,0.584137954431083,0.05033100559327009,False
stage2_spatial.json,pool,25,10,0.6067307977504388,0.023458113344129037,False
stage2_spatial.json,pool_cc0,25,10,0.6251217596164546,0.021309888522874198,False
stage2_spatial.json,pool_cc0_grid,25,10,0.6469300543068146,0.024939768632756893,False
stage2_spatial.json,pool_cc1,25,10,0.6409547722153526,0.01912283548626303,False
stage2_spatial.json,pool_cc1_grid,25,10,0.6631525125295039,0.02242263888069282,False
stage2_spatial.json,pool_cc2,25,10,0.6390679017422338,0.029468246308512764,False
stage2_spatial.json,pool_cc2_grid,25,10,0.6571119365696662,0.03594351980328588,False
stage2_spatial.json,pool_grid,25,10,0.6295560319265163,0.027329477022464823,False
stage2_spatial.json,pool_knn,25,10,0.6309061455116357,0.03109459974747535,False
stage2_spatial.json,raw,25,10,0.6196644216165721,0.021766249586633597,False
stage2_spatial.json,raw_cc0,25,10,0.6288669460427624,0.021484829549962454,False
stage2_spatial.json,raw_cc0_grid,25,10,0.6452436643460727,0.024982916646301354,False
stage2_spatial.json,raw_cc1,25,10,0.6405103891672848,0.018222043669270722,False
stage2_spatial.json,raw_cc1_grid,25,10,0.6574259281261774,0.022568282510349844,False
stage2_spatial.json,raw_cc2,25,10,0.6377782234294131,0.024590467808851352,False
stage2_spatial.json,raw_cc2_grid,25,10,0.650050304249693,0.030217182725856728,False
stage2_spatial.json,raw_grid,25,10,0.6357579679456048,0.025682638347470435,False
stage2_spatial.json,raw_knn,25,10,0.6342835176310814,0.028034806534914015,False
stage2_spatial.json,EXP010,50,10,0.6142436619958971,0.019323516385284567,False
stage2_spatial.json,pool,50,10,0.629900675224772,0.01847277209043515,False
stage2_spatial.json,pool_cc0,50,10,0.6379182697398308,0.01754456047180893,False
stage2_spatial.json,pool_cc0_grid,50,10,0.65834014877415,0.02153097813005748,False
stage2_spatial.json,pool_cc1,50,10,0.6461936089505386,0.0172262878506214,False
stage2_spatial.json,pool_cc1_grid,50,10,0.6685617785167443,0.020663773229700037,False
stage2_spatial.json,pool_cc2,50,10,0.6452005849296965,0.021861145289649213,False
stage2_spatial.json,pool_cc2_grid,50,10,0.6649211150308958,0.026204547415651473,False
stage2_spatial.json,pool_grid,50,10,0.6512836003103202,0.023424319585719805,False
stage2_spatial.json,pool_knn,50,10,0.6514968241604852,0.025761543694025564,False
stage2_spatial.json,raw,50,10,0.6289051980428513,0.024344565355341637,False
stage2_spatial.json,raw_cc0,50,10,0.6332244172181719,0.023414942507959276,False
stage2_spatial.json,raw_cc0_grid,50,10,0.6493924479238663,0.029556837354387765,False
stage2_spatial.json,raw_cc1,50,10,0.6394060069638092,0.02090564330263429,False
stage2_spatial.json,raw_cc1_grid,50,10,0.6567465425817189,0.025223231694019473,False
stage2_spatial.json,raw_cc2,50,10,0.6369664197594617,0.02420777623926808,False
stage2_spatial.json,raw_cc2_grid,50,10,0.6514693600945385,0.028966234854564777,False
stage2_spatial.json,raw_grid,50,10,0.645458897927434,0.030919293093077962,False
stage2_spatial.json,raw_knn,50,10,0.6428656295839217,0.034811993258177645,False
stage2_spatial.json,EXP010,100,10,0.6168095280861808,0.019544420070979188,False
stage2_spatial.json,pool,100,10,0.6449540860364429,0.01750440969783543,False
stage2_spatial.json,pool_cc0,100,10,0.6478268364814725,0.016749504046969572,False
stage2_spatial.json,pool_cc0_grid,100,10,0.6667999347079138,0.01894541580534704,False
stage2_spatial.json,pool_cc1,100,10,0.652089813963084,0.016548384683907243,False
stage2_spatial.json,pool_cc1_grid,100,10,0.6723468544255378,0.0190267426977508,False
stage2_spatial.json,pool_cc2,100,10,0.6517663456071825,0.018798067434693578,False
stage2_spatial.json,pool_cc2_grid,100,10,0.670046843930934,0.022700207911817646,False
stage2_spatial.json,pool_grid,100,10,0.6644773751211892,0.02023772565613166,False
stage2_spatial.json,pool_knn,100,10,0.6633026311659802,0.02122973698272808,False
stage2_spatial.json,raw,100,10,0.6409720476212734,0.01649556370177127,False
stage2_spatial.json,raw_cc0,100,10,0.6424322373867863,0.015954088962512682,False
stage2_spatial.json,raw_cc0_grid,100,10,0.6603387873035019,0.018699178374192525,False
stage2_spatial.json,raw_cc1,100,10,0.6446490533636314,0.015968204152388366,False
stage2_spatial.json,raw_cc1_grid,100,10,0.6633872951975487,0.018305779063416353,False
stage2_spatial.json,raw_cc2,100,10,0.6442337677050407,0.01731437555833578,False
stage2_spatial.json,raw_cc2_grid,100,10,0.6610888562268091,0.02099505088989726,False
stage2_spatial.json,raw_grid,100,10,0.6587506854720111,0.019456821244598323,False
stage2_spatial.json,raw_knn,100,10,0.6587092851448922,0.023710170043301268,False
stage2_spatial.json,EXP010,200,10,0.6177582858440491,0.019581005351072385,False
stage2_spatial.json,pool,200,10,0.6567375720882651,0.011453436633584207,False
stage2_spatial.json,pool_cc0,200,10,0.6577217978635453,0.01115372649058343,False
stage2_spatial.json,pool_cc0_grid,200,10,0.6773140474018882,0.012799769379136721,False
stage2_spatial.json,pool_cc1,200,10,0.6591099286617303,0.011415976897920446,False
stage2_spatial.json,pool_cc1_grid,200,10,0.6789224364389567,0.012633402907051611,False
stage2_spatial.json,pool_cc2,200,10,0.6591009895193409,0.012057771604427002,False
stage2_spatial.json,pool_cc2_grid,200,10,0.6786114430457604,0.014337098471293053,False
stage2_spatial.json,pool_grid,200,10,0.6765346501841947,0.012843976464607151,False
stage2_spatial.json,pool_knn,200,10,0.6714506876294133,0.012732092900513031,False
stage2_spatial.json,raw,200,10,0.6454047149662347,0.0061737072149865985,False
stage2_spatial.json,raw_cc0,200,10,0.6462288477811791,0.00629150919446372,False
stage2_spatial.json,raw_cc0_grid,200,10,0.6642048967754752,0.006071428906345641,False
stage2_spatial.json,raw_cc1,200,10,0.647279533525823,0.005880390798545303,False
stage2_spatial.json,raw_cc1_grid,200,10,0.6656481181338668,0.005925367715441932,False
stage2_spatial.json,raw_cc2,200,10,0.6469153908603493,0.005539953367679039,False
stage2_spatial.json,raw_cc2_grid,200,10,0.6644541595380582,0.006490588927168732,False
stage2_spatial.json,raw_grid,200,10,0.6634161676135879,0.00639147484713405,False
stage2_spatial.json,raw_knn,200,10,0.6636197049382615,0.008367422795723539,False
whitening_audit.json,rawunit,5,10,0.5336815822992624,0.0288153498068804,False
whitening_audit.json,rawunit_cc1,5,10,0.5973621865120038,0.010529497428579263,False
whitening_audit.json,rawunit_cc1_grid,5,10,0.6152748385317122,0.011072219303780483,False
whitening_audit.json,rawunit_cc1_knn,5,10,0.6133012642721086,0.01064321284427365,False
whitening_audit.json,rawunit_grid,5,10,0.5562608070036396,0.030266958582862543,False
whitening_audit.json,rawunit_knn,5,10,0.5603238970468267,0.03140851667100663,False
whitening_audit.json,standardized,5,10,0.5337356007577978,0.029317283744146994,False
whitening_audit.json,standardized_cc1,5,10,0.5960483292430211,0.0096977267722577,False
whitening_audit.json,standardized_cc1_grid,5,10,0.6144173952986579,0.011557187335574632,False
whitening_audit.json,standardized_cc1_knn,5,10,0.6113912935994203,0.01084294313883016,False
whitening_audit.json,standardized_grid,5,10,0.5569805038015707,0.030483364195051023,False
whitening_audit.json,standardized_knn,5,10,0.563058064032181,0.03143204093851844,False
whitening_audit.json,rawunit,25,10,0.6415194968315558,0.012200876353236181,False
whitening_audit.json,rawunit_cc1,25,10,0.6591098910736075,0.010492078407577297,False
whitening_audit.json,rawunit_cc1_grid,25,10,0.6837345824801196,0.010070750081316403,False
whitening_audit.json,rawunit_cc1_knn,25,10,0.6860994553253685,0.009276582179055018,False
whitening_audit.json,rawunit_grid,25,10,0.6690033384833691,0.011240349905779547,False
whitening_audit.json,rawunit_knn,25,10,0.6737309933072296,0.010155743261317417,False
whitening_audit.json,standardized,25,10,0.6378009658053225,0.011286306937918553,False
whitening_audit.json,standardized_cc1,25,10,0.6567063086114834,0.010281727340401094,False
whitening_audit.json,standardized_cc1_grid,25,10,0.681898481003215,0.008406333600598278,False
whitening_audit.json,standardized_cc1_knn,25,10,0.6836396346064352,0.008735805932868098,False
whitening_audit.json,standardized_grid,25,10,0.6648296410034493,0.009887301168034343,False
whitening_audit.json,standardized_knn,25,10,0.6697050743170928,0.008581820525873331,False
whitening_audit.json,rawunit,50,10,0.6604475247572259,0.01036694673519903,False
whitening_audit.json,rawunit_cc1,50,10,0.6697484302802351,0.009647971061434028,False
whitening_audit.json,rawunit_cc1_grid,50,10,0.6954804487119162,0.00856935697923651,False
whitening_audit.json,rawunit_cc1_knn,50,10,0.6952721529985575,0.01095178565207658,False
whitening_audit.json,rawunit_grid,50,10,0.6869668180997628,0.009229684311294206,False
whitening_audit.json,rawunit_knn,50,10,0.6878686987670384,0.010547330574273862,False
whitening_audit.json,standardized,50,10,0.6535589795018233,0.007540885682966631,False
whitening_audit.json,standardized_cc1,50,10,0.6651610817018444,0.006533197237292409,False
whitening_audit.json,standardized_cc1_grid,50,10,0.6904080395405842,0.007007177978862824,False
whitening_audit.json,standardized_cc1_knn,50,10,0.6929938817730725,0.007961640300346302,False
whitening_audit.json,standardized_grid,50,10,0.6796885610341412,0.008274623637189544,False
whitening_audit.json,standardized_knn,50,10,0.683425930995945,0.009171450682830113,False
whitening_audit.json,rawunit,100,10,0.6784490153581654,0.008206824560452738,False
whitening_audit.json,rawunit_cc1,100,10,0.6829907743765585,0.0076265598660602615,False
whitening_audit.json,rawunit_cc1_grid,100,10,0.709320923101125,0.007501117052062241,False
whitening_audit.json,rawunit_cc1_knn,100,10,0.7088182072524039,0.009630766841289053,False
whitening_audit.json,rawunit_grid,100,10,0.7061065358835508,0.00865001201606683,False
whitening_audit.json,rawunit_knn,100,10,0.7052181489993673,0.01065950204862467,False
whitening_audit.json,standardized,100,10,0.676671717195777,0.005677625435722917,False
whitening_audit.json,standardized_cc1,100,10,0.6814975582617974,0.005327317064492665,False
whitening_audit.json,standardized_cc1_grid,100,10,0.7082583148591034,0.005047953902134165,False
whitening_audit.json,standardized_cc1_knn,100,10,0.7085180849618226,0.0062994575213722115,False
whitening_audit.json,standardized_grid,100,10,0.704956867064715,0.005561426632712634,False
whitening_audit.json,standardized_knn,100,10,0.7041408694570862,0.006980292832012309,False
whitening_audit.json,rawunit,200,10,0.6928135378372555,0.005540168469567636,False
whitening_audit.json,rawunit_cc1,200,10,0.6946443730098499,0.005440524627269249,False
whitening_audit.json,rawunit_cc1_grid,200,10,0.72469501568953,0.00742703397404668,False
whitening_audit.json,rawunit_cc1_knn,200,10,0.7244620611840913,0.007546155378361614,False
whitening_audit.json,rawunit_grid,200,10,0.7234226252779821,0.007639352394226082,False
whitening_audit.json,rawunit_knn,200,10,0.7235620213158935,0.0078610069258369,False
whitening_audit.json,standardized,200,10,0.6916620680289295,0.006589052850026699,False
whitening_audit.json,standardized_cc1,200,10,0.6936149211093703,0.006493688350292132,False
whitening_audit.json,standardized_cc1_grid,200,10,0.7221795128852125,0.008130634684483802,False
whitening_audit.json,standardized_cc1_knn,200,10,0.7228190455206859,0.007837375385041877,False
whitening_audit.json,standardized_grid,200,10,0.7207708732330598,0.008428903996299558,False
whitening_audit.json,standardized_knn,200,10,0.7214006687781855,0.008046912124292021,False
